"country","iso3","year","population","life_expectancy","fertility"
"Afghanistan","AFG",1960,9035043,32.799,7.282
"Afghanistan","AFG",1961,9214083,33.291,7.284
"Afghanistan","AFG",1962,9404406,33.757,7.292
"Afghanistan","AFG",1963,9604487,34.201,7.302
"Afghanistan","AFG",1964,9814318,34.673,7.304
"Afghanistan","AFG",1965,10036008,35.124,7.305
"Afghanistan","AFG",1966,10266395,35.583,7.32
"Afghanistan","AFG",1967,10505959,36.042,7.339
"Afghanistan","AFG",1968,10756922,36.51,7.363
"Afghanistan","AFG",1969,11017409,36.979,7.389
"Afghanistan","AFG",1970,11290128,37.46,7.4
"Afghanistan","AFG",1971,11567667,37.932,7.432
"Afghanistan","AFG",1972,11853696,38.423,7.453
"Afghanistan","AFG",1973,12157999,38.951,7.487
"Afghanistan","AFG",1974,12469127,39.469,7.526
"Afghanistan","AFG",1975,12773954,39.994,7.542
"Afghanistan","AFG",1976,13059851,40.518,7.561
"Afghanistan","AFG",1977,13340756,41.082,7.591
"Afghanistan","AFG",1978,13611441,40.086,7.599
"Afghanistan","AFG",1979,13655567,38.844,7.612
"Afghanistan","AFG",1980,13169311,39.258,7.643
"Afghanistan","AFG",1981,11937581,39.406,7.617
"Afghanistan","AFG",1982,10991378,36.058,7.6
"Afghanistan","AFG",1983,10917982,36.517,7.57
"Afghanistan","AFG",1984,11190221,31.473,7.554
"Afghanistan","AFG",1985,11426852,32.132,7.55
"Afghanistan","AFG",1986,11420074,38.4,7.553
"Afghanistan","AFG",1987,11387818,38.831,7.548
"Afghanistan","AFG",1988,11523298,43.238,7.551
"Afghanistan","AFG",1989,11874088,44.496,7.559
"Afghanistan","AFG",1990,12045660,45.118,7.576
"Afghanistan","AFG",1991,12238879,45.521,7.631
"Afghanistan","AFG",1992,13278974,46.569,7.703
"Afghanistan","AFG",1993,14943172,51.021,7.761
"Afghanistan","AFG",1994,16250794,50.969,7.767
"Afghanistan","AFG",1995,17065836,52.103,7.767
"Afghanistan","AFG",1996,17763266,52.83,7.757
"Afghanistan","AFG",1997,18452091,53.212,7.732
"Afghanistan","AFG",1998,19159996,52.487,7.693
"Afghanistan","AFG",1999,19887785,54.532,7.641
"Afghanistan","AFG",2000,20130327,55.005,7.566
"Afghanistan","AFG",2001,20284307,55.511,7.453
"Afghanistan","AFG",2002,21378117,56.225,7.32
"Afghanistan","AFG",2003,22733049,57.171,7.174
"Afghanistan","AFG",2004,23560654,57.81,7.018
"Afghanistan","AFG",2005,24404567,58.247,6.858
"Afghanistan","AFG",2006,25424094,58.553,6.686
"Afghanistan","AFG",2007,25909852,58.956,6.508
"Afghanistan","AFG",2008,26482622,59.708,6.392
"Afghanistan","AFG",2009,27466101,60.248,6.295
"Afghanistan","AFG",2010,28284089,60.702,6.195
"Afghanistan","AFG",2011,29347708,61.25,6.094
"Afghanistan","AFG",2012,30560034,61.735,5.985
"Afghanistan","AFG",2013,31622704,62.188,5.879
"Afghanistan","AFG",2014,32792523,62.26,5.77
"Afghanistan","AFG",2015,33831764,62.27,5.652
"Afghanistan","AFG",2016,34700612,62.646,5.542
"Afghanistan","AFG",2017,35688935,62.406,5.433
"Afghanistan","AFG",2018,36743039,62.443,5.327
"Afghanistan","AFG",2019,37856121,62.941,5.238
"Afghanistan","AFG",2020,39068979,61.454,5.145
"Afghanistan","AFG",2021,40000412,60.417,5.039
"Afghanistan","AFG",2022,40578842,65.617,4.932
"Afghanistan","AFG",2023,41454761,66.035,4.84
"Albania","ALB",1960,1608800,56.413,6.383
"Albania","ALB",1961,1659800,57.488,6.273
"Albania","ALB",1962,1711319,58.494,6.106
"Albania","ALB",1963,1762621,59.479,5.927
"Albania","ALB",1964,1814135,60.404,5.714
"Albania","ALB",1965,1864791,61.273,5.474
"Albania","ALB",1966,1914573,62.149,5.325
"Albania","ALB",1967,1965598,62.976,5.31
"Albania","ALB",1968,2022272,63.788,5.317
"Albania","ALB",1969,2081695,64.538,5.287
"Albania","ALB",1970,2135479,65.234,5.158
"Albania","ALB",1971,2187853,65.896,5.083
"Albania","ALB",1972,2243126,66.526,4.979
"Albania","ALB",1973,2296752,67.107,4.829
"Albania","ALB",1974,2350124,67.633,4.7
"Albania","ALB",1975,2404831,68.12,4.566
"Albania","ALB",1976,2458526,68.57,4.374
"Albania","ALB",1977,2513546,68.992,4.204
"Albania","ALB",1978,2566266,69.367,3.996
"Albania","ALB",1979,2617832,69.617,3.782
"Albania","ALB",1980,2671997,69.903,3.59
"Albania","ALB",1981,2726056,70.145,3.468
"Albania","ALB",1982,2784278,70.425,3.416
"Albania","ALB",1983,2843960,70.705,3.319
"Albania","ALB",1984,2904429,70.984,3.282
"Albania","ALB",1985,2964762,71.282,3.214
"Albania","ALB",1986,3022635,71.665,3.141
"Albania","ALB",1987,3083605,71.981,3.106
"Albania","ALB",1988,3142336,72.217,3.069
"Albania","ALB",1989,3227943,72.457,3.03
"Albania","ALB",1990,3286542,72.71,3.014
"Albania","ALB",1991,3266790,73.001,2.956
"Albania","ALB",1992,3247039,73.303,2.885
"Albania","ALB",1993,3227287,73.638,2.811
"Albania","ALB",1994,3207536,73.837,2.798
"Albania","ALB",1995,3187784,74.022,2.762
"Albania","ALB",1996,3168033,74.113,2.666
"Albania","ALB",1997,3148281,73.383,2.535
"Albania","ALB",1998,3128530,74.357,2.425
"Albania","ALB",1999,3108778,74.568,2.313
"Albania","ALB",2000,3089027,74.826,2.217
"Albania","ALB",2001,3060173,75.083,2.141
"Albania","ALB",2002,3051010,75.299,2.002
"Albania","ALB",2003,3039616,75.557,2.006
"Albania","ALB",2004,3026939,75.951,1.889
"Albania","ALB",2005,3011487,76.427,1.787
"Albania","ALB",2006,2992547,76.994,1.686
"Albania","ALB",2007,2970017,77.691,1.633
"Albania","ALB",2008,2947314,78.248,1.616
"Albania","ALB",2009,2927519,78.509,1.638
"Albania","ALB",2010,2913021,78.414,1.653
"Albania","ALB",2011,2905195,78.303,1.677
"Albania","ALB",2012,2860708,78.084,1.719
"Albania","ALB",2013,2816902,77.995,1.741
"Albania","ALB",2014,2773767,78.029,1.721
"Albania","ALB",2015,2731293,78.358,1.631
"Albania","ALB",2016,2689469,78.643,1.555
"Albania","ALB",2017,2648285,78.9,1.486
"Albania","ALB",2018,2607733,79.238,1.415
"Albania","ALB",2019,2567801,79.467,1.395
"Albania","ALB",2020,2528480,77.824,1.371
"Albania","ALB",2021,2489762,76.844,1.365
"Albania","ALB",2022,2451636,78.769,1.355
"Albania","ALB",2023,2414095,79.602,1.348
"Algeria","DZA",1960,11424922,40.839,7.503
"Algeria","DZA",1961,11628883,40.792,7.564
"Algeria","DZA",1962,11800771,39.527,7.607
"Algeria","DZA",1963,11982118,43.143,7.649
"Algeria","DZA",1964,12179813,42.987,7.672
"Algeria","DZA",1965,12365976,42.846,7.711
"Algeria","DZA",1966,12590069,42.745,7.71
"Algeria","DZA",1967,12876118,42.731,7.712
"Algeria","DZA",1968,13172614,42.806,7.711
"Algeria","DZA",1969,13475960,42.991,7.709
"Algeria","DZA",1970,13783719,43.328,7.704
"Algeria","DZA",1971,14098936,43.782,7.671
"Algeria","DZA",1972,14427072,44.384,7.634
"Algeria","DZA",1973,14771147,45.102,7.592
"Algeria","DZA",1974,15133502,45.953,7.545
"Algeria","DZA",1975,15678596,46.921,7.485
"Algeria","DZA",1976,16409170,48.034,7.405
"Algeria","DZA",1977,17015994,49.249,7.312
"Algeria","DZA",1978,17506974,50.615,7.211
"Algeria","DZA",1979,18036655,52.409,7.119
"Algeria","DZA",1980,18607174,54.512,6.994
"Algeria","DZA",1981,19220704,57.422,6.845
"Algeria","DZA",1982,19872348,59.594,6.675
"Algeria","DZA",1983,20558115,61.251,6.496
"Algeria","DZA",1984,21271969,62.722,6.283
"Algeria","DZA",1985,22008544,64.155,6.035
"Algeria","DZA",1986,22745499,65.273,5.645
"Algeria","DZA",1987,23443624,66.13,5.298
"Algeria","DZA",1988,24109536,66.91,5.023
"Algeria","DZA",1989,24754485,67.461,4.761
"Algeria","DZA",1990,25375810,67.658,4.509
"Algeria","DZA",1991,25987928,67.692,4.366
"Algeria","DZA",1992,26628568,67.725,4.274
"Algeria","DZA",1993,27277048,67.797,4.076
"Algeria","DZA",1994,27887279,67.284,3.914
"Algeria","DZA",1995,28470191,67.691,3.487
"Algeria","DZA",1996,29033044,68.219,3.139
"Algeria","DZA",1997,29579301,68.859,2.886
"Algeria","DZA",1998,30054133,69.327,2.691
"Algeria","DZA",1999,30474354,70.088,2.62
"Algeria","DZA",2000,30903893,70.576,2.59
"Algeria","DZA",2001,31331221,71.025,2.519
"Algeria","DZA",2002,31750835,71.644,2.429
"Algeria","DZA",2003,32175818,71.906,2.451
"Algeria","DZA",2004,32628286,72.536,2.5
"Algeria","DZA",2005,33109249,72.836,2.562
"Algeria","DZA",2006,33623506,73.116,2.628
"Algeria","DZA",2007,34189416,73.346,2.704
"Algeria","DZA",2008,34816961,73.618,2.785
"Algeria","DZA",2009,35490445,73.871,2.825
"Algeria","DZA",2010,36188236,74.144,2.875
"Algeria","DZA",2011,36903376,74.383,2.899
"Algeria","DZA",2012,37646166,74.609,2.996
"Algeria","DZA",2013,38414171,74.809,2.997
"Algeria","DZA",2014,39205031,74.992,3.084
"Algeria","DZA",2015,40019529,75.159,3.091
"Algeria","DZA",2016,40850721,75.31,3.091
"Algeria","DZA",2017,41689299,75.431,3.09
"Algeria","DZA",2018,42505035,75.555,3.019
"Algeria","DZA",2019,43294546,75.682,2.997
"Algeria","DZA",2020,44042091,73.257,2.94
"Algeria","DZA",2021,44761099,75.208,2.87
"Algeria","DZA",2022,45477389,76.129,2.817
"Algeria","DZA",2023,46164219,76.261,2.766
"Angola","AGO",1960,5231654,37.933,6.708
"Angola","AGO",1961,5301583,36.902,6.79
"Angola","AGO",1962,5354310,37.168,6.872
"Angola","AGO",1963,5408320,37.419,6.954
"Angola","AGO",1964,5464187,37.704,7.036
"Angola","AGO",1965,5521981,37.968,7.116
"Angola","AGO",1966,5581386,38.258,7.194
"Angola","AGO",1967,5641807,38.616,7.267
"Angola","AGO",1968,5702699,38.968,7.332
"Angola","AGO",1969,5763685,39.329,7.388
"Angola","AGO",1970,5852788,39.688,7.434
"Angola","AGO",1971,5991102,40.076,7.467
"Angola","AGO",1972,6174262,40.469,7.488
"Angola","AGO",1973,6388528,40.871,7.498
"Angola","AGO",1974,6613367,41.26,7.5
"Angola","AGO",1975,6842947,40.817,7.494
"Angola","AGO",1976,7074664,40.812,7.485
"Angola","AGO",1977,7317829,41.215,7.475
"Angola","AGO",1978,7576734,41.573,7.467
"Angola","AGO",1979,7847207,41.913,7.461
"Angola","AGO",1980,8133872,42.242,7.459
"Angola","AGO",1981,8435607,42.556,7.459
"Angola","AGO",1982,8751648,42.857,7.461
"Angola","AGO",1983,9082983,41.972,7.462
"Angola","AGO",1984,9425917,42.245,7.459
"Angola","AGO",1985,9779120,42.495,7.451
"Angola","AGO",1986,10139450,42.739,7.435
"Angola","AGO",1987,10497858,40.786,7.409
"Angola","AGO",1988,10861291,41.471,7.373
"Angola","AGO",1989,11238562,41.698,7.328
"Angola","AGO",1990,11626360,41.854,7.272
"Angola","AGO",1991,12023529,43.812,7.208
"Angola","AGO",1992,12423712,42.267,7.138
"Angola","AGO",1993,12827135,42.19,7.065
"Angola","AGO",1994,13249764,43.567,6.99
"Angola","AGO",1995,13699778,46.139,6.918
"Angola","AGO",1996,14170973,46.418,6.851
"Angola","AGO",1997,14660413,46.688,6.789
"Angola","AGO",1998,15159370,45.452,6.732
"Angola","AGO",1999,15667235,45.808,6.683
"Angola","AGO",2000,16194869,46.501,6.639
"Angola","AGO",2001,16747208,47.032,6.601
"Angola","AGO",2002,17327699,47.874,6.567
"Angola","AGO",2003,17943712,50.218,6.533
"Angola","AGO",2004,18600423,51.123,6.499
"Angola","AGO",2005,19291161,52.13,6.461
"Angola","AGO",2006,20015279,52.965,6.419
"Angola","AGO",2007,20778561,54.2,6.372
"Angola","AGO",2008,21578655,55.281,6.32
"Angola","AGO",2009,22414773,56.225,6.26
"Angola","AGO",2010,23294825,57.242,6.194
"Angola","AGO",2011,24218352,58.093,6.12
"Angola","AGO",2012,25177394,58.916,6.039
"Angola","AGO",2013,26165620,59.705,5.953
"Angola","AGO",2014,27160769,60.396,5.864
"Angola","AGO",2015,28157798,61.042,5.774
"Angola","AGO",2016,29183070,61.619,5.686
"Angola","AGO",2017,30234839,62.122,5.6
"Angola","AGO",2018,31297155,62.622,5.519
"Angola","AGO",2019,32375632,63.051,5.442
"Angola","AGO",2020,33451132,63.116,5.371
"Angola","AGO",2021,34532429,62.958,5.304
"Angola","AGO",2022,35635029,64.246,5.209
"Angola","AGO",2023,36749906,64.617,5.124
"Argentina","ARG",1960,20386045,64.242,3.136
"Argentina","ARG",1961,20726276,64.631,3.12
"Argentina","ARG",1962,21072538,64.618,3.126
"Argentina","ARG",1963,21421705,64.855,3.109
"Argentina","ARG",1964,21769453,64.816,3.075
"Argentina","ARG",1965,22112629,65.053,3.005
"Argentina","ARG",1966,22453893,65.398,2.966
"Argentina","ARG",1967,22799059,65.467,2.982
"Argentina","ARG",1968,23150583,65.234,3.011
"Argentina","ARG",1969,23508711,65.085,3.049
"Argentina","ARG",1970,23878327,65.647,3.085
"Argentina","ARG",1971,24257208,65.619,3.108
"Argentina","ARG",1972,24644328,65.953,3.135
"Argentina","ARG",1973,25046005,66.186,3.17
"Argentina","ARG",1974,25461351,66.405,3.216
"Argentina","ARG",1975,25874107,66.965,3.271
"Argentina","ARG",1976,26282283,67.03,3.317
"Argentina","ARG",1977,26701805,67.595,3.359
"Argentina","ARG",1978,27132158,67.999,3.359
"Argentina","ARG",1979,27568895,68.434,3.339
"Argentina","ARG",1980,28011596,68.576,3.301
"Argentina","ARG",1981,28463959,68.858,3.253
"Argentina","ARG",1982,28924262,68.973,3.204
"Argentina","ARG",1983,29391332,69.29,3.148
"Argentina","ARG",1984,29863093,69.353,3.116
"Argentina","ARG",1985,30336441,69.879,3.066
"Argentina","ARG",1986,30811980,70.281,3.054
"Argentina","ARG",1987,31291762,70.699,3.037
"Argentina","ARG",1988,31780532,71.097,3.046
"Argentina","ARG",1989,32270948,71.502,3.022
"Argentina","ARG",1990,32755901,71.615,3.034
"Argentina","ARG",1991,33230294,72.02,3.012
"Argentina","ARG",1992,33693527,72.096,2.987
"Argentina","ARG",1993,34152717,72.303,2.966
"Argentina","ARG",1994,34613491,72.732,2.935
"Argentina","ARG",1995,35070020,72.864,2.864
"Argentina","ARG",1996,35513793,73.056,2.781
"Argentina","ARG",1997,35947791,73.407,2.706
"Argentina","ARG",1998,36372860,73.412,2.662
"Argentina","ARG",1999,36794682,73.683,2.643
"Argentina","ARG",2000,37213984,73.91,2.591
"Argentina","ARG",2001,37624825,74.154,2.531
"Argentina","ARG",2002,38029349,74.312,2.493
"Argentina","ARG",2003,38424282,74.307,2.451
"Argentina","ARG",2004,38815916,74.871,2.43
"Argentina","ARG",2005,39216789,75.231,2.426
"Argentina","ARG",2006,39622115,75.279,2.4
"Argentina","ARG",2007,40016763,74.783,2.37
"Argentina","ARG",2008,40424148,75.428,2.432
"Argentina","ARG",2009,40854831,75.577,2.4
"Argentina","ARG",2010,41288694,75.68,2.411
"Argentina","ARG",2011,41730660,76.1,2.393
"Argentina","ARG",2012,42161721,75.802,2.304
"Argentina","ARG",2013,42582455,75.829,2.335
"Argentina","ARG",2014,43024071,76.268,2.386
"Argentina","ARG",2015,43477012,76.6,2.35
"Argentina","ARG",2016,43900313,76.105,2.241
"Argentina","ARG",2017,44288894,76.543,2.168
"Argentina","ARG",2018,44654882,76.77,2.067
"Argentina","ARG",2019,44973465,76.847,1.882
"Argentina","ARG",2020,45191965,75.878,1.601
"Argentina","ARG",2021,45312281,73.948,1.585
"Argentina","ARG",2022,45407904,75.806,1.482
"Argentina","ARG",2023,45538401,77.395,1.5
"Armenia","ARM",1960,1863705,59.063,4.786
"Armenia","ARM",1961,1927484,59.4940975609756,4.67
"Armenia","ARM",1962,1991689,59.9166829268293,4.521
"Armenia","ARM",1963,2056023,60.3282682926829,4.345
"Armenia","ARM",1964,2120135,60.7238292682927,4.15
"Armenia","ARM",1965,2183635,61.0993414634146,3.988
"Armenia","ARM",1966,2246159,61.4538292682927,3.829
"Armenia","ARM",1967,2307492,61.784756097561,3.731
"Armenia","ARM",1968,2367319,62.0936341463415,3.622
"Armenia","ARM",1969,2424030,62.3799512195122,3.488
"Armenia","ARM",1970,2475633,62.6447073170732,3.328
"Armenia","ARM",1971,2525345,62.8889024390244,3.286
"Armenia","ARM",1972,2577079,63.1144878048781,3.198
"Armenia","ARM",1973,2630860,63.3309268292683,3.081
"Armenia","ARM",1974,2686445,63.546756097561,2.984
"Armenia","ARM",1975,2743660,63.7678780487805,2.921
"Armenia","ARM",1976,2818165,64.0014878048781,2.844
"Armenia","ARM",1977,2912827,64.2539512195122,2.739
"Armenia","ARM",1978,3012807,64.5261951219512,2.617
"Armenia","ARM",1979,3078501,64.8208292682927,2.53
"Armenia","ARM",1980,3107415,65.1385609756098,2.48
"Armenia","ARM",1981,3135349,65.4824878048781,2.48
"Armenia","ARM",1982,3163144,65.8509268292683,2.503
"Armenia","ARM",1983,3191539,66.229243902439,2.558
"Armenia","ARM",1984,3224547,66.5913658536585,2.603
"Armenia","ARM",1985,3260432,66.9152682926829,2.644
"Armenia","ARM",1986,3294847,67.178,2.662
"Armenia","ARM",1987,3328520,67.3590731707317,2.664
"Armenia","ARM",1988,3355125,52.6001219512195,2.675
"Armenia","ARM",1989,3443100,67.5185609756098,2.705
"Armenia","ARM",1990,3552128,67.5493658536585,2.708
"Armenia","ARM",1991,3613977,67.6270487804878,2.643
"Armenia","ARM",1992,3571861,67.7185365853659,2.499
"Armenia","ARM",1993,3453332,67.9731951219512,2.286
"Armenia","ARM",1994,3364610,68.2718048780488,2.084
"Armenia","ARM",1995,3307581,68.628487804878,2.067
"Armenia","ARM",1996,3278735,69.0061219512195,2.06
"Armenia","ARM",1997,3246289,69.3938292682927,1.9
"Armenia","ARM",1998,3208401,69.7993414634146,1.81
"Armenia","ARM",1999,3167286,70.1989512195122,1.534
"Armenia","ARM",2000,3221100,72.8804878048781,1.3
"Armenia","ARM",2001,3211800,72.9756097560976,1.2
"Armenia","ARM",2002,3199800,72.8268292682927,1.2
"Armenia","ARM",2003,3182500,72.8268292682927,1.3
"Armenia","ARM",2004,3164900,73.0268292682927,1.4
"Armenia","ARM",2005,3146400,73.0756097560976,1.3
"Armenia","ARM",2006,3127100,72.8243902439025,1.3
"Armenia","ARM",2007,3107400,72.8731707317073,1.4
"Armenia","ARM",2008,3087100,73.0731707317073,1.4
"Armenia","ARM",2009,3066000,73.0731707317073,1.5
"Armenia","ARM",2010,3044800,73.1731707317073,1.5
"Armenia","ARM",2011,3027900,73.8170731707317,1.5
"Armenia","ARM",2012,3024100,74.119512195122,1.6
"Armenia","ARM",2013,3022000,74.6219512195122,1.6
"Armenia","ARM",2014,3013800,74.8731707317073,1.7
"Armenia","ARM",2015,3004600,74.8707317073171,1.6
"Armenia","ARM",2016,2992300,74.8682926829268,1.6
"Armenia","ARM",2017,2979400,75.2170731707317,1.6
"Armenia","ARM",2018,2969000,75.619512195122,1.6
"Armenia","ARM",2019,2962500,76.2219512195122,1.6
"Armenia","ARM",2020,2961500,73.3756097560976,1.7
"Armenia","ARM",2021,2962300,72.2780487804878,1.7
"Armenia","ARM",2022,2969200,74.7658536585366,1.7
"Armenia","ARM",2023,2964300,77.4658536585366,1.9
"Australia","AUS",1960,10276477,70.8170731707317,3.453
"Australia","AUS",1961,10483000,70.9731707317073,3.54
"Australia","AUS",1962,10742000,70.9424390243903,3.442
"Australia","AUS",1963,10950000,70.9117073170732,3.332
"Australia","AUS",1964,11167000,70.8809756097561,3.146
"Australia","AUS",1965,11388000,70.850243902439,2.977
"Australia","AUS",1966,11651000,70.819512195122,2.881
"Australia","AUS",1967,11799000,70.8692682926829,2.848
"Australia","AUS",1968,12009000,70.9190243902439,2.888
"Australia","AUS",1969,12263000,70.9687804878049,2.886
"Australia","AUS",1970,12507000,71.0185365853659,2.859
"Australia","AUS",1971,12937000,71.0682926829268,2.961
"Australia","AUS",1972,13177000,71.4575609756098,2.744
"Australia","AUS",1973,13380000,71.8468292682927,2.491
"Australia","AUS",1974,13723000,72.2360975609756,2.397
"Australia","AUS",1975,13893000,72.6253658536586,2.148
"Australia","AUS",1976,14033000,73.0146341463415,2.06
"Australia","AUS",1977,14192000,73.3443902439024,2.007
"Australia","AUS",1978,14358000,73.6741463414634,1.949
"Australia","AUS",1979,14514000,74.0039024390244,1.907
"Australia","AUS",1980,14692000,74.3336585365854,1.891
"Australia","AUS",1981,14923260,74.6634146341463,1.935
"Australia","AUS",1982,15184247,74.9048780487805,1.929
"Australia","AUS",1983,15393472,75.1463414634146,1.924
"Australia","AUS",1984,15579391,75.3878048780488,1.84
"Australia","AUS",1985,15788312,75.6292682926829,1.923
"Australia","AUS",1986,16018350,75.8707317073171,1.868
"Australia","AUS",1987,16263874,76.1517073170732,1.845
"Australia","AUS",1988,16532164,76.4326829268293,1.831
"Australia","AUS",1989,16814416,76.7136585365854,1.838
"Australia","AUS",1990,17065128,76.9946341463415,1.902
"Australia","AUS",1991,17284036,77.2756097560976,1.849
"Australia","AUS",1992,17478635,77.3780487804878,1.888
"Australia","AUS",1993,17634808,77.8780487804878,1.859
"Australia","AUS",1994,17805468,77.8780487804878,1.842
"Australia","AUS",1995,18004882,77.8292682926829,1.822
"Australia","AUS",1996,18224767,78.0780487804878,1.796
"Australia","AUS",1997,18423037,78.4804878048781,1.778
"Australia","AUS",1998,18607584,78.6317073170732,1.762
"Australia","AUS",1999,18812264,78.9317073170732,1.755
"Australia","AUS",2000,19028802,79.2341463414634,1.756
"Australia","AUS",2001,19274701,79.6341463414634,1.739
"Australia","AUS",2002,19495210,79.9365853658537,1.756
"Australia","AUS",2003,19720737,80.2390243902439,1.748
"Australia","AUS",2004,19932722,80.490243902439,1.768
"Australia","AUS",2005,20176844,80.8414634146341,1.807
"Australia","AUS",2006,20450966,81.0414634146342,1.908
"Australia","AUS",2007,20827622,81.2926829268293,1.959
"Australia","AUS",2008,21249199,81.3951219512195,1.984
"Australia","AUS",2009,21691653,81.5439024390244,1.971
"Australia","AUS",2010,22031750,81.6951219512195,1.928
"Australia","AUS",2011,22340024,81.8951219512195,1.926
"Australia","AUS",2012,22733465,82.0463414634146,1.92
"Australia","AUS",2013,23128129,82.1487804878049,1.855
"Australia","AUS",2014,23475686,82.3,1.826
"Australia","AUS",2015,23815995,82.4,1.814
"Australia","AUS",2016,24190907,82.4487804878049,1.752
"Australia","AUS",2017,24592588,82.5,1.741
"Australia","AUS",2018,24963258,82.7487804878049,1.74
"Australia","AUS",2019,25334826,82.9,1.657
"Australia","AUS",2020,25649248,83.2,1.581
"Australia","AUS",2021,25685412,83.3,1.7
"Australia","AUS",2022,26018721,83.2,1.63
"Australia","AUS",2023,26659922,83.0512195121951,1.5
"Austria","AUT",1960,7047539,68.5856097560976,2.69
"Austria","AUT",1961,7086299,69.5773170731707,2.78
"Austria","AUT",1962,7129864,69.309512195122,2.8
"Austria","AUT",1963,7175811,69.4436585365854,2.82
"Austria","AUT",1964,7223801,69.9219512195122,2.79
"Austria","AUT",1965,7270889,69.7221951219512,2.7
"Austria","AUT",1966,7322066,70.0458536585366,2.66
"Austria","AUT",1967,7376998,69.9178048780488,2.62
"Austria","AUT",1968,7415403,70.0575609756098,2.58
"Austria","AUT",1969,7441055,69.8331707317073,2.49
"Austria","AUT",1970,7467086,69.9146341463415,2.29
"Austria","AUT",1971,7500482,70.1146341463415,2.2
"Austria","AUT",1972,7544201,70.4634146341463,2.08
"Austria","AUT",1973,7586115,71.0146341463415,1.94
"Austria","AUT",1974,7599038,71.0121951219512,1.91
"Austria","AUT",1975,7578903,71.1146341463415,1.83
"Austria","AUT",1976,7565525,71.5658536585366,1.69
"Austria","AUT",1977,7568430,71.9146341463415,1.63
"Austria","AUT",1978,7562305,72.0121951219512,1.6
"Austria","AUT",1979,7549425,72.3121951219512,1.6
"Austria","AUT",1980,7549433,72.4634146341463,1.65
"Austria","AUT",1981,7568710,72.8121951219512,1.67
"Austria","AUT",1982,7574140,72.9609756097561,1.66
"Austria","AUT",1983,7561910,73.0121951219512,1.56
"Austria","AUT",1984,7561434,73.6121951219512,1.52
"Austria","AUT",1985,7564985,73.8146341463415,1.47
"Austria","AUT",1986,7569794,74.3170731707317,1.45
"Austria","AUT",1987,7574586,74.7682926829268,1.43
"Austria","AUT",1988,7585317,75.2170731707317,1.45
"Austria","AUT",1989,7619567,75.2658536585366,1.45
"Austria","AUT",1990,7677850,75.5682926829269,1.46
"Austria","AUT",1991,7754891,75.6170731707317,1.51
"Austria","AUT",1992,7840709,75.8170731707317,1.51
"Austria","AUT",1993,7905633,76.0682926829268,1.5
"Austria","AUT",1994,7936118,76.419512195122,1.47
"Austria","AUT",1995,7948278,76.6682926829268,1.42
"Austria","AUT",1996,7959017,76.8707317073171,1.45
"Austria","AUT",1997,7968041,77.319512195122,1.39
"Austria","AUT",1998,7976789,77.6707317073171,1.37
"Austria","AUT",1999,7992324,77.8756097560976,1.34
"Austria","AUT",2000,8011566,78.1268292682927,1.36
"Austria","AUT",2001,8042293,78.5756097560976,1.33
"Austria","AUT",2002,8081957,78.6780487804878,1.39
"Austria","AUT",2003,8121423,78.6317073170732,1.38
"Austria","AUT",2004,8171966,79.1804878048781,1.42
"Austria","AUT",2005,8227829,79.3317073170732,1.41
"Austria","AUT",2006,8268641,79.8804878048781,1.41
"Austria","AUT",2007,8295487,80.1804878048781,1.38
"Austria","AUT",2008,8321496,80.4317073170732,1.42
"Austria","AUT",2009,8343323,80.3317073170732,1.39
"Austria","AUT",2010,8363404,80.5804878048781,1.44
"Austria","AUT",2011,8391643,80.9829268292683,1.43
"Austria","AUT",2012,8429991,80.9365853658537,1.44
"Austria","AUT",2013,8479823,81.1365853658537,1.44
"Austria","AUT",2014,8546356,81.490243902439,1.46
"Austria","AUT",2015,8642699,81.190243902439,1.49
"Austria","AUT",2016,8736668,81.6414634146342,1.53
"Austria","AUT",2017,8797566,81.6439024390244,1.52
"Austria","AUT",2018,8840521,81.6926829268293,1.47
"Austria","AUT",2019,8879920,81.8951219512195,1.46
"Austria","AUT",2020,8916864,81.1926829268293,1.44
"Austria","AUT",2021,8955797,81.190243902439,1.48
"Austria","AUT",2022,9041851,81.2951219512195,1.41
"Austria","AUT",2023,9131761,81.5414634146342,1.32
"Azerbaijan","AZE",1960,3894500,50.862,5.878
"Azerbaijan","AZE",1961,4045750,51.435,5.937
"Azerbaijan","AZE",1962,4168150,52.053,5.961
"Azerbaijan","AZE",1963,4293550,52.696,5.945
"Azerbaijan","AZE",1964,4439250,53.292,5.888
"Azerbaijan","AZE",1965,4574650,53.884,5.792
"Azerbaijan","AZE",1966,4708150,54.485,5.663
"Azerbaijan","AZE",1967,4832000,55.032,5.377
"Azerbaijan","AZE",1968,4948500,55.563,5.222
"Azerbaijan","AZE",1969,5063300,56.08,5.065
"Azerbaijan","AZE",1970,5172050,56.586,4.913
"Azerbaijan","AZE",1971,5282950,57.043,4.769
"Azerbaijan","AZE",1972,5391450,57.503,4.615
"Azerbaijan","AZE",1973,5493900,57.926,4.451
"Azerbaijan","AZE",1974,5594100,58.332,4.33
"Azerbaijan","AZE",1975,5689050,58.687,4.176
"Azerbaijan","AZE",1976,5781000,59.477,4.018
"Azerbaijan","AZE",1977,5876150,59.972,3.869
"Azerbaijan","AZE",1978,5976150,60.494,3.73
"Azerbaijan","AZE",1979,6071300,60.931,3.605
"Azerbaijan","AZE",1980,6160500,61.433,3.497
"Azerbaijan","AZE",1981,6257750,61.908,3.41
"Azerbaijan","AZE",1982,6357550,62.23,3.343
"Azerbaijan","AZE",1983,6459800,62.479,3.293
"Azerbaijan","AZE",1984,6567850,62.084,3.259
"Azerbaijan","AZE",1985,6670150,62.674,2.91
"Azerbaijan","AZE",1986,6770300,62.603,2.9
"Azerbaijan","AZE",1987,6875350,62.824,2.9026
"Azerbaijan","AZE",1988,6974600,62.672,2.8
"Azerbaijan","AZE",1989,7076550,62.945,2.8
"Azerbaijan","AZE",1990,7175200,62.75,2.74
"Azerbaijan","AZE",1991,7271300,62.544,2.87
"Azerbaijan","AZE",1992,7382050,60.773,2.74
"Azerbaijan","AZE",1993,7494800,61.426,2.7
"Azerbaijan","AZE",1994,7596550,60.277,2.52
"Azerbaijan","AZE",1995,7684850,61.931,2.29
"Azerbaijan","AZE",1996,7763000,62.66,2.06
"Azerbaijan","AZE",1997,7838250,62.953,2.07
"Azerbaijan","AZE",1998,7913000,63.75,2
"Azerbaijan","AZE",1999,7982750,64.733,2.07
"Azerbaijan","AZE",2000,8048600,65.377,2
"Azerbaijan","AZE",2001,8111200,66.043,1.8
"Azerbaijan","AZE",2002,8171950,66.769,1.8
"Azerbaijan","AZE",2003,8234100,67.036,1.9
"Azerbaijan","AZE",2004,8306500,67.488,2.0535
"Azerbaijan","AZE",2005,8391850,67.71,2
"Azerbaijan","AZE",2006,8484550,68.489,1.97
"Azerbaijan","AZE",2007,8581300,68.659,1.97
"Azerbaijan","AZE",2008,8763400,69.355,1.9
"Azerbaijan","AZE",2009,8947243,69.874,1.82
"Azerbaijan","AZE",2010,9054332,70.309,1.92
"Azerbaijan","AZE",2011,9173082,70.565,1.96
"Azerbaijan","AZE",2012,9295784,71.08,2
"Azerbaijan","AZE",2013,9416801,71.485,1.98
"Azerbaijan","AZE",2014,9535079,71.93,1.97
"Azerbaijan","AZE",2015,9649341,72.349,1.94
"Azerbaijan","AZE",2016,9757812,72.568,1.9
"Azerbaijan","AZE",2017,9854033,72.694,1.75
"Azerbaijan","AZE",2018,9939771,73.016,1.73
"Azerbaijan","AZE",2019,10024283,73.29,1.81
"Azerbaijan","AZE",2020,10093121,70.312,1.7
"Azerbaijan","AZE",2021,10137750,70.999,1.52
"Azerbaijan","AZE",2022,10141756,74.125,1.67
"Azerbaijan","AZE",2023,10153958,74.429,1.55
"Bangladesh","BGD",1960,51828660,43.98,6.742
"Bangladesh","BGD",1961,53310348,44.887,6.78
"Bangladesh","BGD",1962,54881146,45.765,6.806
"Bangladesh","BGD",1963,56504402,45.722,6.798
"Bangladesh","BGD",1964,58178374,46.752,6.785
"Bangladesh","BGD",1965,59902519,46.046,6.771
"Bangladesh","BGD",1966,61669806,47.644,6.766
"Bangladesh","BGD",1967,63510929,48.066,6.79
"Bangladesh","BGD",1968,65408276,48.4,6.791
"Bangladesh","BGD",1969,67294133,48.686,6.806
"Bangladesh","BGD",1970,69058894,42.667,6.839
"Bangladesh","BGD",1971,70276758,26.522,6.831
"Bangladesh","BGD",1972,71641519,49.647,6.816
"Bangladesh","BGD",1973,73722294,49.914,6.8
"Bangladesh","BGD",1974,75839348,49.589,6.778
"Bangladesh","BGD",1975,77854351,50.627,6.728
"Bangladesh","BGD",1976,79855318,50.951,6.66
"Bangladesh","BGD",1977,81867264,51.265,6.583
"Bangladesh","BGD",1978,83889655,51.596,6.509
"Bangladesh","BGD",1979,85935072,51.959,6.421
"Bangladesh","BGD",1980,88016432,52.278,6.326
"Bangladesh","BGD",1981,90303105,52.638,6.237
"Bangladesh","BGD",1982,92814507,53.012,6.118
"Bangladesh","BGD",1983,95335155,53.441,5.906
"Bangladesh","BGD",1984,97814966,53.826,5.732
"Bangladesh","BGD",1985,100253825,53.937,5.539
"Bangladesh","BGD",1986,102635572,54.592,5.302
"Bangladesh","BGD",1987,104959291,54.899,5.075
"Bangladesh","BGD",1988,107216008,55.174,4.849
"Bangladesh","BGD",1989,109433799,55.514,4.695
"Bangladesh","BGD",1990,111633717,55.822,4.506
"Bangladesh","BGD",1991,113787109,53.781,4.261
"Bangladesh","BGD",1992,115952192,56.592,4.027
"Bangladesh","BGD",1993,118132360,57.073,3.832
"Bangladesh","BGD",1994,120343179,57.64,3.737
"Bangladesh","BGD",1995,122600370,58.244,3.588
"Bangladesh","BGD",1996,124862179,58.94,3.505
"Bangladesh","BGD",1997,127198069,59.671,3.502
"Bangladesh","BGD",1998,129622332,60.429,3.427
"Bangladesh","BGD",1999,132108065,61.244,3.357
"Bangladesh","BGD",2000,134544304,62.049,3.279
"Bangladesh","BGD",2001,136805810,62.836,3.203
"Bangladesh","BGD",2002,138933658,63.591,3.126
"Bangladesh","BGD",2003,140970351,64.288,3.029
"Bangladesh","BGD",2004,142902856,64.912,2.94
"Bangladesh","BGD",2005,144715786,65.509,2.846
"Bangladesh","BGD",2006,146405973,66.048,2.755
"Bangladesh","BGD",2007,147989278,66.458,2.666
"Bangladesh","BGD",2008,149474264,67.047,2.577
"Bangladesh","BGD",2009,150873714,67.527,2.484
"Bangladesh","BGD",2010,152201981,68.009,2.38
"Bangladesh","BGD",2011,153591076,68.499,2.309
"Bangladesh","BGD",2012,155070101,68.989,2.263
"Bangladesh","BGD",2013,156532141,69.487,2.247
"Bangladesh","BGD",2014,157964929,70.016,2.228
"Bangladesh","BGD",2015,159383179,70.543,2.227
"Bangladesh","BGD",2016,160811932,71.075,2.227
"Bangladesh","BGD",2017,162186147,71.606,2.205
"Bangladesh","BGD",2018,163523103,72.122,2.193
"Bangladesh","BGD",2019,164913055,72.625,2.18
"Bangladesh","BGD",2020,166298024,71.421,2.175
"Bangladesh","BGD",2021,167658854,71.103,2.173
"Bangladesh","BGD",2022,169384897,74.265,2.179
"Bangladesh","BGD",2023,171466990,74.672,2.163
"Belarus","BLR",1960,8198000,69.2546097560976,2.67
"Belarus","BLR",1961,8271216,69.7383902439024,2.59
"Belarus","BLR",1962,8351928,69.4623170731708,2.5
"Belarus","BLR",1963,8437232,69.7097804878049,2.4
"Belarus","BLR",1964,8524224,70.619243902439,2.31
"Belarus","BLR",1965,8610000,70.5974878048781,2.27
"Belarus","BLR",1966,8696496,70.7689268292683,2.29
"Belarus","BLR",1967,8785648,70.9297804878049,2.26
"Belarus","BLR",1968,8874552,70.8127804878049,2.22
"Belarus","BLR",1969,8960304,70.9780243902439,2.26
"Belarus","BLR",1970,9040000,70.7444878048781,2.31
"Belarus","BLR",1971,9115576,71.0117073170732,2.31
"Belarus","BLR",1972,9188968,70.8493170731708,2.28
"Belarus","BLR",1973,9257272,71.0006585365854,2.25
"Belarus","BLR",1974,9317584,70.8546829268293,2.21
"Belarus","BLR",1975,9367000,70.4570975609756,2.17
"Belarus","BLR",1976,9411000,70.3968292682927,2.12
"Belarus","BLR",1977,9463000,70.2890243902439,2.08
"Belarus","BLR",1978,9525000,70.0817317073171,2.06
"Belarus","BLR",1979,9584000,69.9336341463415,2.05
"Belarus","BLR",1980,9643000,69.9277073170732,2.03
"Belarus","BLR",1981,9710000,69.907512195122,2.02
"Belarus","BLR",1982,9776000,70.0769024390244,2.05
"Belarus","BLR",1983,9843000,69.7948536585366,2.11
"Belarus","BLR",1984,9910000,69.5631951219512,2.11
"Belarus","BLR",1985,9975000,70.9926829268293,2.09
"Belarus","BLR",1986,10043000,71.549512195122,2.09
"Belarus","BLR",1987,10111000,70.990243902439,2.03
"Belarus","BLR",1988,10140000,71.3414634146341,2.031
"Belarus","BLR",1989,10170000,71.4829268292683,2.026
"Belarus","BLR",1990,10189348,70.8365853658537,1.913
"Belarus","BLR",1991,10194050,70.3780487804878,1.805
"Belarus","BLR",1992,10216470,70.0219512195122,1.764
"Belarus","BLR",1993,10239050,68.9707317073171,1.623
"Belarus","BLR",1994,10226955,68.7682926829268,1.533
"Belarus","BLR",1995,10193831,68.4609756097561,1.406
"Belarus","BLR",1996,10159569,68.5121951219512,1.335
"Belarus","BLR",1997,10117433,68.4609756097561,1.25
"Belarus","BLR",1998,10071963,68.4073170731707,1.3
"Belarus","BLR",1999,10026738,67.9073170731707,1.31
"Belarus","BLR",2000,9979610,68.9121951219512,1.317
"Belarus","BLR",2001,9928549,68.5073170731707,1.286
"Belarus","BLR",2002,9865548,68.0560975609756,1.24
"Belarus","BLR",2003,9796749,68.5536585365854,1.232
"Belarus","BLR",2004,9730146,68.9560975609756,1.233
"Belarus","BLR",2005,9663915,68.8512195121951,1.252
"Belarus","BLR",2006,9604924,69.4048780487805,1.335
"Belarus","BLR",2007,9560953,70.2073170731707,1.429
"Belarus","BLR",2008,9527985,70.4560975609756,1.488
"Belarus","BLR",2009,9504583,70.4073170731707,1.509
"Belarus","BLR",2010,9483836,70.4048780487805,1.494
"Belarus","BLR",2011,9461643,70.5536585365854,1.515
"Belarus","BLR",2012,9446836,71.9658536585366,1.62
"Belarus","BLR",2013,9443211,72.4707317073171,1.668
"Belarus","BLR",2014,9448515,72.9707317073171,1.696
"Belarus","BLR",2015,9461076,73.6243902439025,1.724
"Belarus","BLR",2016,9469379,73.8268292682927,1.733
"Belarus","BLR",2017,9458989,74.1292682926829,1.541
"Belarus","BLR",2018,9438785,74.1756097560976,1.448
"Belarus","BLR",2019,9419758,74.2268292682927,1.382
"Belarus","BLR",2020,9379952,72.1385609756098,1.369
"Belarus","BLR",2021,9302585,72.0714634146342,1.371
"Belarus","BLR",2022,9228071,74.1033658536585,1.326
"Belarus","BLR",2023,9178298,74.1837804878049,1.208
"Belgium","BEL",1960,9153489,69.7019512195122,2.54
"Belgium","BEL",1961,9183948,70.5209756097561,2.63
"Belgium","BEL",1962,9220578,70.219512195122,2.59
"Belgium","BEL",1963,9289770,70.0514634146342,2.68
"Belgium","BEL",1964,9378113,70.7551219512195,2.71
"Belgium","BEL",1965,9463667,70.6253658536586,2.61
"Belgium","BEL",1966,9527807,70.7063414634146,2.52
"Belgium","BEL",1967,9580991,71.0129268292683,2.41
"Belgium","BEL",1968,9618756,70.6931707317073,2.31
"Belgium","BEL",1969,9646032,70.7648780487805,2.27
"Belgium","BEL",1970,9655549,70.9719512195122,2.25
"Belgium","BEL",1971,9673162,71.0604878048781,2.21
"Belgium","BEL",1972,9711115,71.4051219512195,2.09
"Belgium","BEL",1973,9741720,71.6353658536586,1.95
"Belgium","BEL",1974,9772419,71.9858536585366,1.83
"Belgium","BEL",1975,9800700,71.9712195121951,1.74
"Belgium","BEL",1976,9818227,72.119756097561,1.73
"Belgium","BEL",1977,9830358,72.7739024390244,1.71
"Belgium","BEL",1978,9839534,72.6980487804878,1.69
"Belgium","BEL",1979,9848382,73.1936585365854,1.69
"Belgium","BEL",1980,9859242,73.2070731707317,1.68
"Belgium","BEL",1981,9858982,73.6217073170732,1.66
"Belgium","BEL",1982,9856303,73.8880487804878,1.61
"Belgium","BEL",1983,9855520,73.8690243902439,1.57
"Belgium","BEL",1984,9855372,74.4048780487805,1.54
"Belgium","BEL",1985,9858308,74.520243902439,1.51
"Belgium","BEL",1986,9861823,74.7317073170732,1.54
"Belgium","BEL",1987,9870234,75.3658536585366,1.54
"Belgium","BEL",1988,9901664,75.5658536585366,1.57
"Belgium","BEL",1989,9937697,75.6326829268293,1.58
"Belgium","BEL",1990,9967379,76.0519512195122,1.62
"Belgium","BEL",1991,10004486,76.1921951219512,1.66
"Belgium","BEL",1992,10045158,76.3512195121951,1.65
"Belgium","BEL",1993,10084475,76.3453658536585,1.61
"Belgium","BEL",1994,10115603,76.6917073170732,1.56
"Belgium","BEL",1995,10136811,76.8407317073171,1.56
"Belgium","BEL",1996,10156637,77.1873170731707,1.59
"Belgium","BEL",1997,10181245,77.3707317073171,1.6
"Belgium","BEL",1998,10203008,77.4731707317073,1.6
"Belgium","BEL",1999,10226419,77.619512195122,1.62
"Belgium","BEL",2000,10251250,77.7219512195122,1.67
"Belgium","BEL",2001,10286570,77.9731707317073,1.67
"Belgium","BEL",2002,10332785,78.0756097560976,1.65
"Belgium","BEL",2003,10376133,78.1292682926829,1.67
"Belgium","BEL",2004,10421137,78.8780487804878,1.72
"Belgium","BEL",2005,10478617,78.9804878048781,1.76
"Belgium","BEL",2006,10547958,79.380487804878,1.8
"Belgium","BEL",2007,10625700,79.7829268292683,1.82
"Belgium","BEL",2008,10709973,79.6804878048781,1.85
"Belgium","BEL",2009,10796493,80.0341463414634,1.84
"Belgium","BEL",2010,10895586,80.1829268292683,1.86
"Belgium","BEL",2011,11038264,80.5853658536585,1.81
"Belgium","BEL",2012,11106932,80.3853658536585,1.8
"Belgium","BEL",2013,11159407,80.5878048780488,1.76
"Belgium","BEL",2014,11209057,81.2878048780488,1.74
"Belgium","BEL",2015,11274196,80.9926829268293,1.7
"Belgium","BEL",2016,11331422,81.4390243902439,1.68
"Belgium","BEL",2017,11375158,81.4926829268293,1.65
"Belgium","BEL",2018,11427054,81.5951219512195,1.62
"Belgium","BEL",2019,11488980,81.9951219512195,1.6
"Belgium","BEL",2020,11538604,80.6951219512195,1.55
"Belgium","BEL",2021,11586195,81.790243902439,1.6
"Belgium","BEL",2022,11680210,81.7487804878049,1.53
"Belgium","BEL",2023,11779946,82.3975609756098,1.47
"Benin","BEN",1960,2517286,38.775,6.282
"Benin","BEN",1961,2559223,39.233,6.402
"Benin","BEN",1962,2604659,39.643,6.457
"Benin","BEN",1963,2652908,40.081,6.51
"Benin","BEN",1964,2704003,40.502,6.565
"Benin","BEN",1965,2757936,40.971,6.605
"Benin","BEN",1966,2814317,41.274,6.625
"Benin","BEN",1967,2872997,41.759,6.643
"Benin","BEN",1968,2934257,42.182,6.669
"Benin","BEN",1969,2998222,42.591,6.705
"Benin","BEN",1970,3065057,43.029,6.735
"Benin","BEN",1971,3134767,43.391,6.766
"Benin","BEN",1972,3207543,43.928,6.799
"Benin","BEN",1973,3283496,44.435,6.809
"Benin","BEN",1974,3362633,44.876,6.822
"Benin","BEN",1975,3445407,45.405,6.83
"Benin","BEN",1976,3532196,45.952,6.83
"Benin","BEN",1977,3623202,46.504,6.832
"Benin","BEN",1978,3718305,46.941,6.824
"Benin","BEN",1979,3818528,47.362,6.905
"Benin","BEN",1980,3925251,47.747,6.989
"Benin","BEN",1981,4038307,48.122,7.056
"Benin","BEN",1982,4156596,48.493,7.055
"Benin","BEN",1983,4278978,48.845,7.045
"Benin","BEN",1984,4405895,49.399,7.031
"Benin","BEN",1985,4538012,49.959,7.003
"Benin","BEN",1986,4675420,50.632,6.962
"Benin","BEN",1987,4818486,51.258,6.918
"Benin","BEN",1988,4967341,52.019,6.871
"Benin","BEN",1989,5121657,52.45,6.815
"Benin","BEN",1990,5281479,53.02,6.741
"Benin","BEN",1991,5446932,53.441,6.666
"Benin","BEN",1992,5617844,54.137,6.593
"Benin","BEN",1993,5872706,54.612,6.51
"Benin","BEN",1994,6096506,54.988,6.419
"Benin","BEN",1995,6226773,55.366,6.33
"Benin","BEN",1996,6391858,55.648,6.279
"Benin","BEN",1997,6583365,55.986,6.23
"Benin","BEN",1998,6789489,56.154,6.136
"Benin","BEN",1999,7002818,56.336,6.032
"Benin","BEN",2000,7221619,56.594,5.937
"Benin","BEN",2001,7445596,56.654,5.848
"Benin","BEN",2002,7675426,56.851,5.793
"Benin","BEN",2003,7913070,57.092,5.763
"Benin","BEN",2004,8159094,57.346,5.718
"Benin","BEN",2005,8426144,57.738,5.692
"Benin","BEN",2006,8693242,57.966,5.673
"Benin","BEN",2007,8953969,58.249,5.627
"Benin","BEN",2008,9228466,58.099,5.548
"Benin","BEN",2009,9509423,58.258,5.491
"Benin","BEN",2010,9797484,58.387,5.452
"Benin","BEN",2011,10093623,58.462,5.436
"Benin","BEN",2012,10397657,58.559,5.429
"Benin","BEN",2013,10708834,58.863,5.41
"Benin","BEN",2014,11030004,59.008,5.374
"Benin","BEN",2015,11360681,59.123,5.32
"Benin","BEN",2016,11697842,59.283,5.254
"Benin","BEN",2017,12039780,59.528,5.155
"Benin","BEN",2018,12383347,59.71,5.031
"Benin","BEN",2019,12726755,59.888,4.9
"Benin","BEN",2020,13070169,60.154,4.795
"Benin","BEN",2021,13413417,59.61,4.707
"Benin","BEN",2022,13759501,60.475,4.634
"Benin","BEN",2023,14111034,60.774,4.556
"Bolivia","BOL",1960,3702323,43.338,6.273
"Bolivia","BOL",1961,3778731,43.628,6.257
"Bolivia","BOL",1962,3857493,44.002,6.246
"Bolivia","BOL",1963,3938913,44.335,6.232
"Bolivia","BOL",1964,4022996,44.674,6.21
"Bolivia","BOL",1965,4109796,45.09,6.182
"Bolivia","BOL",1966,4199550,45.479,6.158
"Bolivia","BOL",1967,4292572,45.904,6.133
"Bolivia","BOL",1968,4388944,46.342,6.101
"Bolivia","BOL",1969,4488232,46.705,6.058
"Bolivia","BOL",1970,4590010,47.103,6.004
"Bolivia","BOL",1971,4694342,47.483,5.947
"Bolivia","BOL",1972,4800978,47.829,5.885
"Bolivia","BOL",1973,4910200,48.282,5.847
"Bolivia","BOL",1974,5022475,48.752,5.796
"Bolivia","BOL",1975,5137539,49.336,5.748
"Bolivia","BOL",1976,5256496,49.971,5.739
"Bolivia","BOL",1977,5379166,50.387,5.673
"Bolivia","BOL",1978,5504123,50.838,5.61
"Bolivia","BOL",1979,5630849,51.353,5.542
"Bolivia","BOL",1980,5758900,51.828,5.474
"Bolivia","BOL",1981,5888109,52.259,5.408
"Bolivia","BOL",1982,6018088,52.511,5.346
"Bolivia","BOL",1983,6149060,52.861,5.289
"Bolivia","BOL",1984,6281868,53.383,5.242
"Bolivia","BOL",1985,6416185,53.777,5.153
"Bolivia","BOL",1986,6552479,54.247,5.115
"Bolivia","BOL",1987,6692162,54.901,5.063
"Bolivia","BOL",1988,6835508,55.505,5.025
"Bolivia","BOL",1989,6981766,56.146,4.965
"Bolivia","BOL",1990,7130142,56.797,4.9
"Bolivia","BOL",1991,7280289,57.439,4.846
"Bolivia","BOL",1992,7430336,57.923,4.713
"Bolivia","BOL",1993,7579195,58.66,4.592
"Bolivia","BOL",1994,7727322,59.282,4.494
"Bolivia","BOL",1995,7874676,59.787,4.409
"Bolivia","BOL",1996,8021736,60.287,4.336
"Bolivia","BOL",1997,8167900,60.745,4.219
"Bolivia","BOL",1998,8313394,61.227,4.149
"Bolivia","BOL",1999,8459806,61.655,4.09
"Bolivia","BOL",2000,8606326,62.057,3.991
"Bolivia","BOL",2001,8752736,62.538,3.89
"Bolivia","BOL",2002,8900355,63.068,3.802
"Bolivia","BOL",2003,9050700,63.455,3.721
"Bolivia","BOL",2004,9204287,63.819,3.633
"Bolivia","BOL",2005,9360754,64.182,3.558
"Bolivia","BOL",2006,9521689,64.529,3.533
"Bolivia","BOL",2007,9685960,64.939,3.447
"Bolivia","BOL",2008,9850858,65.299,3.364
"Bolivia","BOL",2009,10016275,65.656,3.287
"Bolivia","BOL",2010,10182345,66.003,3.213
"Bolivia","BOL",2011,10348929,66.282,3.143
"Bolivia","BOL",2012,10515807,66.586,3.076
"Bolivia","BOL",2013,10682608,66.777,3.01
"Bolivia","BOL",2014,10848888,66.97,2.947
"Bolivia","BOL",2015,11014705,67.205,2.886
"Bolivia","BOL",2016,11180020,67.392,2.829
"Bolivia","BOL",2017,11344587,67.536,2.777
"Bolivia","BOL",2018,11508368,67.699,2.73
"Bolivia","BOL",2019,11671386,67.82,2.688
"Bolivia","BOL",2020,11816299,62.906,2.651
"Bolivia","BOL",2021,11937360,61.427,2.618
"Bolivia","BOL",2022,12077154,67.434,2.584
"Bolivia","BOL",2023,12244159,68.581,2.547
"Bosnia and Herzegovina","BIH",1960,3281381,58.53,3.963
"Bosnia and Herzegovina","BIH",1961,3348035,59.285,3.888
"Bosnia and Herzegovina","BIH",1962,3407532,60.122,3.805
"Bosnia and Herzegovina","BIH",1963,3461942,60.511,3.7
"Bosnia and Herzegovina","BIH",1964,3513441,61.511,3.6
"Bosnia and Herzegovina","BIH",1965,3562834,62.213,3.53
"Bosnia and Herzegovina","BIH",1966,3610562,63.129,3.394
"Bosnia and Herzegovina","BIH",1967,3656223,63.734,3.219
"Bosnia and Herzegovina","BIH",1968,3698794,64.006,3.076
"Bosnia and Herzegovina","BIH",1969,3737765,64.448,2.954
"Bosnia and Herzegovina","BIH",1970,3773247,64.844,2.791
"Bosnia and Herzegovina","BIH",1971,3809376,65.181,2.749
"Bosnia and Herzegovina","BIH",1972,3848271,65.682,2.672
"Bosnia and Herzegovina","BIH",1973,3887376,66.586,2.539
"Bosnia and Herzegovina","BIH",1974,3926472,67.635,2.454
"Bosnia and Herzegovina","BIH",1975,3965743,68.329,2.389
"Bosnia and Herzegovina","BIH",1976,4004552,68.574,2.314
"Bosnia and Herzegovina","BIH",1977,4042124,68.779,2.197
"Bosnia and Herzegovina","BIH",1978,4078240,68.844,2.081
"Bosnia and Herzegovina","BIH",1979,4113300,69.083,1.993
"Bosnia and Herzegovina","BIH",1980,4148426,69.603,1.98
"Bosnia and Herzegovina","BIH",1981,4184217,70.055,2.024
"Bosnia and Herzegovina","BIH",1982,4221100,70.076,2.052
"Bosnia and Herzegovina","BIH",1983,4258728,70.097,2.049
"Bosnia and Herzegovina","BIH",1984,4295536,70.229,2.015
"Bosnia and Herzegovina","BIH",1985,4330364,70.582,1.96
"Bosnia and Herzegovina","BIH",1986,4362115,70.751,1.909
"Bosnia and Herzegovina","BIH",1987,4390246,70.876,1.879
"Bosnia and Herzegovina","BIH",1988,4414404,70.97,1.849
"Bosnia and Herzegovina","BIH",1989,4433983,71.445,1.792
"Bosnia and Herzegovina","BIH",1990,4448652,71.509,1.786
"Bosnia and Herzegovina","BIH",1991,4458343,71.813,1.782
"Bosnia and Herzegovina","BIH",1992,4234616,51.967,1.758
"Bosnia and Herzegovina","BIH",1993,3904482,50.894,1.729
"Bosnia and Herzegovina","BIH",1994,3725412,66.603,1.698
"Bosnia and Herzegovina","BIH",1995,3715564,70.188,1.669
"Bosnia and Herzegovina","BIH",1996,3875246,73.454,1.652
"Bosnia and Herzegovina","BIH",1997,4018227,73.895,1.686
"Bosnia and Herzegovina","BIH",1998,4089356,74.472,1.561
"Bosnia and Herzegovina","BIH",1999,4130305,74.946,1.366
"Bosnia and Herzegovina","BIH",2000,4159771,75.292,1.282
"Bosnia and Herzegovina","BIH",2001,4179438,75.573,1.23
"Bosnia and Herzegovina","BIH",2002,4188002,75.994,1.231
"Bosnia and Herzegovina","BIH",2003,4178523,76.449,1.219
"Bosnia and Herzegovina","BIH",2004,4140987,76.489,1.221
"Bosnia and Herzegovina","BIH",2005,4096493,76.424,1.203
"Bosnia and Herzegovina","BIH",2006,4063272,76.028,1.18
"Bosnia and Herzegovina","BIH",2007,4013424,76.162,1.19
"Bosnia and Herzegovina","BIH",2008,3947544,76.3,1.21
"Bosnia and Herzegovina","BIH",2009,3879794,76.701,1.267
"Bosnia and Herzegovina","BIH",2010,3811472,76.827,1.26
"Bosnia and Herzegovina","BIH",2011,3741798,76.963,1.209
"Bosnia and Herzegovina","BIH",2012,3670113,77.037,1.252
"Bosnia and Herzegovina","BIH",2013,3610859,77.129,1.278
"Bosnia and Herzegovina","BIH",2014,3564829,77.089,1.262
"Bosnia and Herzegovina","BIH",2015,3518541,77.073,1.322
"Bosnia and Herzegovina","BIH",2016,3473003,77.124,1.36
"Bosnia and Herzegovina","BIH",2017,3428682,77.385,1.419
"Bosnia and Herzegovina","BIH",2018,3387000,77.942,1.504
"Bosnia and Herzegovina","BIH",2019,3345533,77.394,1.509
"Bosnia and Herzegovina","BIH",2020,3299349,76.04,1.515
"Bosnia and Herzegovina","BIH",2021,3244907,74.567,1.49
"Bosnia and Herzegovina","BIH",2022,3204802,76.777,1.481
"Bosnia and Herzegovina","BIH",2023,3185073,77.85,1.486
"Brazil","BRA",1960,72388126,53.162,6.051
"Brazil","BRA",1961,74605447,53.594,6.022
"Brazil","BRA",1962,76865323,54.017,5.984
"Brazil","BRA",1963,79164235,54.452,5.93
"Brazil","BRA",1964,81488595,54.848,5.818
"Brazil","BRA",1965,83817583,55.243,5.677
"Brazil","BRA",1966,86139359,55.625,5.516
"Brazil","BRA",1967,88446124,56.016,5.336
"Brazil","BRA",1968,90741240,56.47,5.165
"Brazil","BRA",1969,93045777,56.898,5.041
"Brazil","BRA",1970,95375651,57.338,4.934
"Brazil","BRA",1971,97739273,57.786,4.838
"Brazil","BRA",1972,100146797,58.255,4.735
"Brazil","BRA",1973,102600976,58.681,4.638
"Brazil","BRA",1974,105089675,59.081,4.502
"Brazil","BRA",1975,107619565,59.556,4.415
"Brazil","BRA",1976,110213349,60.007,4.339
"Brazil","BRA",1977,112875292,60.461,4.267
"Brazil","BRA",1978,115600942,60.922,4.195
"Brazil","BRA",1979,118380821,61.365,4.12
"Brazil","BRA",1980,121207461,61.819,4.037
"Brazil","BRA",1981,124063109,62.267,3.943
"Brazil","BRA",1982,126923155,62.708,3.838
"Brazil","BRA",1983,129790077,63.133,3.723
"Brazil","BRA",1984,132658864,63.553,3.6
"Brazil","BRA",1985,135515595,63.98,3.48
"Brazil","BRA",1986,138336370,64.389,3.361
"Brazil","BRA",1987,141104944,64.785,3.232
"Brazil","BRA",1988,143826357,65.161,3.112
"Brazil","BRA",1989,146502972,65.514,3.007
"Brazil","BRA",1990,149143223,65.862,2.896
"Brazil","BRA",1991,151724256,66.203,2.805
"Brazil","BRA",1992,154275079,66.539,2.71
"Brazil","BRA",1993,156794577,66.892,2.66
"Brazil","BRA",1994,159265006,67.293,2.603
"Brazil","BRA",1995,161735073,67.701,2.567
"Brazil","BRA",1996,164202549,68.108,2.511
"Brazil","BRA",1997,166661659,68.505,2.468
"Brazil","BRA",1998,169159655,68.848,2.418
"Brazil","BRA",1999,171641543,69.211,2.335
"Brazil","BRA",2000,174018282,69.584,2.247
"Brazil","BRA",2001,176301203,69.98,2.162
"Brazil","BRA",2002,178503484,70.396,2.081
"Brazil","BRA",2003,180622688,70.884,2.006
"Brazil","BRA",2004,182675143,71.361,1.973
"Brazil","BRA",2005,184688101,71.832,1.942
"Brazil","BRA",2006,186653106,72.296,1.896
"Brazil","BRA",2007,188552320,72.73,1.854
"Brazil","BRA",2008,190367302,73.111,1.815
"Brazil","BRA",2009,192079951,73.457,1.799
"Brazil","BRA",2010,193701929,73.779,1.786
"Brazil","BRA",2011,195284734,74.047,1.777
"Brazil","BRA",2012,196876111,74.335,1.766
"Brazil","BRA",2013,198478299,74.609,1.761
"Brazil","BRA",2014,200085127,74.823,1.775
"Brazil","BRA",2015,201675532,75.106,1.777
"Brazil","BRA",2016,203218114,75.081,1.727
"Brazil","BRA",2017,204703445,75.383,1.74
"Brazil","BRA",2018,206107261,75.633,1.744
"Brazil","BRA",2019,207455459,75.809,1.705
"Brazil","BRA",2020,208660842,74.506,1.653
"Brazil","BRA",2021,209550294,73.038,1.638
"Brazil","BRA",2022,210306415,74.872,1.629
"Brazil","BRA",2023,211140729,75.848,1.619
"Bulgaria","BGR",1960,7867374,69.2475609756098,2.31
"Bulgaria","BGR",1961,7943118,70.1956097560976,2.29
"Bulgaria","BGR",1962,8012946,69.4919512195122,2.24
"Bulgaria","BGR",1963,8078145,70.3092682926829,2.21
"Bulgaria","BGR",1964,8144340,71.1212195121951,2.19
"Bulgaria","BGR",1965,8204168,71.2939024390244,2.09
"Bulgaria","BGR",1966,8258057,71.2234146341464,2.03
"Bulgaria","BGR",1967,8310226,70.4139024390244,2.02
"Bulgaria","BGR",1968,8369603,71.2251219512195,2.27
"Bulgaria","BGR",1969,8434172,70.43,2.27
"Bulgaria","BGR",1970,8489574,71.2563414634146,2.17
"Bulgaria","BGR",1971,8536395,70.8736585365854,2.1
"Bulgaria","BGR",1972,8576200,70.899512195122,2.03
"Bulgaria","BGR",1973,8620967,71.3421951219512,2.15
"Bulgaria","BGR",1974,8678745,71.2080487804878,2.29
"Bulgaria","BGR",1975,8720742,71.049756097561,2.23
"Bulgaria","BGR",1976,8758599,71.3948780487805,2.24
"Bulgaria","BGR",1977,8804183,70.8160975609756,2.21
"Bulgaria","BGR",1978,8814032,71.1846341463415,2.15
"Bulgaria","BGR",1979,8825940,71.3082926829268,2.16
"Bulgaria","BGR",1980,8861535,71.1575609756098,2.05
"Bulgaria","BGR",1981,8891117,71.5719512195122,2
"Bulgaria","BGR",1982,8917457,71.1860975609756,2.01
"Bulgaria","BGR",1983,8939738,71.3863414634146,2.01
"Bulgaria","BGR",1984,8960679,71.499756097561,2.01
"Bulgaria","BGR",1985,8960547,71.2280487804878,1.97
"Bulgaria","BGR",1986,8958171,71.7307317073171,2.02
"Bulgaria","BGR",1987,8971359,71.5268292682927,1.96
"Bulgaria","BGR",1988,8981446,71.6043902439024,1.97
"Bulgaria","BGR",1989,8876972,71.7224390243903,1.9
"Bulgaria","BGR",1990,8718289,71.6414634146342,1.82
"Bulgaria","BGR",1991,8632367,71.5609756097561,1.66
"Bulgaria","BGR",1992,8540164,71.4943902439024,1.55
"Bulgaria","BGR",1993,8472313,71.3468292682927,1.46
"Bulgaria","BGR",1994,8443591,71.2087804878049,1.37
"Bulgaria","BGR",1995,8406067,71.0534146341463,1.23
"Bulgaria","BGR",1996,8362826,70.8973170731707,1.23
"Bulgaria","BGR",1997,8312068,70.3512195121951,1.09
"Bulgaria","BGR",1998,8256786,71.0609756097561,1.11
"Bulgaria","BGR",1999,8210624,71.4121951219512,1.23
"Bulgaria","BGR",2000,8170172,71.6634146341463,1.26
"Bulgaria","BGR",2001,8009142,71.7682926829268,1.21
"Bulgaria","BGR",2002,7837161,71.8658536585366,1.23
"Bulgaria","BGR",2003,7775327,72.0658536585366,1.26
"Bulgaria","BGR",2004,7716860,72.5634146341463,1.33
"Bulgaria","BGR",2005,7658972,72.5609756097561,1.37
"Bulgaria","BGR",2006,7601022,72.6121951219512,1.44
"Bulgaria","BGR",2007,7545338,72.6634146341463,1.49
"Bulgaria","BGR",2008,7492561,72.9634146341463,1.56
"Bulgaria","BGR",2009,7444443,73.4121951219512,1.66
"Bulgaria","BGR",2010,7395599,73.5121951219512,1.57
"Bulgaria","BGR",2011,7348328,74.1634146341463,1.51
"Bulgaria","BGR",2012,7305888,74.3146341463415,1.5
"Bulgaria","BGR",2013,7160005,74.8609756097561,1.54
"Bulgaria","BGR",2014,7073572,74.4658536585366,1.62
"Bulgaria","BGR",2015,6984225,74.6146341463415,1.64
"Bulgaria","BGR",2016,6894139,74.8121951219512,1.67
"Bulgaria","BGR",2017,6803468,74.8146341463415,1.71
"Bulgaria","BGR",2018,6710798,74.9634146341464,1.73
"Bulgaria","BGR",2019,6616726,75.1121951219512,1.79
"Bulgaria","BGR",2020,6550696,73.3560975609756,1.77
"Bulgaria","BGR",2021,6507301,71.2121951219512,1.8
"Bulgaria","BGR",2022,6465097,74.1609756097561,1.78
"Bulgaria","BGR",2023,6446596,75.7073170731707,1.81
"Burkina Faso","BFA",1960,4778621,36.074,6.248
"Burkina Faso","BFA",1961,4848224,36.361,6.286
"Burkina Faso","BFA",1962,4919672,36.753,6.322
"Burkina Faso","BFA",1963,4993623,37.093,6.356
"Burkina Faso","BFA",1964,5071034,37.399,6.419
"Burkina Faso","BFA",1965,5152833,37.758,6.471
"Burkina Faso","BFA",1966,5237933,38.091,6.527
"Burkina Faso","BFA",1967,5326348,38.432,6.585
"Burkina Faso","BFA",1968,5418644,38.76,6.645
"Burkina Faso","BFA",1969,5513177,39.023,6.664
"Burkina Faso","BFA",1970,5610304,39.54,6.685
"Burkina Faso","BFA",1971,5707999,39.853,6.698
"Burkina Faso","BFA",1972,5807234,40.399,6.719
"Burkina Faso","BFA",1973,5911927,40.947,6.77
"Burkina Faso","BFA",1974,6024904,41.711,6.842
"Burkina Faso","BFA",1975,6147569,42.486,6.913
"Burkina Faso","BFA",1976,6280635,43.327,6.952
"Burkina Faso","BFA",1977,6428734,44.167,7.046
"Burkina Faso","BFA",1978,6590984,44.995,7.148
"Burkina Faso","BFA",1979,6763903,45.702,7.194
"Burkina Faso","BFA",1980,6947900,46.465,7.222
"Burkina Faso","BFA",1981,7140271,46.866,7.256
"Burkina Faso","BFA",1982,7340197,47.633,7.253
"Burkina Faso","BFA",1983,7551129,48.061,7.251
"Burkina Faso","BFA",1984,7772256,48.464,7.245
"Burkina Faso","BFA",1985,7999935,48.748,7.242
"Burkina Faso","BFA",1986,8228847,48.987,7.218
"Burkina Faso","BFA",1987,8457109,49.097,7.168
"Burkina Faso","BFA",1988,8687435,49.215,7.109
"Burkina Faso","BFA",1989,8921175,49.27,7.047
"Burkina Faso","BFA",1990,9159356,49.315,7.009
"Burkina Faso","BFA",1991,9394632,49.33,6.973
"Burkina Faso","BFA",1992,9629275,49.378,6.936
"Burkina Faso","BFA",1993,9871713,49.412,6.889
"Burkina Faso","BFA",1994,10123798,49.469,6.843
"Burkina Faso","BFA",1995,10386722,49.554,6.814
"Burkina Faso","BFA",1996,10655942,49.693,6.779
"Burkina Faso","BFA",1997,10934223,49.56,6.724
"Burkina Faso","BFA",1998,11240664,50.163,6.661
"Burkina Faso","BFA",1999,11574928,50.463,6.586
"Burkina Faso","BFA",2000,11925546,50.808,6.519
"Burkina Faso","BFA",2001,12295001,51.188,6.431
"Burkina Faso","BFA",2002,12680897,51.447,6.339
"Burkina Faso","BFA",2003,13082532,51.959,6.28
"Burkina Faso","BFA",2004,13500533,52.6,6.216
"Burkina Faso","BFA",2005,13932123,53.271,6.182
"Burkina Faso","BFA",2006,14373707,53.784,6.17
"Burkina Faso","BFA",2007,14816307,54.377,6.11
"Burkina Faso","BFA",2008,15258093,55.199,6.05
"Burkina Faso","BFA",2009,15710066,55.791,5.992
"Burkina Faso","BFA",2010,16176498,56.343,5.936
"Burkina Faso","BFA",2011,16661908,57.001,5.869
"Burkina Faso","BFA",2012,17172287,57.457,5.793
"Burkina Faso","BFA",2013,17695409,57.903,5.697
"Burkina Faso","BFA",2014,18229461,58.331,5.595
"Burkina Faso","BFA",2015,18777487,58.778,5.478
"Burkina Faso","BFA",2016,19334856,59.173,5.331
"Burkina Faso","BFA",2017,19894407,59.578,5.17
"Burkina Faso","BFA",2018,20438288,59.972,4.921
"Burkina Faso","BFA",2019,20961952,60.184,4.681
"Burkina Faso","BFA",2020,21478690,60.454,4.44
"Burkina Faso","BFA",2021,21995243,60.046,4.361
"Burkina Faso","BFA",2022,22509038,60.7,4.275
"Burkina Faso","BFA",2023,23025776,61.092,4.186
"Burundi","BDI",1960,2764258,43.262,7.003
"Burundi","BDI",1961,2835119,43.364,7.023
"Burundi","BDI",1962,2907943,43.492,7.038
"Burundi","BDI",1963,2969841,43.559,7.067
"Burundi","BDI",1964,3055650,43.601,7.09
"Burundi","BDI",1965,3141367,41.844,7.113
"Burundi","BDI",1966,3217960,43.529,7.135
"Burundi","BDI",1967,3300690,43.332,7.156
"Burundi","BDI",1968,3380387,43.405,7.18
"Burundi","BDI",1969,3454590,43,7.215
"Burundi","BDI",1970,3530432,43.225,7.214
"Burundi","BDI",1971,3617289,43.172,7.213
"Burundi","BDI",1972,3617128,25.777,7.21
"Burundi","BDI",1973,3611991,37.409,7.215
"Burundi","BDI",1974,3703590,43.337,7.222
"Burundi","BDI",1975,3796612,43.445,7.244
"Burundi","BDI",1976,3882626,43.691,7.248
"Burundi","BDI",1977,3983582,43.97,7.245
"Burundi","BDI",1978,4100338,44.404,7.259
"Burundi","BDI",1979,4203530,45.038,7.307
"Burundi","BDI",1980,4383706,45.731,7.353
"Burundi","BDI",1981,4566014,46.412,7.329
"Burundi","BDI",1982,4681390,47.012,7.314
"Burundi","BDI",1983,4808528,47.433,7.298
"Burundi","BDI",1984,4926465,47.687,7.295
"Burundi","BDI",1985,5034042,47.662,7.294
"Burundi","BDI",1986,5129414,47.402,7.32
"Burundi","BDI",1987,5247787,47.066,7.38
"Burundi","BDI",1988,5365327,42.889,7.383
"Burundi","BDI",1989,5471706,45.745,7.387
"Burundi","BDI",1990,5587052,45.184,7.365
"Burundi","BDI",1991,5703857,44.66,7.336
"Burundi","BDI",1992,5858407,44.469,7.301
"Burundi","BDI",1993,5676843,37.221,7.272
"Burundi","BDI",1994,5713854,44.515,7.23
"Burundi","BDI",1995,6066316,44.589,7.184
"Burundi","BDI",1996,6070506,44.807,7.123
"Burundi","BDI",1997,6070042,45.721,7.04
"Burundi","BDI",1998,6187108,46.678,6.958
"Burundi","BDI",1999,6337155,47.627,6.897
"Burundi","BDI",2000,6470194,47.617,6.872
"Burundi","BDI",2001,6634365,48.509,6.849
"Burundi","BDI",2002,6824132,49.924,6.819
"Burundi","BDI",2003,7043154,50.997,6.785
"Burundi","BDI",2004,7310656,52.217,6.746
"Burundi","BDI",2005,7587299,53.053,6.708
"Burundi","BDI",2006,7865547,53.962,6.659
"Burundi","BDI",2007,8161874,54.832,6.588
"Burundi","BDI",2008,8505637,55.581,6.515
"Burundi","BDI",2009,8947646,56.422,6.409
"Burundi","BDI",2010,9376444,57.088,6.26
"Burundi","BDI",2011,9717978,57.804,6.108
"Burundi","BDI",2012,10071028,58.501,5.991
"Burundi","BDI",2013,10439341,59.179,5.889
"Burundi","BDI",2014,10799785,59.764,5.794
"Burundi","BDI",2015,11047580,60.107,5.695
"Burundi","BDI",2016,11239451,60.789,5.587
"Burundi","BDI",2017,11506762,61.345,5.481
"Burundi","BDI",2018,11859446,61.806,5.38
"Burundi","BDI",2019,12255336,62.18,5.271
"Burundi","BDI",2020,12617036,62.569,5.177
"Burundi","BDI",2021,12965481,62.101,5.078
"Burundi","BDI",2022,13321097,62.882,4.98
"Burundi","BDI",2023,13689450,63.651,4.878
"Cambodia","KHM",1960,5449966,42.134,6.313
"Cambodia","KHM",1961,5571168,42.588,6.302
"Cambodia","KHM",1962,5697558,43.079,6.301
"Cambodia","KHM",1963,5823010,43.612,6.292
"Cambodia","KHM",1964,5946178,44.044,6.288
"Cambodia","KHM",1965,6072289,44.497,6.267
"Cambodia","KHM",1966,6201232,44.948,6.237
"Cambodia","KHM",1967,6332944,45.193,6.201
"Cambodia","KHM",1968,6467324,45.586,6.165
"Cambodia","KHM",1969,6604725,45.935,6.124
"Cambodia","KHM",1970,6639182,38.628,6.071
"Cambodia","KHM",1971,6620880,38.7,6.007
"Cambodia","KHM",1972,6673886,38.909,5.943
"Cambodia","KHM",1973,6739726,39.078,5.559
"Cambodia","KHM",1974,6783240,39.296,4.797
"Cambodia","KHM",1975,6581371,12.784,4.103
"Cambodia","KHM",1976,6134991,11.632,3.409
"Cambodia","KHM",1977,5668551,11.295,2.716
"Cambodia","KHM",1978,5211653,11.573,3.338
"Cambodia","KHM",1979,5088808,41.072,4.556
"Cambodia","KHM",1980,5199872,47.498,5.774
"Cambodia","KHM",1981,5284495,48.035,6.042
"Cambodia","KHM",1982,5436432,48.755,6.193
"Cambodia","KHM",1983,5636203,49.383,6.296
"Cambodia","KHM",1984,5845117,50.089,6.338
"Cambodia","KHM",1985,6043783,50.799,6.313
"Cambodia","KHM",1986,6285693,51.555,6.226
"Cambodia","KHM",1987,6557970,53.674,6.097
"Cambodia","KHM",1988,6812014,54.433,5.944
"Cambodia","KHM",1989,7073473,54.768,5.681
"Cambodia","KHM",1990,7374752,55.205,5.642
"Cambodia","KHM",1991,7686850,55.582,5.588
"Cambodia","KHM",1992,8113083,55.747,5.486
"Cambodia","KHM",1993,8616381,56.036,5.433
"Cambodia","KHM",1994,9239162,56.221,5.281
"Cambodia","KHM",1995,10018497,56.562,5.076
"Cambodia","KHM",1996,10801270,56.832,4.867
"Cambodia","KHM",1997,11570982,57.266,4.395
"Cambodia","KHM",1998,12058173,57.859,4.13
"Cambodia","KHM",1999,12265731,58.611,3.933
"Cambodia","KHM",2000,12462336,59.491,3.794
"Cambodia","KHM",2001,12658484,60.457,3.687
"Cambodia","KHM",2002,12855241,61.395,3.57
"Cambodia","KHM",2003,13050968,62.345,3.429
"Cambodia","KHM",2004,13244731,63.256,3.307
"Cambodia","KHM",2005,13439202,64.113,3.238
"Cambodia","KHM",2006,13639028,64.886,3.175
"Cambodia","KHM",2007,13841770,65.549,3.13
"Cambodia","KHM",2008,14053479,66.147,3.048
"Cambodia","KHM",2009,14276810,66.747,2.971
"Cambodia","KHM",2010,14500726,67.311,2.859
"Cambodia","KHM",2011,14722584,67.869,2.782
"Cambodia","KHM",2012,14945085,68.371,2.751
"Cambodia","KHM",2013,15170208,68.755,2.742
"Cambodia","KHM",2014,15396772,69.117,2.734
"Cambodia","KHM",2015,15623251,69.398,2.729
"Cambodia","KHM",2016,15852803,69.635,2.725
"Cambodia","KHM",2017,16073372,69.842,2.719
"Cambodia","KHM",2018,16274522,69.993,2.724
"Cambodia","KHM",2019,16481304,70.127,2.725
"Cambodia","KHM",2020,16725474,70.059,2.699
"Cambodia","KHM",2021,16974305,69.301,2.664
"Cambodia","KHM",2022,17201724,70.528,2.616
"Cambodia","KHM",2023,17423880,70.668,2.579
"Cameroon","CMR",1960,5159057,34.667,5.725
"Cameroon","CMR",1961,5239273,35.186,5.732
"Cameroon","CMR",1962,5338620,42.599,5.729
"Cameroon","CMR",1963,5456623,43.074,5.731
"Cameroon","CMR",1964,5578257,43.596,5.739
"Cameroon","CMR",1965,5704686,44.175,5.796
"Cameroon","CMR",1966,5837295,44.839,5.854
"Cameroon","CMR",1967,5977318,45.602,5.951
"Cameroon","CMR",1968,6125863,46.389,6.043
"Cameroon","CMR",1969,6283462,47.191,6.144
"Cameroon","CMR",1970,6449793,47.954,6.197
"Cameroon","CMR",1971,6624408,48.577,6.259
"Cameroon","CMR",1972,6806872,49.12,6.293
"Cameroon","CMR",1973,6996660,49.517,6.326
"Cameroon","CMR",1974,7193583,49.734,6.361
"Cameroon","CMR",1975,7397120,49.891,6.401
"Cameroon","CMR",1976,7597962,50.017,6.447
"Cameroon","CMR",1977,7796501,50.13,6.508
"Cameroon","CMR",1978,8011921,50.319,6.545
"Cameroon","CMR",1979,8239641,50.535,6.581
"Cameroon","CMR",1980,8512219,50.852,6.613
"Cameroon","CMR",1981,8816377,51.227,6.61
"Cameroon","CMR",1982,9028678,51.801,6.594
"Cameroon","CMR",1983,9215397,52.447,6.575
"Cameroon","CMR",1984,9475078,52.886,6.563
"Cameroon","CMR",1985,9761730,53.465,6.564
"Cameroon","CMR",1986,10060342,53.572,6.572
"Cameroon","CMR",1987,10370749,54.188,6.538
"Cameroon","CMR",1988,10684968,54.359,6.481
"Cameroon","CMR",1989,11002745,54.389,6.414
"Cameroon","CMR",1990,11331821,54.348,6.362
"Cameroon","CMR",1991,11667180,54.168,6.324
"Cameroon","CMR",1992,12006353,54.053,6.256
"Cameroon","CMR",1993,12353131,53.872,6.155
"Cameroon","CMR",1994,12704903,53.537,6.043
"Cameroon","CMR",1995,13058516,53.347,5.919
"Cameroon","CMR",1996,13414757,53.2,5.795
"Cameroon","CMR",1997,13775214,53.105,5.706
"Cameroon","CMR",1998,14144860,53.043,5.656
"Cameroon","CMR",1999,14525140,53.166,5.604
"Cameroon","CMR",2000,14912631,53.338,5.514
"Cameroon","CMR",2001,15309490,53.598,5.441
"Cameroon","CMR",2002,15725528,53.922,5.435
"Cameroon","CMR",2003,16160340,54.253,5.432
"Cameroon","CMR",2004,16610487,54.578,5.436
"Cameroon","CMR",2005,17074594,54.904,5.421
"Cameroon","CMR",2006,17550407,55.301,5.369
"Cameroon","CMR",2007,18049896,55.71,5.343
"Cameroon","CMR",2008,18574056,56.116,5.294
"Cameroon","CMR",2009,19113974,56.486,5.236
"Cameroon","CMR",2010,19668066,56.965,5.154
"Cameroon","CMR",2011,20232304,57.482,5.052
"Cameroon","CMR",2012,20809529,58.17,4.982
"Cameroon","CMR",2013,21402376,58.73,4.905
"Cameroon","CMR",2014,22059893,59.13,4.844
"Cameroon","CMR",2015,22763414,59.687,4.841
"Cameroon","CMR",2016,23454161,60.293,4.842
"Cameroon","CMR",2017,24128601,60.817,4.804
"Cameroon","CMR",2018,24806383,61.189,4.74
"Cameroon","CMR",2019,25506095,61.695,4.651
"Cameroon","CMR",2020,26210558,61.674,4.557
"Cameroon","CMR",2021,26915758,61.146,4.468
"Cameroon","CMR",2022,27632771,62.443,4.397
"Cameroon","CMR",2023,28372687,63.7,4.322
"Canada","CAN",1960,17909356,71.1331707317073,3.811
"Canada","CAN",1961,18271000,71.3460975609756,3.753
"Canada","CAN",1962,18614000,71.3670731707317,3.681
"Canada","CAN",1963,18964000,71.3807317073171,3.607
"Canada","CAN",1964,19325000,71.7763414634146,3.456
"Canada","CAN",1965,19678000,71.8721951219512,3.115
"Canada","CAN",1966,20048000,72.0043902439024,2.749
"Canada","CAN",1967,20412000,72.2078048780488,2.528
"Canada","CAN",1968,20744000,72.3534146341463,2.386
"Canada","CAN",1969,21028000,72.5014634146341,2.334
"Canada","CAN",1970,21324000,72.7004878048781,2.258
"Canada","CAN",1971,21962032,73.0292682926829,2.141
"Canada","CAN",1972,22218463,72.9339024390244,1.98
"Canada","CAN",1973,22491777,73.1626829268293,1.89
"Canada","CAN",1974,22807969,73.2375609756098,1.837
"Canada","CAN",1975,23143275,73.5217073170732,1.824
"Canada","CAN",1976,23449808,73.8560975609756,1.796
"Canada","CAN",1977,23725843,74.2156097560976,1.782
"Canada","CAN",1978,23963203,74.529756097561,1.768
"Canada","CAN",1979,24201544,74.8663414634146,1.754
"Canada","CAN",1980,24515667,75.1021951219512,1.74
"Canada","CAN",1981,24819915,75.4978048780488,1.7
"Canada","CAN",1982,25116942,75.7251219512195,1.69
"Canada","CAN",1983,25366451,76.0604878048781,1.68
"Canada","CAN",1984,25607053,76.3319512195122,1.65
"Canada","CAN",1985,25842116,76.3273170731707,1.67
"Canada","CAN",1986,26100278,76.4639024390244,1.675
"Canada","CAN",1987,26446601,76.7787804878049,1.68
"Canada","CAN",1988,26791747,76.8587804878049,1.68
"Canada","CAN",1989,27276781,77.1248780487805,1.77
"Canada","CAN",1990,27691138,77.4365853658537,1.83
"Canada","CAN",1991,28037420,77.5934146341464,1.72
"Canada","CAN",1992,28371264,77.8380487804878,1.71
"Canada","CAN",1993,28684764,77.7048780487805,1.69
"Canada","CAN",1994,29000663,77.8717073170732,1.69
"Canada","CAN",1995,29302311,77.9773170731707,1.67
"Canada","CAN",1996,29610218,78.220243902439,1.63
"Canada","CAN",1997,29905948,78.4124390243903,1.57
"Canada","CAN",1998,30155173,78.6236585365854,1.56
"Canada","CAN",1999,30401286,78.8390243902439,1.55
"Canada","CAN",2000,30685730,79.1668292682927,1.51
"Canada","CAN",2001,31020855,79.3980487804878,1.54
"Canada","CAN",2002,31359199,79.5307317073171,1.52
"Canada","CAN",2003,31642461,79.7151219512195,1.55
"Canada","CAN",2004,31938807,79.9921951219512,1.56
"Canada","CAN",2005,32242732,80.1126829268293,1.58
"Canada","CAN",2006,32571193,80.5436585365854,1.63
"Canada","CAN",2007,32888886,80.5436585365854,1.67
"Canada","CAN",2008,33247298,80.7246341463415,1.7
"Canada","CAN",2009,33630069,81.0660975609756,1.69
"Canada","CAN",2010,34005902,81.3221951219512,1.65
"Canada","CAN",2011,34339221,81.4826829268293,1.63
"Canada","CAN",2012,34713395,81.6636585365854,1.63
"Canada","CAN",2013,35080992,81.7448780487805,1.61
"Canada","CAN",2014,35434066,81.7843902439025,1.61
"Canada","CAN",2015,35704498,81.8258536585366,1.6
"Canada","CAN",2016,36110803,81.94,1.59
"Canada","CAN",2017,36545075,81.8129268292683,1.55
"Canada","CAN",2018,37072620,81.8087804878049,1.51
"Canada","CAN",2019,37618495,82.1636585365854,1.47
"Canada","CAN",2020,38028638,81.5351219512195,1.41
"Canada","CAN",2021,38239864,81.5168292682927,1.44
"Canada","CAN",2022,38935934,81.2453658536585,1.33
"Canada","CAN",2023,40083484,81.6465853658537,1.26
"Caribbean small states","CSS",1960,2558348,60.296075668361,5.85023592610682
"Caribbean small states","CSS",1961,2614258,60.6711127417416,5.7863097441655
"Caribbean small states","CSS",1962,2670187,61.3667549797074,5.76346643526514
"Caribbean small states","CSS",1963,2728278,61.7172822835503,5.69391359145485
"Caribbean small states","CSS",1964,2784804,62.1169378577451,5.58664901101963
"Caribbean small states","CSS",1965,2839698,62.4278990121485,5.45815615583225
"Caribbean small states","CSS",1966,2894435,62.6884918476318,5.30150391761962
"Caribbean small states","CSS",1967,2948759,62.9192125043111,5.08500616746279
"Caribbean small states","CSS",1968,3002786,63.1479760026189,4.92155149126909
"Caribbean small states","CSS",1969,3055925,63.33755991721,4.72948942058355
"Caribbean small states","CSS",1970,3104308,63.4911250565343,4.5640614327613
"Caribbean small states","CSS",1971,3148560,63.6421609824809,4.45438780626372
"Caribbean small states","CSS",1972,3185617,63.8575897472923,4.33156351542142
"Caribbean small states","CSS",1973,3215024,64.0524260879545,4.17478776104427
"Caribbean small states","CSS",1974,3242803,64.2632555178344,3.9955944801909
"Caribbean small states","CSS",1975,3269733,64.4830054154269,3.83958162524921
"Caribbean small states","CSS",1976,3296410,64.7562510158021,3.70574532032616
"Caribbean small states","CSS",1977,3322722,64.9726079530578,3.60914250721294
"Caribbean small states","CSS",1978,3348386,65.124540894628,3.50000298182478
"Caribbean small states","CSS",1979,3373242,65.3472416749228,3.43467741335494
"Caribbean small states","CSS",1980,3399087,65.5015818836058,3.36833475735703
"Caribbean small states","CSS",1981,3425354,65.663476004232,3.32911046406523
"Caribbean small states","CSS",1982,3450895,65.7783229185472,3.30555137277819
"Caribbean small states","CSS",1983,3476621,65.84727013816,3.27399248414827
"Caribbean small states","CSS",1984,3502418,66.1398702250845,3.19246479464954
"Caribbean small states","CSS",1985,3530570,66.3020597761835,3.15352473513668
"Caribbean small states","CSS",1986,3559870,66.4113027349313,3.07491146625372
"Caribbean small states","CSS",1987,3586018,66.5709445359728,2.98846436626045
"Caribbean small states","CSS",1988,3610609,66.740440354245,2.90166769592373
"Caribbean small states","CSS",1989,3634409,66.9248001727378,2.84743931545297
"Caribbean small states","CSS",1990,3654949,67.0451505140017,2.79027693496039
"Caribbean small states","CSS",1991,3677765,67.2193770605245,2.72599508297289
"Caribbean small states","CSS",1992,3706523,67.353289397098,2.69224325298193
"Caribbean small states","CSS",1993,3735156,67.4755646816358,2.62627686670642
"Caribbean small states","CSS",1994,3763806,67.5216611384859,2.57484667360856
"Caribbean small states","CSS",1995,3795917,67.5555715464801,2.52831385271779
"Caribbean small states","CSS",1996,3829184,67.6264024288204,2.47629221092829
"Caribbean small states","CSS",1997,3861673,67.7365433173653,2.4432196949285
"Caribbean small states","CSS",1998,3893594,67.9849230739004,2.39071342332084
"Caribbean small states","CSS",1999,3925229,68.2095641265771,2.37857977361191
"Caribbean small states","CSS",2000,3956229,68.3976758324657,2.35137780439936
"Caribbean small states","CSS",2001,3987087,68.6619722928043,2.31066997900525
"Caribbean small states","CSS",2002,4018796,68.8997139018751,2.23982429264919
"Caribbean small states","CSS",2003,4050990,69.0876488979237,2.1852528394754
"Caribbean small states","CSS",2004,4080569,69.3609701933725,2.13970507724018
"Caribbean small states","CSS",2005,4049468,69.6320513314341,2.12845381394826
"Caribbean small states","CSS",2006,4072929,69.9344232165599,2.12013424579263
"Caribbean small states","CSS",2007,4098855,70.2937333399205,2.11877694697564
"Caribbean small states","CSS",2008,4124966,70.5499974705246,2.11485071339737
"Caribbean small states","CSS",2009,4146899,70.797737511813,2.10828447010003
"Caribbean small states","CSS",2010,4173335,71.0114366987074,2.07173708976326
"Caribbean small states","CSS",2011,4201107,71.266093287793,2.05288830372261
"Caribbean small states","CSS",2012,4228445,71.4019143290264,2.04752911622727
"Caribbean small states","CSS",2013,4257682,71.5692506084296,2.0402098675255
"Caribbean small states","CSS",2014,4286546,71.7739411761824,2.02565875580618
"Caribbean small states","CSS",2015,4314191,71.8641021665476,1.99918301132213
"Caribbean small states","CSS",2016,4341333,72.0516361154512,1.96956231728783
"Caribbean small states","CSS",2017,4366140,72.1731041595093,1.9372641969766
"Caribbean small states","CSS",2018,4407658,72.2210854022703,1.92045221448125
"Caribbean small states","CSS",2019,4443134,72.1292604830284,1.89179306364999
"Caribbean small states","CSS",2020,4459302,71.9394359303317,1.87036153838502
"Caribbean small states","CSS",2021,4479167,69.9228107471769,1.8396718940957
"Caribbean small states","CSS",2022,4497310,72.8322921090607,1.83848523008097
"Caribbean small states","CSS",2023,4519904,73.1716450013098,1.83168008600287
"Central African Republic","CAF",1960,1702346,39.572,5.948
"Central African Republic","CAF",1961,1734580,40.056,5.958
"Central African Republic","CAF",1962,1768115,40.562,5.97
"Central African Republic","CAF",1963,1803063,41.09,5.985
"Central African Republic","CAF",1964,1839583,41.64,6.005
"Central African Republic","CAF",1965,1877854,42.207,6.028
"Central African Republic","CAF",1966,1918082,42.787,6.057
"Central African Republic","CAF",1967,1960444,43.379,6.076
"Central African Republic","CAF",1968,2005100,43.98,6.101
"Central African Republic","CAF",1969,2051515,44.58,6.063
"Central African Republic","CAF",1970,2097505,45.176,6.027
"Central African Republic","CAF",1971,2141450,45.764,5.993
"Central African Republic","CAF",1972,2183769,46.332,5.959
"Central African Republic","CAF",1973,2226008,46.884,5.925
"Central African Republic","CAF",1974,2269338,47.405,5.899
"Central African Republic","CAF",1975,2313916,47.892,5.877
"Central African Republic","CAF",1976,2348566,48.355,5.936
"Central African Republic","CAF",1977,2372930,48.778,5.986
"Central African Republic","CAF",1978,2397961,49.161,6.039
"Central African Republic","CAF",1979,2423794,49.5,6.09
"Central African Republic","CAF",1980,2450535,49.789,6.13
"Central African Republic","CAF",1981,2478402,50.028,6.167
"Central African Republic","CAF",1982,2507375,50.213,6.16
"Central African Republic","CAF",1983,2537399,50.342,6.151
"Central African Republic","CAF",1984,2568610,50.427,6.138
"Central African Republic","CAF",1985,2600932,50.463,6.119
"Central African Republic","CAF",1986,2634258,50.445,6.106
"Central African Republic","CAF",1987,2669155,50.371,6.12
"Central African Republic","CAF",1988,2713965,50.243,6.098
"Central African Republic","CAF",1989,2783970,50.074,6.073
"Central African Republic","CAF",1990,2871910,49.854,6.049
"Central African Republic","CAF",1991,2963191,49.575,6.03
"Central African Republic","CAF",1992,3058831,49.213,5.964
"Central African Republic","CAF",1993,3157839,48.899,5.926
"Central African Republic","CAF",1994,3257954,48.509,5.919
"Central African Republic","CAF",1995,3348052,48.109,5.943
"Central African Republic","CAF",1996,3435965,47.7,5.963
"Central African Republic","CAF",1997,3531700,47.284,5.924
"Central African Republic","CAF",1998,3628827,47.089,5.889
"Central African Republic","CAF",1999,3729450,46.91,5.875
"Central African Republic","CAF",2000,3833416,46.609,5.851
"Central African Republic","CAF",2001,3919487,46.734,5.807
"Central African Republic","CAF",2002,4006077,46.84,5.785
"Central African Republic","CAF",2003,4103086,47.306,5.799
"Central African Republic","CAF",2004,4192826,47.696,5.784
"Central African Republic","CAF",2005,4288810,48.207,5.812
"Central African Republic","CAF",2006,4377579,48.687,5.84
"Central African Republic","CAF",2007,4462770,49.327,5.867
"Central African Republic","CAF",2008,4558984,49.873,5.902
"Central African Republic","CAF",2009,4529047,14.665,5.936
"Central African Republic","CAF",2010,4492995,46.871,5.963
"Central African Republic","CAF",2011,4565021,50.107,6.009
"Central African Republic","CAF",2012,4610848,51.336,6.047
"Central African Republic","CAF",2013,4642419,49.487,6.075
"Central African Republic","CAF",2014,4623182,40.265,6.099
"Central African Republic","CAF",2015,4629320,51.934,6.126
"Central African Republic","CAF",2016,4713663,50.999,6.126
"Central African Republic","CAF",2017,4793511,45.231,6.127
"Central African Republic","CAF",2018,4878657,52.297,6.108
"Central African Republic","CAF",2019,4944703,31.53,6.09
"Central African Republic","CAF",2020,5026628,50.596,6.059
"Central African Republic","CAF",2021,5112100,40.279,6.052
"Central African Republic","CAF",2022,5098039,18.818,6.023
"Central African Republic","CAF",2023,5152421,57.408,6.012
"Central Europe and the Baltics","CEB",1960,91401309,67.9434733023062,2.49178453894492
"Central Europe and the Baltics","CEB",1961,92231375,68.2449510005137,2.39785654955442
"Central Europe and the Baltics","CEB",1962,93008589,67.723736049384,2.30703378564719
"Central Europe and the Baltics","CEB",1963,93840016,68.701000287311,2.31105453758811
"Central Europe and the Baltics","CEB",1964,94715795,69.1954166717968,2.25805299100354
"Central Europe and the Baltics","CEB",1965,95440988,69.3501739071743,2.2059292492467
"Central Europe and the Baltics","CEB",1966,96146336,69.8569852425837,2.12881236631245
"Central Europe and the Baltics","CEB",1967,97043270,69.3553792979135,2.47914307382557
"Central Europe and the Baltics","CEB",1968,97884022,69.5735361344225,2.45646376597215
"Central Europe and the Baltics","CEB",1969,98606630,69.0666027378968,2.35427147281504
"Central Europe and the Baltics","CEB",1970,99134548,69.3453237706739,2.28375631390379
"Central Europe and the Baltics","CEB",1971,99635258,69.511244153351,2.25959276238533
"Central Europe and the Baltics","CEB",1972,100357161,69.9711712459088,2.23573996376048
"Central Europe and the Baltics","CEB",1973,101112680,70.1095983721633,2.24943064836784
"Central Europe and the Baltics","CEB",1974,101939916,70.3685700384029,2.36433701484148
"Central Europe and the Baltics","CEB",1975,102860571,70.18088847064,2.33828750419754
"Central Europe and the Baltics","CEB",1976,103776068,70.3264076252347,2.32272817151662
"Central Europe and the Baltics","CEB",1977,104616884,70.2476936568408,2.28450038228502
"Central Europe and the Baltics","CEB",1978,105329397,70.1498874030423,2.24957781638885
"Central Europe and the Baltics","CEB",1979,105948616,70.2514817046331,2.25568817418042
"Central Europe and the Baltics","CEB",1980,106541316,69.8934096584914,2.1966569925957
"Central Europe and the Baltics","CEB",1981,107129392,70.3720501777774,2.15083974781709
"Central Europe and the Baltics","CEB",1982,107730380,70.4554733187317,2.139980297603
"Central Europe and the Baltics","CEB",1983,108297837,70.3897851694296,2.14266457172838
"Central Europe and the Baltics","CEB",1984,108838073,70.3491148561342,2.16364678216044
"Central Europe and the Baltics","CEB",1985,109338285,70.3128834663237,2.16186608194946
"Central Europe and the Baltics","CEB",1986,109824166,70.5651360397443,2.13787006990764
"Central Europe and the Baltics","CEB",1987,110296425,70.6117633312342,2.09737155169541
"Central Europe and the Baltics","CEB",1988,110686740,70.861708225052,2.07819977517517
"Central Europe and the Baltics","CEB",1989,110801640,70.7319722597484,2.01820598375488
"Central Europe and the Baltics","CEB",1990,110743128,70.6563313372586,1.93049087711298
"Central Europe and the Baltics","CEB",1991,110469467,70.5752213034774,1.85424166322448
"Central Europe and the Baltics","CEB",1992,110111454,70.7328371314157,1.74984681538824
"Central Europe and the Baltics","CEB",1993,110041924,70.8459866151448,1.66998200520003
"Central Europe and the Baltics","CEB",1994,110021594,70.8695439447473,1.58951955016506
"Central Europe and the Baltics","CEB",1995,109864246,71.0254214282891,1.46845538491997
"Central Europe and the Baltics","CEB",1996,109626194,71.3360580189951,1.42923712401979
"Central Europe and the Baltics","CEB",1997,109422013,71.5172580696822,1.38166613931049
"Central Europe and the Baltics","CEB",1998,109238340,71.8982376759956,1.33855595147394
"Central Europe and the Baltics","CEB",1999,109060951,72.1845610740875,1.3079163778949
"Central Europe and the Baltics","CEB",2000,108447824,72.719724722779,1.31777162376956
"Central Europe and the Baltics","CEB",2001,107660041,73.0961481937343,1.27547143482851
"Central Europe and the Baltics","CEB",2002,106959751,73.2424154880921,1.2533647469042
"Central Europe and the Baltics","CEB",2003,106624167,73.3822527825258,1.25106592539215
"Central Europe and the Baltics","CEB",2004,106331716,73.7304349327381,1.2764470903797
"Central Europe and the Baltics","CEB",2005,106041911,73.8449951359211,1.31266924216897
"Central Europe and the Baltics","CEB",2006,105772481,74.0926027308098,1.34198925571287
"Central Europe and the Baltics","CEB",2007,105378748,74.2506487210769,1.38121771530771
"Central Europe and the Baltics","CEB",2008,105001883,74.5759526780779,1.46350338600242
"Central Europe and the Baltics","CEB",2009,104800475,74.9303639266576,1.48761303763204
"Central Europe and the Baltics","CEB",2010,104421447,75.2939657786314,1.46183448121757
"Central Europe and the Baltics","CEB",2011,104174038,75.8884748834282,1.3933610504725
"Central Europe and the Baltics","CEB",2012,103929494,76.0033944660035,1.41601351724117
"Central Europe and the Baltics","CEB",2013,103570062,76.3747350098375,1.39147069378032
"Central Europe and the Baltics","CEB",2014,103280478,76.6887696437325,1.44674357225339
"Central Europe and the Baltics","CEB",2015,102973167,76.5755119772504,1.46689050277441
"Central Europe and the Baltics","CEB",2016,102647939,76.9703062304413,1.52845198024661
"Central Europe and the Baltics","CEB",2017,102337501,76.929788715597,1.589114330923
"Central Europe and the Baltics","CEB",2018,102074201,76.9764380835075,1.5818965388923
"Central Europe and the Baltics","CEB",2019,101864274,77.2659141936307,1.57825452419045
"Central Europe and the Baltics","CEB",2020,101215763,76.0162701269145,1.56743022245618
"Central Europe and the Baltics","CEB",2021,100205732,74.7232827859077,1.56807253752419
"Central Europe and the Baltics","CEB",2022,100071871,76.6522987292583,1.49394411075471
"Central Europe and the Baltics","CEB",2023,100183707,77.8966245256412,1.40721045615752
"Chad","TCD",1960,3049838,39.216,6.25
"Chad","TCD",1961,3111947,39.421,6.268
"Chad","TCD",1962,3175598,39.608,6.285
"Chad","TCD",1963,3240905,39.893,6.301
"Chad","TCD",1964,3307479,40.12,6.318
"Chad","TCD",1965,3374220,40.05,6.337
"Chad","TCD",1966,3440903,40.089,6.362
"Chad","TCD",1967,3508512,40.393,6.393
"Chad","TCD",1968,3578231,40.702,6.432
"Chad","TCD",1969,3651113,41.019,6.477
"Chad","TCD",1970,3727828,41.386,6.528
"Chad","TCD",1971,3807316,40.869,6.582
"Chad","TCD",1972,3893252,41.922,6.85
"Chad","TCD",1973,3985909,42.399,6.869
"Chad","TCD",1974,4078356,42.601,6.864
"Chad","TCD",1975,4167234,42.736,6.876
"Chad","TCD",1976,4251297,42.687,6.893
"Chad","TCD",1977,4331667,42.884,6.896
"Chad","TCD",1978,4411366,43.017,6.891
"Chad","TCD",1979,4505384,43.239,6.905
"Chad","TCD",1980,4515453,43.452,6.908
"Chad","TCD",1981,4520959,43.497,6.942
"Chad","TCD",1982,4738483,43.91,6.961
"Chad","TCD",1983,4979130,44.446,6.979
"Chad","TCD",1984,5045145,44.732,7.015
"Chad","TCD",1985,5096269,45.315,7.037
"Chad","TCD",1986,5251069,45.598,7.067
"Chad","TCD",1987,5438309,43.071,7.105
"Chad","TCD",1988,5625602,46.352,7.154
"Chad","TCD",1989,5819586,46.434,7.186
"Chad","TCD",1990,5982833,45.074,7.219
"Chad","TCD",1991,6205676,46.596,7.261
"Chad","TCD",1992,6474656,46.777,7.296
"Chad","TCD",1993,6629146,47.002,7.337
"Chad","TCD",1994,6783450,47.08,7.31
"Chad","TCD",1995,7089064,47.453,7.29
"Chad","TCD",1996,7410108,47.551,7.292
"Chad","TCD",1997,7670366,47.762,7.274
"Chad","TCD",1998,7938840,47.802,7.266
"Chad","TCD",1999,8222705,47.934,7.262
"Chad","TCD",2000,8512093,47.937,7.249
"Chad","TCD",2001,8804124,48.306,7.231
"Chad","TCD",2002,9116192,48.36,7.201
"Chad","TCD",2003,9487833,48.609,7.179
"Chad","TCD",2004,9920036,48.687,7.16
"Chad","TCD",2005,10328092,48.86,7.134
"Chad","TCD",2006,10706424,48.747,7.118
"Chad","TCD",2007,11081660,49.21,7.092
"Chad","TCD",2008,11476296,49.503,7.063
"Chad","TCD",2009,11893754,49.828,7.021
"Chad","TCD",2010,12312575,50.107,6.99
"Chad","TCD",2011,12754997,50.426,6.948
"Chad","TCD",2012,13210998,50.765,6.905
"Chad","TCD",2013,13691079,51.051,6.839
"Chad","TCD",2014,14188678,51.141,6.781
"Chad","TCD",2015,14647621,51.32,6.706
"Chad","TCD",2016,15114655,51.603,6.623
"Chad","TCD",2017,15622759,51.875,6.537
"Chad","TCD",2018,16156531,52.447,6.464
"Chad","TCD",2019,16685223,52.993,6.412
"Chad","TCD",2020,17224679,53.082,6.346
"Chad","TCD",2021,17828273,53.136,6.255
"Chad","TCD",2022,18455316,54.528,6.215
"Chad","TCD",2023,19319064,55.069,6.12
"Chile","CHL",1960,8153350,57.216,4.697
"Chile","CHL",1961,8324802,57.309,4.655
"Chile","CHL",1962,8497059,57.811,4.602
"Chile","CHL",1963,8670144,58.349,4.536
"Chile","CHL",1964,8842525,58.812,4.457
"Chile","CHL",1965,9012938,59.473,4.364
"Chile","CHL",1966,9181722,60.373,4.259
"Chile","CHL",1967,9348939,61.054,4.144
"Chile","CHL",1968,9514716,61.68,4.025
"Chile","CHL",1969,9680282,62.341,3.902
"Chile","CHL",1970,9845344,62.634,3.778
"Chile","CHL",1971,10009701,63.072,3.654
"Chile","CHL",1972,10174678,63.717,3.53
"Chile","CHL",1973,10340362,64.42,3.409
"Chile","CHL",1974,10505817,65.085,3.293
"Chile","CHL",1975,10671559,66.037,3.182
"Chile","CHL",1976,10838251,66.819,3.078
"Chile","CHL",1977,11005519,67.529,2.981
"Chile","CHL",1978,11172695,68.042,2.892
"Chile","CHL",1979,11339779,68.858,2.812
"Chile","CHL",1980,11508550,69.475,2.744
"Chile","CHL",1981,11678717,69.822,2.689
"Chile","CHL",1982,11850214,70.291,2.648
"Chile","CHL",1983,12026138,70.83,2.619
"Chile","CHL",1984,12207733,71.215,2.601
"Chile","CHL",1985,12395274,71.615,2.592
"Chile","CHL",1986,12588914,72.061,2.589
"Chile","CHL",1987,12790150,72.466,2.59
"Chile","CHL",1988,12999424,72.788,2.591
"Chile","CHL",1989,13215005,73.188,2.589
"Chile","CHL",1990,13437176,73.675,2.579
"Chile","CHL",1991,13662491,74.082,2.558
"Chile","CHL",1992,13884577,74.367,2.478
"Chile","CHL",1993,14102276,74.679,2.43
"Chile","CHL",1994,14316256,74.973,2.377
"Chile","CHL",1995,14527381,75.298,2.353
"Chile","CHL",1996,14734046,75.555,2.284
"Chile","CHL",1997,14932434,75.826,2.202
"Chile","CHL",1998,15127799,76.324,2.149
"Chile","CHL",1999,15319313,76.738,2.074
"Chile","CHL",2000,15503635,77.128,2.046
"Chile","CHL",2001,15683849,77.58,2.007
"Chile","CHL",2002,15857925,77.84,1.934
"Chile","CHL",2003,16024752,77.884,1.885
"Chile","CHL",2004,16187322,78.276,1.844
"Chile","CHL",2005,16348778,78.459,1.825
"Chile","CHL",2006,16509195,78.533,1.798
"Chile","CHL",2007,16671581,78.652,1.826
"Chile","CHL",2008,16838988,78.752,1.85
"Chile","CHL",2009,17009731,78.89,1.855
"Chile","CHL",2010,17181464,79.095,1.844
"Chile","CHL",2011,17351816,79.236,1.823
"Chile","CHL",2012,17519119,79.221,1.798
"Chile","CHL",2013,17687006,79.551,1.786
"Chile","CHL",2014,17864195,79.714,1.774
"Chile","CHL",2015,18047625,80.008,1.737
"Chile","CHL",2016,18267221,80.295,1.686
"Chile","CHL",2017,18558868,80.61,1.563
"Chile","CHL",2018,18893191,80.559,1.543
"Chile","CHL",2019,19197744,80.324,1.43
"Chile","CHL",2020,19370624,79.349,1.307
"Chile","CHL",2021,19456334,78.876,1.176
"Chile","CHL",2022,19553036,79.176,1.255
"Chile","CHL",2023,19658835,81.167,1.167
"China","CHN",1960,667070000,33.419,4.451
"China","CHN",1961,660330000,40.158,3.863
"China","CHN",1962,665770000,50.959,6.085
"China","CHN",1963,682335000,51.67,7.513
"China","CHN",1964,698355000,52.343,6.672
"China","CHN",1965,715185000,53.001,6.605
"China","CHN",1966,735400000,53.662,6.307
"China","CHN",1967,754550000,54.401,5.806
"China","CHN",1968,774510000,55.191,6.508
"China","CHN",1969,796025000,55.988,6.175
"China","CHN",1970,818315000,56.824,6.085
"China","CHN",1971,841105000,57.731,5.523
"China","CHN",1972,862030000,58.579,5.112
"China","CHN",1973,881940000,59.496,4.726
"China","CHN",1974,900350000,60.241,4.17
"China","CHN",1975,916395000,60.952,3.571
"China","CHN",1976,930685000,61.225,3.235
"China","CHN",1977,943455000,62.458,2.844
"China","CHN",1978,956165000,63.102,2.716
"China","CHN",1979,969005000,63.704,2.745
"China","CHN",1980,981235000,64.243,2.739
"China","CHN",1981,993885000,64.778,2.792
"China","CHN",1982,1008630000,65.249,2.972
"China","CHN",1983,1023310000,65.728,2.559
"China","CHN",1984,1036825000,66.148,2.607
"China","CHN",1985,1051040000,66.532,2.633
"China","CHN",1986,1066790000,66.887,2.721
"China","CHN",1987,1084035000,67.263,2.76
"China","CHN",1988,1101630000,67.607,2.539
"China","CHN",1989,1118650000,67.93,2.52
"China","CHN",1990,1135185000,68.155,2.514
"China","CHN",1991,1150780000,68.61,1.934
"China","CHN",1992,1164970000,69.059,1.776
"China","CHN",1993,1178440000,69.492,1.691
"China","CHN",1994,1191835000,69.835,1.628
"China","CHN",1995,1204855000,70.363,1.588
"China","CHN",1996,1217550000,70.823,1.554
"China","CHN",1997,1230075000,71.227,1.527
"China","CHN",1998,1241935000,71.601,1.522
"China","CHN",1999,1252735000,71.952,1.53
"China","CHN",2000,1262645000,72.288,1.628
"China","CHN",2001,1271850000,72.675,1.563
"China","CHN",2002,1280400000,73.034,1.566
"China","CHN",2003,1288400000,73.385,1.57
"China","CHN",2004,1296075000,73.727,1.605
"China","CHN",2005,1303720000,74.085,1.624
"China","CHN",2006,1311020000,74.404,1.644
"China","CHN",2007,1317885000,74.789,1.666
"China","CHN",2008,1324655000,74.833,1.701
"China","CHN",2009,1331260000,75.317,1.714
"China","CHN",2010,1337705000,75.668,1.687
"China","CHN",2011,1345035000,75.889,1.668
"China","CHN",2012,1354190000,76.2,1.798
"China","CHN",2013,1363240000,76.452,1.714
"China","CHN",2014,1371860000,76.714,1.769
"China","CHN",2015,1379860000,76.975,1.67
"China","CHN",2016,1387790000,77.214,1.772
"China","CHN",2017,1396215000,77.235,1.795
"China","CHN",2018,1402760000,77.709,1.539
"China","CHN",2019,1407745000,77.94,1.496
"China","CHN",2020,1411100000,78.019,1.236
"China","CHN",2021,1412360000,78.117,1.117
"China","CHN",2022,1412175000,78.202,1.034
"China","CHN",2023,1410710000,77.953,0.999
"Colombia","COL",1960,15606209,56.609,6.735
"Colombia","COL",1961,16095203,57.203,6.712
"Colombia","COL",1962,16599029,57.737,6.663
"Colombia","COL",1963,17113823,58.296,6.584
"Colombia","COL",1964,17637411,58.77,6.475
"Colombia","COL",1965,18169050,59.247,6.333
"Colombia","COL",1966,18702688,59.713,6.159
"Colombia","COL",1967,19235618,60.15,5.957
"Colombia","COL",1968,19766796,60.572,5.737
"Colombia","COL",1969,20291942,61.031,5.506
"Colombia","COL",1970,20811782,61.465,5.276
"Colombia","COL",1971,21319096,62.005,5.057
"Colombia","COL",1972,21819563,62.53,4.857
"Colombia","COL",1973,22325374,62.991,4.68
"Colombia","COL",1974,22833469,63.497,4.527
"Colombia","COL",1975,23344644,64.012,4.398
"Colombia","COL",1976,23858810,64.642,4.285
"Colombia","COL",1977,24393494,65.237,4.163
"Colombia","COL",1978,24950337,65.827,3.998
"Colombia","COL",1979,25515626,66.162,3.888
"Colombia","COL",1980,26104498,66.693,3.798
"Colombia","COL",1981,26713267,67.189,3.706
"Colombia","COL",1982,27338331,67.861,3.618
"Colombia","COL",1983,27988173,68.121,3.501
"Colombia","COL",1984,28642690,68.308,3.35
"Colombia","COL",1985,29268470,65.359,3.225
"Colombia","COL",1986,29879112,68.303,3.147
"Colombia","COL",1987,30499467,68.166,3.087
"Colombia","COL",1988,31130524,68.301,3.039
"Colombia","COL",1989,31776279,68.616,3.012
"Colombia","COL",1990,32440069,68.701,2.995
"Colombia","COL",1991,33098372,68.772,2.982
"Colombia","COL",1992,33760571,68.764,2.983
"Colombia","COL",1993,34441473,69.083,2.978
"Colombia","COL",1994,35127410,69.422,2.937
"Colombia","COL",1995,35804662,69.81,2.85
"Colombia","COL",1996,36462745,70.209,2.768
"Colombia","COL",1997,37121149,70.632,2.743
"Colombia","COL",1998,37792165,70.924,2.717
"Colombia","COL",1999,38454863,70.913,2.637
"Colombia","COL",2000,39089934,70.905,2.574
"Colombia","COL",2001,39709262,71.185,2.522
"Colombia","COL",2002,40324680,71.537,2.489
"Colombia","COL",2003,40937429,72.309,2.45
"Colombia","COL",2004,41543171,72.76,2.384
"Colombia","COL",2005,42128977,73.156,2.309
"Colombia","COL",2006,42691084,73.497,2.241
"Colombia","COL",2007,43235374,73.751,2.195
"Colombia","COL",2008,43758808,74.206,2.155
"Colombia","COL",2009,44271541,74.531,2.096
"Colombia","COL",2010,44777319,74.876,2.01
"Colombia","COL",2011,45259614,75.18,1.938
"Colombia","COL",2012,45715810,75.611,1.899
"Colombia","COL",2013,46151584,75.834,1.86
"Colombia","COL",2014,46565429,75.95,1.822
"Colombia","COL",2015,46969940,76.067,1.771
"Colombia","COL",2016,47437512,76.228,1.719
"Colombia","COL",2017,48131078,76.418,1.717
"Colombia","COL",2018,49024465,76.579,1.715
"Colombia","COL",2019,49907985,76.793,1.71
"Colombia","COL",2020,50629997,74.757,1.694
"Colombia","COL",2021,51188173,72.698,1.68
"Colombia","COL",2022,51737944,76.508,1.663
"Colombia","COL",2023,52321152,77.725,1.645
"Congo, Dem. Rep.","COD",1960,15264846,40.752,6.105
"Congo, Dem. Rep.","COD",1961,15662374,40.161,6.124
"Congo, Dem. Rep.","COD",1962,16075724,40.382,6.141
"Congo, Dem. Rep.","COD",1963,16507599,40.604,6.158
"Congo, Dem. Rep.","COD",1964,16955327,40.099,6.188
"Congo, Dem. Rep.","COD",1965,17427802,40.767,6.21
"Congo, Dem. Rep.","COD",1966,17931929,42.169,6.242
"Congo, Dem. Rep.","COD",1967,18462782,42.339,6.267
"Congo, Dem. Rep.","COD",1968,19012189,42.667,6.286
"Congo, Dem. Rep.","COD",1969,19570445,42.959,6.304
"Congo, Dem. Rep.","COD",1970,20137436,43.3,6.329
"Congo, Dem. Rep.","COD",1971,20695569,43.578,6.344
"Congo, Dem. Rep.","COD",1972,21251160,43.869,6.369
"Congo, Dem. Rep.","COD",1973,21827665,44.09,6.385
"Congo, Dem. Rep.","COD",1974,22418878,44.311,6.404
"Congo, Dem. Rep.","COD",1975,23021101,44.53,6.419
"Congo, Dem. Rep.","COD",1976,23624031,44.695,6.437
"Congo, Dem. Rep.","COD",1977,24229061,44.866,6.45
"Congo, Dem. Rep.","COD",1978,24992689,44.628,6.463
"Congo, Dem. Rep.","COD",1979,25886782,45.278,6.479
"Congo, Dem. Rep.","COD",1980,26711099,45.543,6.495
"Congo, Dem. Rep.","COD",1981,27500515,45.726,6.519
"Congo, Dem. Rep.","COD",1982,28338190,45.946,6.54
"Congo, Dem. Rep.","COD",1983,29250963,46.207,6.564
"Congo, Dem. Rep.","COD",1984,30245081,46.514,6.586
"Congo, Dem. Rep.","COD",1985,31264816,46.663,6.612
"Congo, Dem. Rep.","COD",1986,32265196,47.016,6.634
"Congo, Dem. Rep.","COD",1987,33298904,47.362,6.651
"Congo, Dem. Rep.","COD",1988,34382752,47.755,6.656
"Congo, Dem. Rep.","COD",1989,35486866,48.149,6.65
"Congo, Dem. Rep.","COD",1990,36684063,48.538,6.649
"Congo, Dem. Rep.","COD",1991,37925817,48.944,6.645
"Congo, Dem. Rep.","COD",1992,39228910,49.323,6.639
"Congo, Dem. Rep.","COD",1993,40656336,49.621,6.641
"Congo, Dem. Rep.","COD",1994,42626876,49.88,6.643
"Congo, Dem. Rep.","COD",1995,44433704,50.381,6.676
"Congo, Dem. Rep.","COD",1996,45296124,49.376,6.672
"Congo, Dem. Rep.","COD",1997,46029902,50.461,6.69
"Congo, Dem. Rep.","COD",1998,47297600,49.664,6.7
"Congo, Dem. Rep.","COD",1999,48912971,50.089,6.692
"Congo, Dem. Rep.","COD",2000,50507442,51.887,6.702
"Congo, Dem. Rep.","COD",2001,52132646,52.205,6.663
"Congo, Dem. Rep.","COD",2002,53750524,52.371,6.606
"Congo, Dem. Rep.","COD",2003,55343867,52.952,6.549
"Congo, Dem. Rep.","COD",2004,56997741,53.534,6.53
"Congo, Dem. Rep.","COD",2005,58775724,54.001,6.526
"Congo, Dem. Rep.","COD",2006,60615908,54.498,6.547
"Congo, Dem. Rep.","COD",2007,62477752,54.954,6.559
"Congo, Dem. Rep.","COD",2008,64390664,55.388,6.58
"Congo, Dem. Rep.","COD",2009,66412044,55.798,6.591
"Congo, Dem. Rep.","COD",2010,68563038,56.411,6.587
"Congo, Dem. Rep.","COD",2011,70849311,56.911,6.582
"Congo, Dem. Rep.","COD",2012,73254618,57.35,6.559
"Congo, Dem. Rep.","COD",2013,75789395,57.795,6.527
"Congo, Dem. Rep.","COD",2014,78403242,58.236,6.483
"Congo, Dem. Rep.","COD",2015,81035531,58.658,6.437
"Congo, Dem. Rep.","COD",2016,83956415,59.081,6.392
"Congo, Dem. Rep.","COD",2017,87083398,59.495,6.349
"Congo, Dem. Rep.","COD",2018,90047644,59.926,6.302
"Congo, Dem. Rep.","COD",2019,92947442,60.242,6.253
"Congo, Dem. Rep.","COD",2020,95989998,60.428,6.206
"Congo, Dem. Rep.","COD",2021,99148932,60.044,6.156
"Congo, Dem. Rep.","COD",2022,102396968,60.979,6.106
"Congo, Dem. Rep.","COD",2023,105789731,61.895,6.051
"Congo, Rep.","COG",1960,1056732,47.595,6.085
"Congo, Rep.","COG",1961,1084389,48.351,6.093
"Congo, Rep.","COG",1962,1113175,49.038,6.099
"Congo, Rep.","COG",1963,1143263,49.729,6.147
"Congo, Rep.","COG",1964,1174816,50.363,6.183
"Congo, Rep.","COG",1965,1207880,50.996,6.229
"Congo, Rep.","COG",1966,1242534,51.557,6.267
"Congo, Rep.","COG",1967,1278691,51.91,6.29
"Congo, Rep.","COG",1968,1316519,52.62,6.327
"Congo, Rep.","COG",1969,1356182,53.114,6.35
"Congo, Rep.","COG",1970,1397638,53.555,6.376
"Congo, Rep.","COG",1971,1441039,53.983,6.416
"Congo, Rep.","COG",1972,1486468,54.361,6.444
"Congo, Rep.","COG",1973,1533680,54.744,6.42
"Congo, Rep.","COG",1974,1582301,55.053,6.39
"Congo, Rep.","COG",1975,1627032,55.402,6.356
"Congo, Rep.","COG",1976,1667225,55.699,6.317
"Congo, Rep.","COG",1977,1707568,56.027,6.271
"Congo, Rep.","COG",1978,1748089,56.248,6.21
"Congo, Rep.","COG",1979,1788524,56.524,6.143
"Congo, Rep.","COG",1980,1828985,56.803,6.065
"Congo, Rep.","COG",1981,1869759,57.065,5.984
"Congo, Rep.","COG",1982,1910430,57.236,5.85
"Congo, Rep.","COG",1983,1950321,57.428,5.758
"Congo, Rep.","COG",1984,1999528,57.54,5.658
"Congo, Rep.","COG",1985,2059311,57.608,5.587
"Congo, Rep.","COG",1986,2120602,57.633,5.514
"Congo, Rep.","COG",1987,2183473,57.59,5.458
"Congo, Rep.","COG",1988,2247653,57.493,5.392
"Congo, Rep.","COG",1989,2313558,57.292,5.327
"Congo, Rep.","COG",1990,2380560,57.07,5.266
"Congo, Rep.","COG",1991,2449229,56.764,5.221
"Congo, Rep.","COG",1992,2519465,56.483,5.177
"Congo, Rep.","COG",1993,2595124,56.041,5.134
"Congo, Rep.","COG",1994,2673144,55.641,5.103
"Congo, Rep.","COG",1995,2749461,55.474,5.068
"Congo, Rep.","COG",1996,2826785,55.24,5.033
"Congo, Rep.","COG",1997,2887862,48.575,4.997
"Congo, Rep.","COG",1998,2952061,52.551,4.909
"Congo, Rep.","COG",1999,3032874,54.427,4.805
"Congo, Rep.","COG",2000,3151345,55.371,4.724
"Congo, Rep.","COG",2001,3272537,55.885,4.67
"Congo, Rep.","COG",2002,3350771,56.414,4.697
"Congo, Rep.","COG",2003,3445753,57.131,4.696
"Congo, Rep.","COG",2004,3565554,57.957,4.69
"Congo, Rep.","COG",2005,3696393,58.73,4.669
"Congo, Rep.","COG",2006,3837409,59.474,4.651
"Congo, Rep.","COG",2007,3980430,60.05,4.649
"Congo, Rep.","COG",2008,4113517,60.79,4.726
"Congo, Rep.","COG",2009,4281219,61.215,4.808
"Congo, Rep.","COG",2010,4462290,61.731,4.851
"Congo, Rep.","COG",2011,4609724,62.286,4.826
"Congo, Rep.","COG",2012,4740450,62.662,4.785
"Congo, Rep.","COG",2013,4857099,62.969,4.731
"Congo, Rep.","COG",2014,4975880,63.349,4.665
"Congo, Rep.","COG",2015,5097581,63.662,4.607
"Congo, Rep.","COG",2016,5222536,63.911,4.546
"Congo, Rep.","COG",2017,5351011,64.203,4.496
"Congo, Rep.","COG",2018,5483118,64.472,4.442
"Congo, Rep.","COG",2019,5616661,63.152,4.38
"Congo, Rep.","COG",2020,5752791,64.391,4.329
"Congo, Rep.","COG",2021,5892183,64.192,4.28
"Congo, Rep.","COG",2022,6035104,65,4.215
"Congo, Rep.","COG",2023,6182885,65.772,4.157
"Costa Rica","CRI",1960,1327496,63.463,6.712
"Costa Rica","CRI",1961,1377920,63.86,6.651
"Costa Rica","CRI",1962,1429445,64.232,6.543
"Costa Rica","CRI",1963,1481604,64.326,6.389
"Costa Rica","CRI",1964,1533960,64.493,6.193
"Costa Rica","CRI",1965,1586208,64.76,5.96
"Costa Rica","CRI",1966,1638116,65.096,5.697
"Costa Rica","CRI",1967,1689523,65.552,5.416
"Costa Rica","CRI",1968,1739731,65.78,5.028
"Costa Rica","CRI",1969,1789276,66.363,4.835
"Costa Rica","CRI",1970,1838949,66.787,4.585
"Costa Rica","CRI",1971,1888539,67.413,4.362
"Costa Rica","CRI",1972,1938248,68.014,4.158
"Costa Rica","CRI",1973,1988343,68.731,3.991
"Costa Rica","CRI",1974,2039643,69.446,3.893
"Costa Rica","CRI",1975,2092719,70.253,3.804
"Costa Rica","CRI",1976,2147774,70.946,3.747
"Costa Rica","CRI",1977,2205025,71.519,3.701
"Costa Rica","CRI",1978,2264510,72.029,3.662
"Costa Rica","CRI",1979,2326490,72.537,3.651
"Costa Rica","CRI",1980,2390633,73.034,3.583
"Costa Rica","CRI",1981,2456637,73.441,3.556
"Costa Rica","CRI",1982,2524806,73.865,3.54
"Costa Rica","CRI",1983,2595153,74.245,3.525
"Costa Rica","CRI",1984,2667595,74.581,3.519
"Costa Rica","CRI",1985,2741894,74.765,3.511
"Costa Rica","CRI",1986,2817216,74.949,3.454
"Costa Rica","CRI",1987,2892699,75.224,3.384
"Costa Rica","CRI",1988,2968103,75.546,3.314
"Costa Rica","CRI",1989,3043827,75.85,3.238
"Costa Rica","CRI",1990,3121706,76.094,3.167
"Costa Rica","CRI",1991,3202176,76.237,3.075
"Costa Rica","CRI",1992,3284258,76.385,3.001
"Costa Rica","CRI",1993,3367434,76.315,2.928
"Costa Rica","CRI",1994,3451122,76.329,2.857
"Costa Rica","CRI",1995,3535176,76.44,2.779
"Costa Rica","CRI",1996,3619013,76.428,2.681
"Costa Rica","CRI",1997,3701711,76.603,2.589
"Costa Rica","CRI",1998,3782838,76.869,2.527
"Costa Rica","CRI",1999,3862101,77.058,2.481
"Costa Rica","CRI",2000,3937739,77.317,2.413
"Costa Rica","CRI",2001,4008947,77.609,2.312
"Costa Rica","CRI",2002,4075705,77.939,2.162
"Costa Rica","CRI",2003,4138784,78.214,2.084
"Costa Rica","CRI",2004,4200078,78.512,2.028
"Costa Rica","CRI",2005,4261240,78.877,2.038
"Costa Rica","CRI",2006,4321340,79.049,1.937
"Costa Rica","CRI",2007,4380248,79.098,1.954
"Costa Rica","CRI",2008,4440056,79.18,1.98
"Costa Rica","CRI",2009,4499791,79.372,1.953
"Costa Rica","CRI",2010,4555962,79.354,1.827
"Costa Rica","CRI",2011,4609833,79.624,1.877
"Costa Rica","CRI",2012,4663934,79.925,1.851
"Costa Rica","CRI",2013,4716147,80.189,1.779
"Costa Rica","CRI",2014,4767119,80.231,1.8
"Costa Rica","CRI",2015,4818038,80.407,1.797
"Costa Rica","CRI",2016,4866998,79.988,1.746
"Costa Rica","CRI",2017,4913177,79.994,1.714
"Costa Rica","CRI",2018,4957818,80.09,1.706
"Costa Rica","CRI",2019,4999553,80.296,1.6
"Costa Rica","CRI",2020,5034320,79.725,1.448
"Costa Rica","CRI",2021,5059988,78.05,1.353
"Costa Rica","CRI",2022,5081765,79.316,1.335
"Costa Rica","CRI",2023,5105525,80.799,1.33
"Cote d'Ivoire","CIV",1960,3673666,37.244,7.691
"Cote d'Ivoire","CIV",1961,3810151,37.923,7.72
"Cote d'Ivoire","CIV",1962,3956939,38.62,7.75
"Cote d'Ivoire","CIV",1963,4112061,39.315,7.781
"Cote d'Ivoire","CIV",1964,4273952,39.966,7.811
"Cote d'Ivoire","CIV",1965,4442377,40.643,7.841
"Cote d'Ivoire","CIV",1966,4617519,41.297,7.868
"Cote d'Ivoire","CIV",1967,4799744,41.959,7.893
"Cote d'Ivoire","CIV",1968,4990021,42.648,7.912
"Cote d'Ivoire","CIV",1969,5192221,43.345,7.927
"Cote d'Ivoire","CIV",1970,5411567,44.045,7.936
"Cote d'Ivoire","CIV",1971,5650868,44.783,7.941
"Cote d'Ivoire","CIV",1972,5909716,45.575,7.942
"Cote d'Ivoire","CIV",1973,6184944,46.372,7.939
"Cote d'Ivoire","CIV",1974,6474057,47.207,7.929
"Cote d'Ivoire","CIV",1975,6776297,48.03,7.91
"Cote d'Ivoire","CIV",1976,7057958,48.863,7.877
"Cote d'Ivoire","CIV",1977,7321950,49.624,7.828
"Cote d'Ivoire","CIV",1978,7603130,50.361,7.669
"Cote d'Ivoire","CIV",1979,7902267,50.983,7.625
"Cote d'Ivoire","CIV",1980,8220714,51.437,7.586
"Cote d'Ivoire","CIV",1981,8556596,51.791,7.539
"Cote d'Ivoire","CIV",1982,8907936,52.09,7.488
"Cote d'Ivoire","CIV",1983,9272744,52.352,7.417
"Cote d'Ivoire","CIV",1984,9650516,52.648,7.352
"Cote d'Ivoire","CIV",1985,10040483,52.861,7.273
"Cote d'Ivoire","CIV",1986,10440917,53.009,7.187
"Cote d'Ivoire","CIV",1987,10851475,53.118,7.09
"Cote d'Ivoire","CIV",1988,11275189,53.062,6.969
"Cote d'Ivoire","CIV",1989,11719771,52.955,6.85
"Cote d'Ivoire","CIV",1990,12189778,52.796,6.719
"Cote d'Ivoire","CIV",1991,12683870,52.621,6.585
"Cote d'Ivoire","CIV",1992,13200310,52.429,6.426
"Cote d'Ivoire","CIV",1993,13735951,52.247,6.27
"Cote d'Ivoire","CIV",1994,14287201,52.005,6.128
"Cote d'Ivoire","CIV",1995,14855565,51.713,6.038
"Cote d'Ivoire","CIV",1996,15442312,51.596,5.954
"Cote d'Ivoire","CIV",1997,16047170,51.498,5.902
"Cote d'Ivoire","CIV",1998,16663948,51.22,5.854
"Cote d'Ivoire","CIV",1999,17215935,51.273,5.805
"Cote d'Ivoire","CIV",2000,17699004,51.393,5.773
"Cote d'Ivoire","CIV",2001,18178913,51.428,5.704
"Cote d'Ivoire","CIV",2002,18654771,51.544,5.641
"Cote d'Ivoire","CIV",2003,19125542,51.443,5.572
"Cote d'Ivoire","CIV",2004,19595000,51.939,5.527
"Cote d'Ivoire","CIV",2005,20068458,52.432,5.499
"Cote d'Ivoire","CIV",2006,20546802,52.885,5.448
"Cote d'Ivoire","CIV",2007,21030558,53.452,5.403
"Cote d'Ivoire","CIV",2008,21514439,54.179,5.357
"Cote d'Ivoire","CIV",2009,21997940,54.744,5.332
"Cote d'Ivoire","CIV",2010,22488065,55.282,5.292
"Cote d'Ivoire","CIV",2011,22982000,55.972,5.244
"Cote d'Ivoire","CIV",2012,23467078,56.57,5.19
"Cote d'Ivoire","CIV",2013,23939775,57.057,5.135
"Cote d'Ivoire","CIV",2014,24527395,57.772,5.071
"Cote d'Ivoire","CIV",2015,25246342,58.281,4.97
"Cote d'Ivoire","CIV",2016,25989405,58.814,4.873
"Cote d'Ivoire","CIV",2017,26733372,59.315,4.757
"Cote d'Ivoire","CIV",2018,27464173,59.795,4.596
"Cote d'Ivoire","CIV",2019,28193009,60.274,4.523
"Cote d'Ivoire","CIV",2020,28915449,60.14,4.461
"Cote d'Ivoire","CIV",2021,29639736,60.29,4.411
"Cote d'Ivoire","CIV",2022,30395002,61.562,4.349
"Cote d'Ivoire","CIV",2023,31165654,61.944,4.283
"Croatia","HRV",1960,4140181,65.7464878048781,2.239
"Croatia","HRV",1961,4167292,66.3461463414634,2.219
"Croatia","HRV",1962,4196712,67.0652682926829,2.192
"Croatia","HRV",1963,4225675,67.4221463414634,2.145
"Croatia","HRV",1964,4252876,67.8488780487805,2.142
"Croatia","HRV",1965,4280923,68.2781951219512,2.224
"Croatia","HRV",1966,4310701,68.7118292682927,2.227
"Croatia","HRV",1967,4338683,68.8450243902439,2.102
"Croatia","HRV",1968,4365628,68.6990731707317,2.027
"Croatia","HRV",1969,4391490,68.7662926829268,1.951
"Croatia","HRV",1970,4412252,68.9891219512195,1.882
"Croatia","HRV",1971,4431275,69.2641707317073,1.974
"Croatia","HRV",1972,4450564,69.5739268292683,2.007
"Croatia","HRV",1973,4470161,69.9239024390244,2.013
"Croatia","HRV",1974,4490660,70.4333414634146,1.983
"Croatia","HRV",1975,4512082,70.0019512195122,1.951
"Croatia","HRV",1976,4535934,70.4553658536585,1.936
"Croatia","HRV",1977,4559571,70.7443902439024,1.947
"Croatia","HRV",1978,4581085,70.5387804878049,1.955
"Croatia","HRV",1979,4594778,70.4273170731707,1.947
"Croatia","HRV",1980,4599782,70.1753658536586,1.931
"Croatia","HRV",1981,4611509,70.3443902439025,1.926
"Croatia","HRV",1982,4634234,70.4826829268293,1.9
"Croatia","HRV",1983,4658254,70.2748780487805,1.88
"Croatia","HRV",1984,4680285,70.2185365853659,1.87
"Croatia","HRV",1985,4701417,70.8860975609756,1.82
"Croatia","HRV",1986,4721446,71.4190243902439,1.76
"Croatia","HRV",1987,4739745,71.470243902439,1.64
"Croatia","HRV",1988,4755207,71.4882926829268,1.79
"Croatia","HRV",1989,4767260,71.8446341463415,1.63
"Croatia","HRV",1990,4777368,72.1704878048781,1.63
"Croatia","HRV",1991,4689022,72.1853658536586,1.53
"Croatia","HRV",1992,4575818,71.2414634146342,1.48
"Croatia","HRV",1993,4600463,71.5224390243903,1.52
"Croatia","HRV",1994,4652024,71.8034146341463,1.47
"Croatia","HRV",1995,4620030,72.0843902439024,1.58
"Croatia","HRV",1996,4557097,72.3653658536585,1.67
"Croatia","HRV",1997,4534920,72.4951219512195,1.69
"Croatia","HRV",1998,4532135,72.3170731707317,1.45
"Croatia","HRV",1999,4512597,72.6419512195122,1.38
"Croatia","HRV",2000,4468302,72.8078048780488,1.39
"Croatia","HRV",2001,4299642,74.5129268292683,1.46
"Croatia","HRV",2002,4302174,74.7173170731707,1.42
"Croatia","HRV",2003,4303399,74.6139024390244,1.41
"Croatia","HRV",2004,4304600,75.520243902439,1.43
"Croatia","HRV",2005,4310145,75.2446341463415,1.5
"Croatia","HRV",2006,4311159,75.8368292682927,1.47
"Croatia","HRV",2007,4310217,75.7056097560976,1.48
"Croatia","HRV",2008,4309705,75.9121951219512,1.47
"Croatia","HRV",2009,4305181,76.1682926829268,1.5
"Croatia","HRV",2010,4295427,76.4756097560976,1.46
"Croatia","HRV",2011,4280622,76.7756097560976,1.41
"Croatia","HRV",2012,4260368,77.1682926829268,1.52
"Croatia","HRV",2013,4233922,77.5707317073171,1.46
"Croatia","HRV",2014,4201598,77.7243902439024,1.46
"Croatia","HRV",2015,4151725,77.2756097560976,1.41
"Croatia","HRV",2016,4106867,77.9219512195122,1.43
"Croatia","HRV",2017,4041407,77.7268292682927,1.42
"Croatia","HRV",2018,3988775,77.919512195122,1.47
"Croatia","HRV",2019,3949390,78.2243902439024,1.47
"Croatia","HRV",2020,3914206,77.5243902439024,1.48
"Croatia","HRV",2021,3878981,76.4243902439025,1.62
"Croatia","HRV",2022,3855641,77.5756097560976,1.53
"Croatia","HRV",2023,3859686,78.4731707317073,1.46
"Cuba","CUB",1960,7238081,63.316,4.129
"Cuba","CUB",1961,7387117,63.743,4.265
"Cuba","CUB",1962,7541098,64.374,4.421
"Cuba","CUB",1963,7701660,64.347,4.559
"Cuba","CUB",1964,7866020,65.264,4.528
"Cuba","CUB",1965,8030797,65.636,4.504
"Cuba","CUB",1966,8193450,66.074,4.398
"Cuba","CUB",1967,8352625,66.514,4.294
"Cuba","CUB",1968,8509522,66.944,4.194
"Cuba","CUB",1969,8666640,67.358,4.124
"Cuba","CUB",1970,8824382,67.935,3.981
"Cuba","CUB",1971,8979085,68.432,3.799
"Cuba","CUB",1972,9123891,68.949,3.612
"Cuba","CUB",1973,9255328,69.347,3.402
"Cuba","CUB",1974,9374183,69.867,3.164
"Cuba","CUB",1975,9479726,70.375,2.824
"Cuba","CUB",1976,9571242,70.878,2.506
"Cuba","CUB",1977,9648440,71.411,2.209
"Cuba","CUB",1978,9711980,71.89,1.884
"Cuba","CUB",1979,9763355,72.272,1.771
"Cuba","CUB",1980,9804796,72.603,1.637
"Cuba","CUB",1981,9849320,72.996,1.591
"Cuba","CUB",1982,9912681,73.439,1.776
"Cuba","CUB",1983,9991026,73.564,1.801
"Cuba","CUB",1984,10073299,73.552,1.774
"Cuba","CUB",1985,10157228,73.464,1.772
"Cuba","CUB",1986,10244247,73.558,1.779
"Cuba","CUB",1987,10335342,73.596,1.8
"Cuba","CUB",1988,10432585,73.724,1.853
"Cuba","CUB",1989,10533243,73.69,1.832
"Cuba","CUB",1990,10631799,73.823,1.806
"Cuba","CUB",1991,10717640,73.757,1.663
"Cuba","CUB",1992,10785801,73.846,1.562
"Cuba","CUB",1993,10841031,73.874,1.489
"Cuba","CUB",1994,10886021,74.092,1.467
"Cuba","CUB",1995,10925362,74.346,1.481
"Cuba","CUB",1996,10962010,74.69,1.457
"Cuba","CUB",1997,10997934,75.064,1.59
"Cuba","CUB",1998,11034712,75.412,1.617
"Cuba","CUB",1999,11072230,75.719,1.64
"Cuba","CUB",2000,11109109,75.922,1.608
"Cuba","CUB",2001,11144132,76.429,1.595
"Cuba","CUB",2002,11177418,76.766,1.645
"Cuba","CUB",2003,11209383,77.405,1.627
"Cuba","CUB",2004,11238756,77.326,1.546
"Cuba","CUB",2005,11262554,77.54,1.486
"Cuba","CUB",2006,11278550,77.406,1.402
"Cuba","CUB",2007,11287272,77.55,1.436
"Cuba","CUB",2008,11291762,77.589,1.576
"Cuba","CUB",2009,11294719,77.584,1.678
"Cuba","CUB",2010,11297409,77.876,1.673
"Cuba","CUB",2011,11301571,78.051,1.734
"Cuba","CUB",2012,11303175,78.162,1.668
"Cuba","CUB",2013,11298167,78.028,1.678
"Cuba","CUB",2014,11285775,77.825,1.655
"Cuba","CUB",2015,11275065,77.745,1.685
"Cuba","CUB",2016,11265612,77.571,1.6
"Cuba","CUB",2017,11247829,77.3,1.585
"Cuba","CUB",2018,11227118,77.426,1.607
"Cuba","CUB",2019,11202846,77.413,1.54
"Cuba","CUB",2020,11176354,77.407,1.489
"Cuba","CUB",2021,11122168,73.201,1.427
"Cuba","CUB",2022,11059820,77.629,1.412
"Cuba","CUB",2023,11019931,78.085,1.439
"Czechia","CZE",1960,9602006,70.3487804878049,2.09
"Czechia","CZE",1961,9586651,70.5126829268293,2.11
"Czechia","CZE",1962,9624660,69.7868292682927,2.12
"Czechia","CZE",1963,9670685,70.3043902439025,2.31
"Czechia","CZE",1964,9727804,70.459512195122,2.34
"Czechia","CZE",1965,9779358,70.1631707317073,2.18
"Czechia","CZE",1966,9821040,70.3848780487805,2.02
"Czechia","CZE",1967,9852899,70.2641463414634,1.91
"Czechia","CZE",1968,9876346,69.8407317073171,1.84
"Czechia","CZE",1969,9896580,69.3670731707317,1.87
"Czechia","CZE",1970,9858071,69.440243902439,1.92
"Czechia","CZE",1971,9826815,69.6770731707317,2
"Czechia","CZE",1972,9867632,70.1765853658537,2.09
"Czechia","CZE",1973,9922266,70.0226829268293,2.31
"Czechia","CZE",1974,9988459,70.0865853658537,2.46
"Czechia","CZE",1975,10058620,70.4146341463415,2.43
"Czechia","CZE",1976,10125939,70.5326829268293,2.39
"Czechia","CZE",1977,10186755,70.5734146341463,2.34
"Czechia","CZE",1978,10242098,70.6439024390244,2.33
"Czechia","CZE",1979,10292341,70.749512195122,2.27
"Czechia","CZE",1980,10304193,70.2780487804878,2.08
"Czechia","CZE",1981,10300591,70.7221951219512,2
"Czechia","CZE",1982,10314826,70.8078048780488,2
"Czechia","CZE",1983,10323856,70.5914634146341,1.97
"Czechia","CZE",1984,10330213,70.8375609756098,1.97
"Czechia","CZE",1985,10337118,71.0463414634146,1.95
"Czechia","CZE",1986,10342227,70.9973170731707,1.92
"Czechia","CZE",1987,10347318,71.4456097560976,1.91
"Czechia","CZE",1988,10355276,71.6414634146342,1.94
"Czechia","CZE",1989,10361068,71.6756097560976,1.87
"Czechia","CZE",1990,10333355,71.3839024390244,1.9
"Czechia","CZE",1991,10308578,71.8982926829268,1.86
"Czechia","CZE",1992,10319123,72.2717073170732,1.71
"Czechia","CZE",1993,10329855,72.7678048780488,1.67
"Czechia","CZE",1994,10333587,72.9726829268293,1.44
"Czechia","CZE",1995,10327253,73.0748780487805,1.28
"Czechia","CZE",1996,10315241,73.7146341463415,1.18
"Czechia","CZE",1997,10304131,73.8248780487805,1.17
"Czechia","CZE",1998,10294373,74.5146341463415,1.16
"Czechia","CZE",1999,10283860,74.6682926829268,1.13
"Czechia","CZE",2000,10255063,74.9682926829268,1.15
"Czechia","CZE",2001,10216605,75.1731707317073,1.15
"Czechia","CZE",2002,10196916,75.2219512195122,1.17
"Czechia","CZE",2003,10193998,75.1707317073171,1.18
"Czechia","CZE",2004,10197101,75.7219512195122,1.23
"Czechia","CZE",2005,10211216,75.9243902439025,1.29
"Czechia","CZE",2006,10238905,76.5243902439024,1.34
"Czechia","CZE",2007,10298828,76.7243902439025,1.45
"Czechia","CZE",2008,10384603,76.9756097560976,1.51
"Czechia","CZE",2009,10443936,77.0780487804878,1.51
"Czechia","CZE",2010,10474410,77.4243902439025,1.51
"Czechia","CZE",2011,10496088,77.8731707317073,1.43
"Czechia","CZE",2012,10510785,78.0756097560976,1.45
"Czechia","CZE",2013,10514272,78.1756097560976,1.46
"Czechia","CZE",2014,10525347,78.8243902439024,1.53
"Czechia","CZE",2015,10546059,78.5780487804878,1.57
"Czechia","CZE",2016,10566332,79.0268292682927,1.63
"Czechia","CZE",2017,10594438,78.9780487804878,1.69
"Czechia","CZE",2018,10629928,79.0292682926829,1.71
"Czechia","CZE",2019,10671870,79.2292682926829,1.71
"Czechia","CZE",2020,10697858,78.2268292682927,1.74
"Czechia","CZE",2021,10505772,77.2219512195122,1.83
"Czechia","CZE",2022,10672118,78.9292682926829,1.64
"Czechia","CZE",2023,10864042,79.8780487804878,1.45
"Denmark","DNK",1960,4579603,72.1765853658537,2.57
"Denmark","DNK",1961,4611687,72.4382926829268,2.55
"Denmark","DNK",1962,4647727,72.319756097561,2.55
"Denmark","DNK",1963,4684483,72.4004878048781,2.67
"Denmark","DNK",1964,4722072,72.4851219512195,2.6
"Denmark","DNK",1965,4759012,72.3707317073171,2.61
"Denmark","DNK",1966,4797381,72.4441463414634,2.62
"Denmark","DNK",1967,4835354,72.9221951219512,2.35
"Denmark","DNK",1968,4864883,73.1214634146341,2.12
"Denmark","DNK",1969,4891860,73.2209756097561,2
"Denmark","DNK",1970,4928757,73.3434146341463,1.95
"Denmark","DNK",1971,4963126,73.4146341463415,2.04
"Denmark","DNK",1972,4991596,73.4390243902439,2.03
"Denmark","DNK",1973,5021861,73.6821951219512,1.92
"Denmark","DNK",1974,5045297,73.8082926829268,1.9
"Denmark","DNK",1975,5059862,74.0751219512195,1.92
"Denmark","DNK",1976,5072596,73.739756097561,1.75
"Denmark","DNK",1977,5088419,74.6324390243903,1.66
"Denmark","DNK",1978,5104248,74.3929268292683,1.67
"Denmark","DNK",1979,5116801,74.2192682926829,1.6
"Denmark","DNK",1980,5123027,74.1017073170732,1.55
"Denmark","DNK",1981,5121572,74.2304878048781,1.44
"Denmark","DNK",1982,5117810,74.5512195121951,1.43
"Denmark","DNK",1983,5114297,74.4204878048781,1.38
"Denmark","DNK",1984,5111619,74.5621951219512,1.4
"Denmark","DNK",1985,5113691,74.4275609756098,1.45
"Denmark","DNK",1986,5120534,74.579756097561,1.48
"Denmark","DNK",1987,5127024,74.6912195121951,1.5
"Denmark","DNK",1988,5129516,74.7717073170732,1.56
"Denmark","DNK",1989,5132594,74.799756097561,1.62
"Denmark","DNK",1990,5140939,74.8053658536585,1.67
"Denmark","DNK",1991,5154298,75.1578048780488,1.68
"Denmark","DNK",1992,5171370,75.1941463414634,1.76
"Denmark","DNK",1993,5188628,75.1168292682927,1.75
"Denmark","DNK",1994,5206180,75.3751219512195,1.81
"Denmark","DNK",1995,5233373,75.2126829268293,1.8
"Denmark","DNK",1996,5263074,75.5914634146342,1.75
"Denmark","DNK",1997,5284991,75.9451219512195,1.75
"Denmark","DNK",1998,5304219,76.1390243902439,1.72
"Denmark","DNK",1999,5321799,76.3414634146341,1.73
"Denmark","DNK",2000,5339616,76.5926829268293,1.77
"Denmark","DNK",2001,5358783,76.7926829268293,1.74
"Denmark","DNK",2002,5375931,76.8951219512195,1.72
"Denmark","DNK",2003,5390574,77.1439024390244,1.76
"Denmark","DNK",2004,5404523,77.4926829268293,1.78
"Denmark","DNK",2005,5419432,77.8439024390244,1.8
"Denmark","DNK",2006,5437272,78.0951219512195,1.85
"Denmark","DNK",2007,5461438,78.1951219512195,1.84
"Denmark","DNK",2008,5493621,78.4463414634146,1.89
"Denmark","DNK",2009,5523095,78.5975609756098,1.84
"Denmark","DNK",2010,5547683,79.1,1.87
"Denmark","DNK",2011,5570572,79.8,1.75
"Denmark","DNK",2012,5591572,80.0512195121951,1.73
"Denmark","DNK",2013,5614932,80.3,1.67
"Denmark","DNK",2014,5643475,80.7,1.69
"Denmark","DNK",2015,5683483,80.7024390243902,1.71
"Denmark","DNK",2016,5728010,80.8536585365854,1.79
"Denmark","DNK",2017,5764980,81.1024390243903,1.75
"Denmark","DNK",2018,5793636,80.9536585365854,1.73
"Denmark","DNK",2019,5814422,81.4512195121951,1.7
"Denmark","DNK",2020,5831404,81.6024390243903,1.68
"Denmark","DNK",2021,5856733,81.4048780487805,1.72
"Denmark","DNK",2022,5903037,81.3048780487805,1.55
"Denmark","DNK",2023,5946952,81.8536585365854,1.5
"Dominican Republic","DOM",1960,3268336,51.705,7.555
"Dominican Republic","DOM",1961,3373233,52.447,7.487
"Dominican Republic","DOM",1962,3479936,53.199,7.404
"Dominican Republic","DOM",1963,3588287,53.754,7.303
"Dominican Republic","DOM",1964,3698559,54.653,7.186
"Dominican Republic","DOM",1965,3808963,52.842,7.053
"Dominican Republic","DOM",1966,3921847,55.965,6.949
"Dominican Republic","DOM",1967,4038928,56.646,6.755
"Dominican Republic","DOM",1968,4157189,57.272,6.548
"Dominican Republic","DOM",1969,4277035,57.886,6.366
"Dominican Republic","DOM",1970,4399290,58.493,6.184
"Dominican Republic","DOM",1971,4524234,59.09,6.009
"Dominican Republic","DOM",1972,4651883,59.661,5.841
"Dominican Republic","DOM",1973,4782227,60.228,5.667
"Dominican Republic","DOM",1974,4914197,60.757,5.44
"Dominican Republic","DOM",1975,5046776,61.254,5.235
"Dominican Republic","DOM",1976,5180404,61.739,5.046
"Dominican Republic","DOM",1977,5315443,62.2,4.842
"Dominican Republic","DOM",1978,5451882,62.624,4.644
"Dominican Republic","DOM",1979,5589690,62.425,4.473
"Dominican Republic","DOM",1980,5729037,63.391,4.302
"Dominican Republic","DOM",1981,5868453,63.776,4.149
"Dominican Republic","DOM",1982,6007114,64.198,4.014
"Dominican Republic","DOM",1983,6147248,64.63,3.947
"Dominican Republic","DOM",1984,6289040,65.134,3.822
"Dominican Republic","DOM",1985,6430404,65.614,3.686
"Dominican Republic","DOM",1986,6571208,66.059,3.603
"Dominican Republic","DOM",1987,6712515,66.49,3.528
"Dominican Republic","DOM",1988,6855734,66.914,3.5
"Dominican Republic","DOM",1989,7002295,67.331,3.475
"Dominican Republic","DOM",1990,7151166,67.746,3.411
"Dominican Republic","DOM",1991,7299853,68.154,3.349
"Dominican Republic","DOM",1992,7447474,68.525,3.287
"Dominican Republic","DOM",1993,7594572,68.86,3.226
"Dominican Republic","DOM",1994,7741694,69.16,3.163
"Dominican Republic","DOM",1995,7888115,69.394,3.101
"Dominican Republic","DOM",1996,8032894,69.595,3.04
"Dominican Republic","DOM",1997,8174078,69.809,2.922
"Dominican Republic","DOM",1998,8310362,69.875,2.835
"Dominican Republic","DOM",1999,8446208,70.178,2.846
"Dominican Republic","DOM",2000,8584190,70.365,2.869
"Dominican Republic","DOM",2001,8720283,70.553,2.827
"Dominican Republic","DOM",2002,8852235,70.719,2.764
"Dominican Republic","DOM",2003,8980620,70.856,2.703
"Dominican Republic","DOM",2004,9104892,70.73,2.641
"Dominican Republic","DOM",2005,9225034,71.043,2.574
"Dominican Republic","DOM",2006,9341183,71.054,2.508
"Dominican Republic","DOM",2007,9455658,71.097,2.51
"Dominican Republic","DOM",2008,9573130,71.331,2.546
"Dominican Republic","DOM",2009,9695265,71.587,2.574
"Dominican Republic","DOM",2010,9820175,72.039,2.556
"Dominican Republic","DOM",2011,9945621,72.496,2.527
"Dominican Republic","DOM",2012,10070411,72.817,2.497
"Dominican Republic","DOM",2013,10193833,73.038,2.474
"Dominican Republic","DOM",2014,10315528,73.145,2.451
"Dominican Republic","DOM",2015,10434829,72.982,2.43
"Dominican Republic","DOM",2016,10551430,72.889,2.41
"Dominican Republic","DOM",2017,10666843,73.37,2.398
"Dominican Republic","DOM",2018,10782053,73.555,2.397
"Dominican Republic","DOM",2019,10894043,73.112,2.366
"Dominican Republic","DOM",2020,11008300,72.636,2.329
"Dominican Republic","DOM",2021,11123476,71.757,2.294
"Dominican Republic","DOM",2022,11230734,74.211,2.267
"Dominican Republic","DOM",2023,11331265,73.72,2.243
"Ecuador","ECU",1960,4590891,53.396,6.721
"Ecuador","ECU",1961,4722331,54.052,6.7
"Ecuador","ECU",1962,4859269,54.681,6.676
"Ecuador","ECU",1963,5001716,55.322,6.646
"Ecuador","ECU",1964,5149918,55.95,6.61
"Ecuador","ECU",1965,5303963,56.524,6.564
"Ecuador","ECU",1966,5463748,57.019,6.507
"Ecuador","ECU",1967,5629057,57.482,6.436
"Ecuador","ECU",1968,5799680,57.946,6.351
"Ecuador","ECU",1969,5975236,58.267,6.252
"Ecuador","ECU",1970,6155387,58.85,6.138
"Ecuador","ECU",1971,6340052,59.343,6.011
"Ecuador","ECU",1972,6529034,59.816,5.873
"Ecuador","ECU",1973,6722033,60.306,5.727
"Ecuador","ECU",1974,6918573,60.7,5.577
"Ecuador","ECU",1975,7118251,61.085,5.426
"Ecuador","ECU",1976,7320912,61.425,5.276
"Ecuador","ECU",1977,7526819,61.935,5.13
"Ecuador","ECU",1978,7736167,62.397,4.989
"Ecuador","ECU",1979,7948869,62.854,4.855
"Ecuador","ECU",1980,8165877,63.326,4.73
"Ecuador","ECU",1981,8386910,63.809,4.612
"Ecuador","ECU",1982,8611298,64.271,4.501
"Ecuador","ECU",1983,8840417,64.659,4.395
"Ecuador","ECU",1984,9074782,65.202,4.305
"Ecuador","ECU",1985,9311154,65.625,4.145
"Ecuador","ECU",1986,9545998,66.123,4
"Ecuador","ECU",1987,9779290,66.587,3.87
"Ecuador","ECU",1988,10010808,67.038,3.787
"Ecuador","ECU",1989,10241852,67.817,3.736
"Ecuador","ECU",1990,10473673,68.445,3.68
"Ecuador","ECU",1991,10702380,69.04,3.633
"Ecuador","ECU",1992,10930128,69.468,3.575
"Ecuador","ECU",1993,11154274,70.07,3.491
"Ecuador","ECU",1994,11372197,70.876,3.42
"Ecuador","ECU",1995,11590514,71.349,3.381
"Ecuador","ECU",1996,11810950,71.82,3.351
"Ecuador","ECU",1997,12031127,72.007,3.288
"Ecuador","ECU",1998,12251184,71.949,3.228
"Ecuador","ECU",1999,12470795,71.92,3.166
"Ecuador","ECU",2000,12689206,72.09,3.102
"Ecuador","ECU",2001,12910740,72.571,3.037
"Ecuador","ECU",2002,13138472,73.164,2.972
"Ecuador","ECU",2003,13372306,73.632,2.911
"Ecuador","ECU",2004,13608701,73.868,2.853
"Ecuador","ECU",2005,13846163,73.909,2.8
"Ecuador","ECU",2006,14086131,74.01,2.753
"Ecuador","ECU",2007,14328773,74.226,2.704
"Ecuador","ECU",2008,14575202,74.709,2.688
"Ecuador","ECU",2009,14825954,74.901,2.678
"Ecuador","ECU",2010,15076695,75.188,2.615
"Ecuador","ECU",2011,15326227,75.179,2.605
"Ecuador","ECU",2012,15572194,75.486,2.509
"Ecuador","ECU",2013,15807128,75.832,2.362
"Ecuador","ECU",2014,16035124,76.141,2.274
"Ecuador","ECU",2015,16266225,76.222,2.209
"Ecuador","ECU",2016,16505139,76.094,2.122
"Ecuador","ECU",2017,16759519,76.22,2.128
"Ecuador","ECU",2018,17049547,77.248,2.111
"Ecuador","ECU",2019,17340021,77.286,2.035
"Ecuador","ECU",2020,17546065,72.004,1.967
"Ecuador","ECU",2021,17682454,72.746,1.909
"Ecuador","ECU",2022,17823897,76.577,1.861
"Ecuador","ECU",2023,17980083,77.392,1.823
"Egypt, Arab Rep.","EGY",1960,26896479,44.436,6.793
"Egypt, Arab Rep.","EGY",1961,27600898,45.146,6.758
"Egypt, Arab Rep.","EGY",1962,28337013,45.844,6.709
"Egypt, Arab Rep.","EGY",1963,29091869,46.493,6.648
"Egypt, Arab Rep.","EGY",1964,29858922,47.075,6.541
"Egypt, Arab Rep.","EGY",1965,30629174,47.577,6.387
"Egypt, Arab Rep.","EGY",1966,31406541,47.988,6.308
"Egypt, Arab Rep.","EGY",1967,32196360,48.13,6.252
"Egypt, Arab Rep.","EGY",1968,32998319,48.602,6.193
"Egypt, Arab Rep.","EGY",1969,33811615,48.7,6.12
"Egypt, Arab Rep.","EGY",1970,34623990,49,6.059
"Egypt, Arab Rep.","EGY",1971,35433368,49.48,5.99
"Egypt, Arab Rep.","EGY",1972,36258328,49.908,5.929
"Egypt, Arab Rep.","EGY",1973,37102043,50.098,5.843
"Egypt, Arab Rep.","EGY",1974,37969667,51.044,5.784
"Egypt, Arab Rep.","EGY",1975,38875327,51.734,5.749
"Egypt, Arab Rep.","EGY",1976,39795557,52.484,5.727
"Egypt, Arab Rep.","EGY",1977,40748870,53.272,5.678
"Egypt, Arab Rep.","EGY",1978,41761431,54.075,5.629
"Egypt, Arab Rep.","EGY",1979,42818628,54.876,5.569
"Egypt, Arab Rep.","EGY",1980,43950413,55.673,5.494
"Egypt, Arab Rep.","EGY",1981,45147224,56.454,5.368
"Egypt, Arab Rep.","EGY",1982,46407611,57.219,5.329
"Egypt, Arab Rep.","EGY",1983,47786402,57.967,5.308
"Egypt, Arab Rep.","EGY",1984,49247334,58.697,5.207
"Egypt, Arab Rep.","EGY",1985,50734968,59.405,5.116
"Egypt, Arab Rep.","EGY",1986,52206295,60.085,4.998
"Egypt, Arab Rep.","EGY",1987,53674435,60.736,4.911
"Egypt, Arab Rep.","EGY",1988,55187681,61.358,4.833
"Egypt, Arab Rep.","EGY",1989,56710642,61.949,4.676
"Egypt, Arab Rep.","EGY",1990,58396618,62.513,4.512
"Egypt, Arab Rep.","EGY",1991,60028997,63.059,4.315
"Egypt, Arab Rep.","EGY",1992,61480660,63.585,4.149
"Egypt, Arab Rep.","EGY",1993,62915681,64.147,3.993
"Egypt, Arab Rep.","EGY",1994,64285589,64.663,3.865
"Egypt, Arab Rep.","EGY",1995,65652622,65.214,3.764
"Egypt, Arab Rep.","EGY",1996,67028048,65.733,3.7
"Egypt, Arab Rep.","EGY",1997,68431740,66.207,3.682
"Egypt, Arab Rep.","EGY",1998,69943294,66.635,3.681
"Egypt, Arab Rep.","EGY",1999,71520954,67.01,3.599
"Egypt, Arab Rep.","EGY",2000,73083284,67.332,3.505
"Egypt, Arab Rep.","EGY",2001,74652029,67.612,3.46
"Egypt, Arab Rep.","EGY",2002,76239137,67.846,3.412
"Egypt, Arab Rep.","EGY",2003,77853548,68.045,3.352
"Egypt, Arab Rep.","EGY",2004,79477443,68.211,3.283
"Egypt, Arab Rep.","EGY",2005,81101004,68.355,3.254
"Egypt, Arab Rep.","EGY",2006,82700403,68.493,3.223
"Egypt, Arab Rep.","EGY",2007,84276225,68.627,3.237
"Egypt, Arab Rep.","EGY",2008,85864789,68.761,3.238
"Egypt, Arab Rep.","EGY",2009,87501636,68.915,3.259
"Egypt, Arab Rep.","EGY",2010,89196072,69.078,3.296
"Egypt, Arab Rep.","EGY",2011,91093059,69.232,3.311
"Egypt, Arab Rep.","EGY",2012,93161001,69.464,3.4
"Egypt, Arab Rep.","EGY",2013,95333553,69.632,3.49
"Egypt, Arab Rep.","EGY",2014,97528654,69.911,3.49
"Egypt, Arab Rep.","EGY",2015,99597342,70.135,3.5
"Egypt, Arab Rep.","EGY",2016,101644589,70.437,3.35
"Egypt, Arab Rep.","EGY",2017,103696057,70.709,3.31
"Egypt, Arab Rep.","EGY",2018,105682094,70.974,3.02
"Egypt, Arab Rep.","EGY",2019,107553158,71.213,2.87
"Egypt, Arab Rep.","EGY",2020,109315124,69.79,2.85
"Egypt, Arab Rep.","EGY",2021,110957008,68.976,2.75
"Egypt, Arab Rep.","EGY",2022,112618250,71.01,2.75
"Egypt, Arab Rep.","EGY",2023,114535772,71.633,2.75
"El Salvador","SLV",1960,2791459,48.292,6.618
"El Salvador","SLV",1961,2870016,48.633,6.644
"El Salvador","SLV",1962,2949204,49.001,6.675
"El Salvador","SLV",1963,3028679,49.38,6.69
"El Salvador","SLV",1964,3111883,49.75,6.684
"El Salvador","SLV",1965,3199466,50.208,6.636
"El Salvador","SLV",1966,3290961,50.672,6.565
"El Salvador","SLV",1967,3385184,50.844,6.487
"El Salvador","SLV",1968,3480773,50.837,6.386
"El Salvador","SLV",1969,3576485,51.279,6.278
"El Salvador","SLV",1970,3668796,51.364,6.178
"El Salvador","SLV",1971,3757523,51.665,6.13
"El Salvador","SLV",1972,3846830,51.956,6.032
"El Salvador","SLV",1973,3938068,52.782,5.929
"El Salvador","SLV",1974,4029671,52.891,5.822
"El Salvador","SLV",1975,4120449,53.422,5.705
"El Salvador","SLV",1976,4210310,54.375,5.59
"El Salvador","SLV",1977,4301256,54.047,5.473
"El Salvador","SLV",1978,4394114,54.709,5.357
"El Salvador","SLV",1979,4480388,53.805,5.234
"El Salvador","SLV",1980,4540382,48.589,5.107
"El Salvador","SLV",1981,4570599,50.889,4.986
"El Salvador","SLV",1982,4622477,53.342,4.826
"El Salvador","SLV",1983,4707367,54.373,4.65
"El Salvador","SLV",1984,4798003,56.571,4.478
"El Salvador","SLV",1985,4894706,58.031,4.316
"El Salvador","SLV",1986,4992769,59.329,4.194
"El Salvador","SLV",1987,5092441,59.402,4.175
"El Salvador","SLV",1988,5195833,59.977,4.103
"El Salvador","SLV",1989,5298979,61.254,4.033
"El Salvador","SLV",1990,5399726,61.981,3.964
"El Salvador","SLV",1991,5495077,62.542,3.889
"El Salvador","SLV",1992,5585609,62.944,3.802
"El Salvador","SLV",1993,5659957,63.998,3.691
"El Salvador","SLV",1994,5714129,64.47,3.613
"El Salvador","SLV",1995,5762131,64.903,3.568
"El Salvador","SLV",1996,5805286,65.48,3.482
"El Salvador","SLV",1997,5844578,66.248,3.377
"El Salvador","SLV",1998,5880781,66.655,3.342
"El Salvador","SLV",1999,5913900,67.285,3.217
"El Salvador","SLV",2000,5943366,67.711,3.076
"El Salvador","SLV",2001,5968060,67.965,2.93
"El Salvador","SLV",2002,5986631,68.526,2.775
"El Salvador","SLV",2003,5998599,68.792,2.636
"El Salvador","SLV",2004,6004671,69.295,2.516
"El Salvador","SLV",2005,6005578,69.336,2.44
"El Salvador","SLV",2006,6002319,69.612,2.395
"El Salvador","SLV",2007,6009824,69.82,2.354
"El Salvador","SLV",2008,6029297,70.138,2.291
"El Salvador","SLV",2009,6048279,70.359,2.261
"El Salvador","SLV",2010,6068249,70.909,2.239
"El Salvador","SLV",2011,6090127,71.192,2.224
"El Salvador","SLV",2012,6113975,71.42,2.187
"El Salvador","SLV",2013,6138839,71.225,2.154
"El Salvador","SLV",2014,6162955,71.144,2.126
"El Salvador","SLV",2015,6183676,70.952,2.067
"El Salvador","SLV",2016,6200800,70.908,1.965
"El Salvador","SLV",2017,6213533,71.007,1.896
"El Salvador","SLV",2018,6219807,71.384,1.849
"El Salvador","SLV",2019,6222318,71.725,1.838
"El Salvador","SLV",2020,6234673,70.244,1.819
"El Salvador","SLV",2021,6255782,69.941,1.803
"El Salvador","SLV",2022,6280319,71.969,1.785
"El Salvador","SLV",2023,6309624,72.099,1.775
"Eritrea","ERI",1960,972547,37.443,6.483
"Eritrea","ERI",1961,995573,37.912,6.474
"Eritrea","ERI",1962,1019788,38.346,6.496
"Eritrea","ERI",1963,1045092,38.833,6.481
"Eritrea","ERI",1964,1071287,39.184,6.487
"Eritrea","ERI",1965,1098335,39.576,6.494
"Eritrea","ERI",1966,1124957,37.634,6.497
"Eritrea","ERI",1967,1152339,40.151,6.504
"Eritrea","ERI",1968,1181737,40.483,6.503
"Eritrea","ERI",1969,1212005,40.792,6.503
"Eritrea","ERI",1970,1243453,41.162,6.541
"Eritrea","ERI",1971,1276154,41.527,6.541
"Eritrea","ERI",1972,1309235,40.723,6.538
"Eritrea","ERI",1973,1342669,41.131,6.548
"Eritrea","ERI",1974,1375688,39.001,6.567
"Eritrea","ERI",1975,1408210,39.031,6.586
"Eritrea","ERI",1976,1443807,42.587,6.603
"Eritrea","ERI",1977,1482565,42.984,6.608
"Eritrea","ERI",1978,1522378,43.38,6.607
"Eritrea","ERI",1979,1563332,43.78,6.621
"Eritrea","ERI",1980,1605797,44.625,6.614
"Eritrea","ERI",1981,1649939,44.974,6.622
"Eritrea","ERI",1982,1695461,44.891,6.634
"Eritrea","ERI",1983,1736160,37.173,6.646
"Eritrea","ERI",1984,1771730,37.679,6.623
"Eritrea","ERI",1985,1807816,38.586,6.587
"Eritrea","ERI",1986,1845164,39.541,6.555
"Eritrea","ERI",1987,1888669,47.363,6.52
"Eritrea","ERI",1988,1938255,48.094,6.467
"Eritrea","ERI",1989,1987017,47.802,6.413
"Eritrea","ERI",1990,2032737,49.733,6.338
"Eritrea","ERI",1991,1919571,50.516,6.242
"Eritrea","ERI",1992,1798748,52.436,6.156
"Eritrea","ERI",1993,1856006,53.189,6.069
"Eritrea","ERI",1994,1913915,54.027,6.005
"Eritrea","ERI",1995,2025267,54.822,5.939
"Eritrea","ERI",1996,2128464,55.498,5.841
"Eritrea","ERI",1997,2152135,56.155,5.743
"Eritrea","ERI",1998,2180419,49.997,5.633
"Eritrea","ERI",1999,2212780,44.506,5.516
"Eritrea","ERI",2000,2247031,56.285,5.397
"Eritrea","ERI",2001,2312079,58.359,5.306
"Eritrea","ERI",2002,2392978,58.941,5.233
"Eritrea","ERI",2003,2493903,59.455,5.143
"Eritrea","ERI",2004,2598284,60.063,5.036
"Eritrea","ERI",2005,2661215,60.628,4.934
"Eritrea","ERI",2006,2703502,61.457,4.881
"Eritrea","ERI",2007,2743222,61.998,4.812
"Eritrea","ERI",2008,2816327,62.422,4.737
"Eritrea","ERI",2009,2887885,63.203,4.656
"Eritrea","ERI",2010,2945186,63.665,4.571
"Eritrea","ERI",2011,2998485,64.231,4.486
"Eritrea","ERI",2012,3036988,64.697,4.407
"Eritrea","ERI",2013,3074360,65.005,4.335
"Eritrea","ERI",2014,3095173,65.517,4.273
"Eritrea","ERI",2015,3105546,65.909,4.217
"Eritrea","ERI",2016,3124698,66.242,4.164
"Eritrea","ERI",2017,3150347,66.612,4.112
"Eritrea","ERI",2018,3192760,66.979,4.056
"Eritrea","ERI",2019,3240194,67.306,3.997
"Eritrea","ERI",2020,3291271,66.98,3.933
"Eritrea","ERI",2021,3350183,66.94,3.867
"Eritrea","ERI",2022,3409447,67.789,3.786
"Eritrea","ERI",2023,3470390,68.624,3.713
"Estonia","EST",1960,1211537,68.749268292683,1.98
"Estonia","EST",1961,1225077,69.0778780487805,1.98
"Estonia","EST",1962,1241623,69.2920243902439,1.95
"Estonia","EST",1963,1258857,69.3215609756098,1.89
"Estonia","EST",1964,1277086,70.0720975609756,1.94
"Estonia","EST",1965,1294566,70.1765853658537,1.88
"Estonia","EST",1966,1308597,70.1464634146342,1.87
"Estonia","EST",1967,1318946,70.4324146341464,1.9
"Estonia","EST",1968,1331214,70.0807804878049,2.03
"Estonia","EST",1969,1345249,69.7894634146342,2.13
"Estonia","EST",1970,1360076,69.9242195121951,2.17
"Estonia","EST",1971,1376955,70.1225609756098,2.19
"Estonia","EST",1972,1392518,69.9291951219512,2.13
"Estonia","EST",1973,1405951,70.2300243902439,2.06
"Estonia","EST",1974,1418169,70.3461951219512,2.07
"Estonia","EST",1975,1429352,69.7081219512195,2.04
"Estonia","EST",1976,1439576,69.3450731707317,2.07
"Estonia","EST",1977,1450211,69.4489512195122,2.06
"Estonia","EST",1978,1460188,69.2972682926829,2.02
"Estonia","EST",1979,1468333,69.0543170731707,2
"Estonia","EST",1980,1477219,69.1147804878049,2.02
"Estonia","EST",1981,1487666,68.9780487804878,2.07
"Estonia","EST",1982,1498414,69.1268292682927,2.07
"Estonia","EST",1983,1508745,69.3756097560976,2.16
"Estonia","EST",1984,1518617,69.2780487804878,2.17
"Estonia","EST",1985,1528781,69.3804878048781,2.13
"Estonia","EST",1986,1540190,70.0853658536585,2.18
"Estonia","EST",1987,1552221,70.6439024390244,2.27
"Estonia","EST",1988,1561900,70.6975609756098,2.27
"Estonia","EST",1989,1568131,70.0390243902439,2.22
"Estonia","EST",1990,1569174,69.4756097560976,2.05
"Estonia","EST",1991,1561314,69.3731707317073,1.8
"Estonia","EST",1992,1533091,68.8634146341464,1.71
"Estonia","EST",1993,1494128,67.909756097561,1.49
"Estonia","EST",1994,1462514,66.5,1.42
"Estonia","EST",1995,1436634,67.5439024390244,1.38
"Estonia","EST",1996,1415594,69.6121951219512,1.37
"Estonia","EST",1997,1399535,69.809756097561,1.32
"Estonia","EST",1998,1386156,69.3585365853659,1.28
"Estonia","EST",1999,1390244,70.0634146341463,1.3
"Estonia","EST",2000,1396985,70.4170731707317,1.36
"Estonia","EST",2001,1388115,70.2585365853659,1.32
"Estonia","EST",2002,1379350,70.9048780487805,1.36
"Estonia","EST",2003,1370720,71.3170731707317,1.37
"Estonia","EST",2004,1362550,71.909756097561,1.47
"Estonia","EST",2005,1354775,72.5682926829268,1.52
"Estonia","EST",2006,1346810,72.6914634146341,1.58
"Estonia","EST",2007,1340680,72.8146341463415,1.69
"Estonia","EST",2008,1337090,73.7707317073171,1.72
"Estonia","EST",2009,1334515,74.8243902439024,1.7
"Estonia","EST",2010,1331475,75.4292682926829,1.72
"Estonia","EST",2011,1327439,76.2292682926829,1.61
"Estonia","EST",2012,1322696,76.3268292682927,1.56
"Estonia","EST",2013,1317997,77.1414634146341,1.52
"Estonia","EST",2014,1314545,77.0341463414634,1.54
"Estonia","EST",2015,1315407,77.590243902439,1.58
"Estonia","EST",2016,1315790,77.6414634146342,1.6
"Estonia","EST",2017,1317384,78.0926829268293,1.59
"Estonia","EST",2018,1321977,78.2439024390244,1.67
"Estonia","EST",2019,1326898,78.6463414634147,1.66
"Estonia","EST",2020,1329522,78.5951219512195,1.58
"Estonia","EST",2021,1330932,76.9439024390244,1.61
"Estonia","EST",2022,1348840,77.8439024390244,1.41
"Estonia","EST",2023,1370286,78.490243902439,1.31
"Ethiopia","ETH",1960,21376693,39.615,6.514
"Ethiopia","ETH",1961,21906102,40.198,6.533
"Ethiopia","ETH",1962,22465126,40.531,6.561
"Ethiopia","ETH",1963,23051637,40.967,6.586
"Ethiopia","ETH",1964,23666548,41.261,6.612
"Ethiopia","ETH",1965,24310612,41.413,6.63
"Ethiopia","ETH",1966,24952689,39.343,6.661
"Ethiopia","ETH",1967,25620276,41.941,6.684
"Ethiopia","ETH",1968,26337930,42.092,6.7
"Ethiopia","ETH",1969,27072571,42.131,6.719
"Ethiopia","ETH",1970,27829128,42.115,6.782
"Ethiopia","ETH",1971,28600106,42.216,6.838
"Ethiopia","ETH",1972,29374608,41.035,6.895
"Ethiopia","ETH",1973,30166785,41.103,6.962
"Ethiopia","ETH",1974,30957273,39.083,7.018
"Ethiopia","ETH",1975,31723252,38.941,7.079
"Ethiopia","ETH",1976,32534418,41.32,7.129
"Ethiopia","ETH",1977,33167272,41.397,7.189
"Ethiopia","ETH",1978,33734592,41.506,7.229
"Ethiopia","ETH",1979,34238652,42.376,7.248
"Ethiopia","ETH",1980,34428514,42.815,7.287
"Ethiopia","ETH",1981,35304012,43.084,7.313
"Ethiopia","ETH",1982,36701290,43.434,7.337
"Ethiopia","ETH",1983,37740817,36.319,7.351
"Ethiopia","ETH",1984,38735722,36.737,7.356
"Ethiopia","ETH",1985,39842136,37.747,7.338
"Ethiopia","ETH",1986,41037656,38.371,7.318
"Ethiopia","ETH",1987,42460039,45.892,7.293
"Ethiopia","ETH",1988,44150825,45.682,7.262
"Ethiopia","ETH",1989,45879690,45.644,7.229
"Ethiopia","ETH",1990,47609755,45.117,7.196
"Ethiopia","ETH",1991,49717198,46.657,7.161
"Ethiopia","ETH",1992,51853747,47.279,7.125
"Ethiopia","ETH",1993,53708891,47.676,7.088
"Ethiopia","ETH",1994,55611508,47.926,7.051
"Ethiopia","ETH",1995,57537335,48.156,6.998
"Ethiopia","ETH",1996,59467635,48.697,6.928
"Ethiopia","ETH",1997,61404539,49.21,6.869
"Ethiopia","ETH",1998,63363524,49.785,6.792
"Ethiopia","ETH",1999,65374561,49.486,6.721
"Ethiopia","ETH",2000,67411494,50.88,6.654
"Ethiopia","ETH",2001,69487762,51.428,6.579
"Ethiopia","ETH",2002,71635517,52.085,6.499
"Ethiopia","ETH",2003,73832663,52.877,6.4
"Ethiopia","ETH",2004,76077206,53.735,6.301
"Ethiopia","ETH",2005,78367470,54.364,6.194
"Ethiopia","ETH",2006,80703490,55.402,6.047
"Ethiopia","ETH",2007,83103217,56.566,5.887
"Ethiopia","ETH",2008,85543668,57.733,5.695
"Ethiopia","ETH",2009,88007636,58.715,5.488
"Ethiopia","ETH",2010,90538514,59.709,5.282
"Ethiopia","ETH",2011,93149970,60.595,5.08
"Ethiopia","ETH",2012,95798767,61.443,4.887
"Ethiopia","ETH",2013,98438751,62.161,4.708
"Ethiopia","ETH",2014,101115610,62.927,4.605
"Ethiopia","ETH",2015,103867135,63.592,4.529
"Ethiopia","ETH",2016,106718162,64.162,4.473
"Ethiopia","ETH",2017,109666481,64.766,4.401
"Ethiopia","ETH",2018,112664152,65.257,4.371
"Ethiopia","ETH",2019,115737383,65.741,4.347
"Ethiopia","ETH",2020,118917671,65.969,4.274
"Ethiopia","ETH",2021,122138588,65.33,4.177
"Ethiopia","ETH",2022,125384287,66.897,4.082
"Ethiopia","ETH",2023,128691692,67.315,3.989
"Euro area","EMU",1960,270148970,69.2643837390806,2.59975818607113
"Euro area","EMU",1961,272472951,69.6611114367746,2.63015351026318
"Euro area","EMU",1962,274815182,69.6367436948097,2.63518538965192
"Euro area","EMU",1963,277205348,69.7972724163529,2.67266741909255
"Euro area","EMU",1964,279621056,70.3459672680766,2.72530161970623
"Euro area","EMU",1965,282028347,70.4292993671416,2.67505632586126
"Euro area","EMU",1966,284299197,70.6804275228543,2.65722370598909
"Euro area","EMU",1967,286298506,70.8622318109633,2.61187561645373
"Euro area","EMU",1968,288206171,70.7719681967319,2.54258030640495
"Euro area","EMU",1969,290179378,70.6887116120244,2.47939531607294
"Euro area","EMU",1970,291834356,71.1076329543518,2.38410272407059
"Euro area","EMU",1971,293516097,71.2583987012538,2.33847189433581
"Euro area","EMU",1972,295527442,71.6101459215864,2.23260014100804
"Euro area","EMU",1973,297413652,71.7217999495399,2.12941410799484
"Euro area","EMU",1974,299065145,72.059143247283,2.09649412590041
"Euro area","EMU",1975,300516726,72.1282548964727,2.02084109974449
"Euro area","EMU",1976,301804324,72.4556008875793,1.98135683886252
"Euro area","EMU",1977,303021757,72.8923283984804,1.90748879779704
"Euro area","EMU",1978,304275086,73.0452597271306,1.85314203911304
"Euro area","EMU",1979,305541545,73.3842963657177,1.80266909207033
"Euro area","EMU",1980,306894340,73.5324597139644,1.77644703701026
"Euro area","EMU",1981,308127421,73.8077254152999,1.72809029657114
"Euro area","EMU",1982,308901125,74.1516224797819,1.70125419113931
"Euro area","EMU",1983,309543455,74.2225186589235,1.64318451254864
"Euro area","EMU",1984,310046458,74.6197485732588,1.60649944814442
"Euro area","EMU",1985,310617659,74.759320301957,1.59482388236642
"Euro area","EMU",1986,311372728,75.0531207580425,1.58307328931414
"Euro area","EMU",1987,312223048,75.3657424947315,1.55983721546578
"Euro area","EMU",1988,313272522,75.5576776058842,1.56651482703042
"Euro area","EMU",1989,314634075,75.7431084684158,1.53156206768297
"Euro area","EMU",1990,316087007,75.8176710447045,1.53615867510014
"Euro area","EMU",1991,317407910,75.967680459718,1.48982168580762
"Euro area","EMU",1992,318742973,76.3077212128388,1.46860137918803
"Euro area","EMU",1993,320053176,76.4132090987759,1.43667684217113
"Euro area","EMU",1994,321024031,76.7241794048485,1.39942410584762
"Euro area","EMU",1995,321808185,76.8823133359499,1.38642376809999
"Euro area","EMU",1996,322568383,77.1483236763399,1.40044552647729
"Euro area","EMU",1997,323306275,77.5088681140576,1.4208806854498
"Euro area","EMU",1998,323976358,77.7189067294807,1.41837372215353
"Euro area","EMU",1999,324781951,77.9456362720954,1.43078825387215
"Euro area","EMU",2000,325789631,78.1997793340467,1.47000450326359
"Euro area","EMU",2001,326861195,78.5435434936,1.45710414572334
"Euro area","EMU",2002,328469678,78.6341349112633,1.45922787298589
"Euro area","EMU",2003,330286340,78.6557621579425,1.47324556629415
"Euro area","EMU",2004,332140117,79.2321623652194,1.4957103896907
"Euro area","EMU",2005,333897752,79.3748507782536,1.49861296956154
"Euro area","EMU",2006,335499702,79.8077212879617,1.52311106055284
"Euro area","EMU",2007,337282985,80.0477786971357,1.53830556995239
"Euro area","EMU",2008,338978475,80.2510876108346,1.57810215695352
"Euro area","EMU",2009,340136844,80.4554611719191,1.56180805370808
"Euro area","EMU",2010,341002804,80.6989426195589,1.57511738680375
"Euro area","EMU",2011,340367367,81.1826341807676,1.5560401473683
"Euro area","EMU",2012,341100659,81.1827315779388,1.55179485470635
"Euro area","EMU",2013,341639530,81.4679843013022,1.52942858218294
"Euro area","EMU",2014,342228563,81.8932526571977,1.55214477889914
"Euro area","EMU",2015,343180482,81.5193991217567,1.54977026045957
"Euro area","EMU",2016,344132977,81.9075874931284,1.57007164981904
"Euro area","EMU",2017,344810179,81.8840085594744,1.54580992787289
"Euro area","EMU",2018,345864630,82.0027602577719,1.52642188392298
"Euro area","EMU",2019,346496601,82.2804211551829,1.50367163161597
"Euro area","EMU",2020,346986142,81.4873571657503,1.47945704089057
"Euro area","EMU",2021,347207191,81.5839330415712,1.50830730430334
"Euro area","EMU",2022,348200155,81.6232025628471,1.44288706498202
"Euro area","EMU",2023,349762722,82.194952481038,1.37678099626159
"European Union","EUU",1960,357710476,69.0671020895382,2.57148406298234
"European Union","EUU",1961,360681613,69.4392695905887,2.57127117139189
"European Union","EUU",1962,363707978,69.2909076137991,2.55482184429641
"European Union","EUU",1963,366840786,69.6489882848285,2.58790101222227
"European Union","EUU",1964,370055037,70.1647343396653,2.61602359254131
"European Union","EUU",1965,373129199,70.2771902460445,2.56288433357445
"European Union","EUU",1966,376058575,70.5914564639663,2.5290730551769
"European Union","EUU",1967,378902917,70.5976966281429,2.58684682161097
"European Union","EUU",1968,381579577,70.5992917183003,2.52373931220099
"European Union","EUU",1969,384226226,70.4245972154549,2.44429422036683
"European Union","EUU",1970,386406167,70.8238607805578,2.35310353605946
"European Union","EUU",1971,388553371,70.9648430220726,2.31232561159444
"European Union","EUU",1972,391197266,71.3489565159984,2.22577061085602
"European Union","EUU",1973,393739994,71.4688868369684,2.15121217250224
"European Union","EUU",1974,396124649,71.7828836602127,2.1583055980113
"European Union","EUU",1975,398397694,71.8015512727738,2.0943481561713
"European Union","EUU",1976,400490355,72.0726505674169,2.05668031073776
"European Union","EUU",1977,402445831,72.3957408451131,1.99026878483879
"European Union","EUU",1978,404312949,72.4874680045248,1.93973162441373
"European Union","EUU",1979,406112162,72.7686028234294,1.90358956455868
"European Union","EUU",1980,407986180,72.7921827190341,1.86985136397673
"European Union","EUU",1981,409724709,73.1262054825649,1.8191442782873
"European Union","EUU",1982,410988238,73.4060845301011,1.79530089701993
"European Union","EUU",1983,412072128,73.4512324564333,1.74981352501638
"European Union","EUU",1984,412998350,73.7432948733931,1.72948024443597
"European Union","EUU",1985,413962998,73.819846761556,1.72306773399727
"European Union","EUU",1986,415087013,74.076710462605,1.71015963890362
"European Union","EUU",1987,416296769,74.3236926397558,1.68481652827393
"European Union","EUU",1988,417653885,74.5308842150422,1.68758639688002
"European Union","EUU",1989,419102379,74.6599702422021,1.65132732815289
"European Union","EUU",1990,420525030,74.7025399644901,1.63540106735698
"European Union","EUU",1991,421741276,74.8156196057326,1.58421221520796
"European Union","EUU",1992,422968989,75.1320469492226,1.54549261505656
"European Union","EUU",1993,424344744,75.2586919339716,1.50294229778096
"European Union","EUU",1994,425404352,75.529313881825,1.45810584322542
"European Union","EUU",1995,426210050,75.674162689793,1.41557612024209
"European Union","EUU",1996,426905134,75.92681219796,1.41348799206282
"European Union","EUU",1997,427547651,76.2445492728609,1.41591693630542
"European Union","EUU",1998,428120105,76.5133291555952,1.40566053953101
"European Union","EUU",1999,428825949,76.7479622793438,1.40794645144903
"European Union","EUU",2000,429339162,77.0782450771112,1.44135977576762
"European Union","EUU",2001,429909307,77.4256390326754,1.42305392851186
"European Union","EUU",2002,430924112,77.5340746440768,1.421192523437
"European Union","EUU",2003,432512916,77.5923748441053,1.43252409175518
"European Union","EUU",2004,434193248,78.1178281794517,1.45605849043865
"European Union","EUU",2005,435789139,78.2751410316852,1.46660715604414
"European Union","EUU",2006,437263803,78.6721282949285,1.49455545268576
"European Union","EUU",2007,438796003,78.9060450955774,1.5151566756709
"European Union","EUU",2008,440270719,79.1296281887549,1.56501549943226
"European Union","EUU",2009,441388573,79.362438680677,1.55740674486307
"European Union","EUU",2010,442088310,79.6354307923887,1.5634616186116
"European Union","EUU",2011,441414078,80.1439505204152,1.52959407141605
"European Union","EUU",2012,442069839,80.1657773209271,1.53161547008715
"European Union","EUU",2013,442425741,80.4734324600181,1.50802099752337
"European Union","EUU",2014,442920819,80.8761653859288,1.53792794697248
"European Union","EUU",2015,443793218,80.5708966220669,1.54008667093178
"European Union","EUU",2016,444676652,80.9530808081627,1.57014308662688
"European Union","EUU",2017,445321060,80.9303097853099,1.56432682451614
"European Union","EUU",2018,446329890,81.0317510064821,1.54686849145319
"European Union","EUU",2019,446910453,81.3194524901835,1.52723560688075
"European Union","EUU",2020,446870959,80.4414754678551,1.5055152515273
"European Union","EUU",2021,446227358,80.3071964400875,1.52616520464091
"European Union","EUU",2022,447202673,80.7135056290876,1.45656447411585
"European Union","EUU",2023,448897545,81.4128063717702,1.38609885893717
"Finland","FIN",1960,4429634,68.819756097561,2.72
"Finland","FIN",1961,4461005,68.8441463414634,2.72
"Finland","FIN",1962,4491443,68.5778048780488,2.68
"Finland","FIN",1963,4523309,69.0126829268293,2.68
"Finland","FIN",1964,4548543,69.2209756097561,2.59
"Finland","FIN",1965,4563732,68.9778048780488,2.48
"Finland","FIN",1966,4580869,69.4770731707317,2.41
"Finland","FIN",1967,4605744,69.6665853658537,2.32
"Finland","FIN",1968,4626469,69.6163414634146,2.14
"Finland","FIN",1969,4623785,69.5034146341464,1.93
"Finland","FIN",1970,4606307,70.179512195122,1.83
"Finland","FIN",1971,4612124,70.0175609756098,1.68
"Finland","FIN",1972,4639657,70.7073170731707,1.58
"Finland","FIN",1973,4666081,71.2236585365854,1.49
"Finland","FIN",1974,4690574,71.1348780487805,1.61
"Finland","FIN",1975,4711440,71.6736585365854,1.68
"Finland","FIN",1976,4725664,71.8129268292683,1.7
"Finland","FIN",1977,4738902,72.350243902439,1.68
"Finland","FIN",1978,4752528,72.8970731707317,1.64
"Finland","FIN",1979,4764690,73.1553658536586,1.64
"Finland","FIN",1980,4779535,73.44,1.63
"Finland","FIN",1981,4799964,73.7465853658537,1.64
"Finland","FIN",1982,4826933,74.2980487804878,1.71
"Finland","FIN",1983,4855787,74.2009756097561,1.74
"Finland","FIN",1984,4881803,74.5190243902439,1.69
"Finland","FIN",1985,4902206,74.2229268292683,1.64
"Finland","FIN",1986,4918154,74.56,1.6
"Finland","FIN",1987,4932123,74.5919512195122,1.59
"Finland","FIN",1988,4946481,74.5770731707317,1.69
"Finland","FIN",1989,4964371,74.7921951219512,1.71
"Finland","FIN",1990,4986431,74.8131707317073,1.78
"Finland","FIN",1991,5013740,75.2275609756098,1.79
"Finland","FIN",1992,5041992,75.4553658536585,1.85
"Finland","FIN",1993,5066447,75.7051219512195,1.81
"Finland","FIN",1994,5088333,76.3956097560976,1.85
"Finland","FIN",1995,5107790,76.409512195122,1.81
"Finland","FIN",1996,5124573,76.6934146341464,1.78
"Finland","FIN",1997,5139835,76.8785365853659,1.75
"Finland","FIN",1998,5153498,77.0907317073171,1.7
"Finland","FIN",1999,5165474,77.2912195121951,1.73
"Finland","FIN",2000,5176209,77.4658536585366,1.73
"Finland","FIN",2001,5188008,77.9658536585366,1.73
"Finland","FIN",2002,5200598,78.119512195122,1.72
"Finland","FIN",2003,5213014,78.3682926829268,1.76
"Finland","FIN",2004,5228172,78.7146341463415,1.8
"Finland","FIN",2005,5246096,78.8170731707317,1.8
"Finland","FIN",2006,5266268,79.2146341463415,1.84
"Finland","FIN",2007,5288720,79.2634146341464,1.83
"Finland","FIN",2008,5313399,79.5682926829268,1.85
"Finland","FIN",2009,5338871,79.719512195122,1.86
"Finland","FIN",2010,5363352,79.8707317073171,1.87
"Finland","FIN",2011,5388272,80.4707317073171,1.83
"Finland","FIN",2012,5413971,80.6268292682927,1.8
"Finland","FIN",2013,5438972,80.9756097560976,1.75
"Finland","FIN",2014,5461512,81.1804878048781,1.71
"Finland","FIN",2015,5479531,81.4804878048781,1.65
"Finland","FIN",2016,5495303,81.4292682926829,1.57
"Finland","FIN",2017,5508214,81.6317073170732,1.49
"Finland","FIN",2018,5515525,81.7341463414634,1.41
"Finland","FIN",2019,5521606,81.9829268292683,1.35
"Finland","FIN",2020,5529543,81.9317073170732,1.37
"Finland","FIN",2021,5541017,81.8853658536585,1.46
"Finland","FIN",2022,5556106,81.1878048780488,1.32
"Finland","FIN",2023,5583911,81.6853658536585,1.26
"France","FRA",1960,47412964,69.8682926829268,2.85
"France","FRA",1961,47905982,70.1170731707317,2.87
"France","FRA",1962,48389516,70.3146341463415,2.89
"France","FRA",1963,48877567,70.5146341463415,2.89
"France","FRA",1964,49401492,70.6634146341463,2.87
"France","FRA",1965,49877725,70.8121951219512,2.84
"France","FRA",1966,50311637,70.9609756097561,2.8
"France","FRA",1967,50722791,71.1609756097561,2.75
"France","FRA",1968,51112980,71.309756097561,2.69
"France","FRA",1969,51536014,71.4585365853659,2.62
"France","FRA",1970,52007169,71.6585365853659,2.55
"France","FRA",1971,52499553,71.9073170731707,2.47
"France","FRA",1972,52962356,72.1073170731707,2.38
"France","FRA",1973,53392161,72.3560975609756,2.28
"France","FRA",1974,53746571,72.6048780487805,2.18
"France","FRA",1975,54002853,72.8536585365854,2.09
"France","FRA",1976,54232383,73.1024390243903,2.01
"France","FRA",1977,54486467,73.3512195121951,1.94
"France","FRA",1978,54734030,73.6024390243903,1.89
"France","FRA",1979,54979851,73.8512195121951,1.87
"France","FRA",1980,55274184,74.0512195121951,1.85
"France","FRA",1981,55603353,74.3,1.85
"France","FRA",1982,55806789,74.5,1.86
"France","FRA",1983,56108330,74.8,1.86
"France","FRA",1984,56383085,75,1.86
"France","FRA",1985,56665619,75.3,1.86
"France","FRA",1986,56956002,75.6,1.85
"France","FRA",1987,57266167,75.8,1.83
"France","FRA",1988,57598186,76.1,1.81
"France","FRA",1989,57943062,76.3487804878049,1.79
"France","FRA",1990,58261012,76.6,1.77
"France","FRA",1991,58554242,76.8487804878049,1.75
"France","FRA",1992,58846584,77.1,1.74
"France","FRA",1993,59103094,77.3,1.73
"France","FRA",1994,59324863,77.6487804878049,1.73
"France","FRA",1995,59541294,77.7512195121951,1.74
"France","FRA",1996,59754504,77.9536585365854,1.75
"France","FRA",1997,59968066,78.3048780487805,1.77
"France","FRA",1998,60190684,78.6048780487805,1.78
"France","FRA",1999,60501986,78.7560975609756,1.81
"France","FRA",2000,60918661,79.0560975609756,1.89
"France","FRA",2001,61364377,79.1585365853659,1.9
"France","FRA",2002,61812142,79.2609756097561,1.88
"France","FRA",2003,62249855,79.1146341463415,1.89
"France","FRA",2004,62707588,80.1634146341463,1.92
"France","FRA",2005,63180854,80.1634146341463,1.94
"France","FRA",2006,63622342,80.8121951219512,2
"France","FRA",2007,64016890,81.1121951219512,1.98
"France","FRA",2008,64375116,81.2146341463415,2.01
"France","FRA",2009,64706436,81.4146341463415,2
"France","FRA",2010,65026211,81.6634146341463,2.03
"France","FRA",2011,65340830,82.1146341463415,2.01
"France","FRA",2012,65657659,81.9682926829268,2.01
"France","FRA",2013,65997932,82.219512195122,1.99
"France","FRA",2014,66312067,82.719512195122,2
"France","FRA",2015,66548272,82.3219512195122,1.96
"France","FRA",2016,66724104,82.5731707317073,1.92
"France","FRA",2017,66918020,82.5756097560976,1.89
"France","FRA",2018,67158348,82.6756097560976,1.87
"France","FRA",2019,67382061,82.8268292682927,1.86
"France","FRA",2020,67601110,82.1756097560976,1.83
"France","FRA",2021,67842811,82.3243902439024,1.84
"France","FRA",2022,68184457,82.1292682926829,1.79
"France","FRA",2023,68372286,82.9292682926829,1.66
"Georgia","GEO",1960,3645600,61.347,2.942
"Georgia","GEO",1961,3703600,61.72,2.943
"Georgia","GEO",1962,3760300,62.078,2.937
"Georgia","GEO",1963,3816100,62.457,2.949
"Georgia","GEO",1964,3870300,62.818,2.891
"Georgia","GEO",1965,3921600,63.097,2.774
"Georgia","GEO",1966,3966700,63.397,2.728
"Georgia","GEO",1967,4005800,63.772,2.743
"Georgia","GEO",1968,4042300,64.139,2.689
"Georgia","GEO",1969,4080300,64.509,2.687
"Georgia","GEO",1970,4119900,64.869,2.695
"Georgia","GEO",1971,4163000,65.189,2.707
"Georgia","GEO",1972,4205300,65.516,2.674
"Georgia","GEO",1973,4242500,65.851,2.617
"Georgia","GEO",1974,4279500,66.18,2.565
"Georgia","GEO",1975,4311200,66.512,2.552
"Georgia","GEO",1976,4342400,66.894,2.51
"Georgia","GEO",1977,4372100,67.246,2.441
"Georgia","GEO",1978,4397700,67.597,2.417
"Georgia","GEO",1979,4430200,67.942,2.382
"Georgia","GEO",1980,4467700,68.273,2.347
"Georgia","GEO",1981,4504500,68.741,2.33
"Georgia","GEO",1982,4542800,69.109,2.312
"Georgia","GEO",1983,4582900,69.135,2.339
"Georgia","GEO",1984,4622200,68.795,2.378
"Georgia","GEO",1985,4662900,69.006,2.399
"Georgia","GEO",1986,4704500,69.225,2.38
"Georgia","GEO",1987,4743500,69.219,2.319
"Georgia","GEO",1988,4790700,68.825,2.318
"Georgia","GEO",1989,4803300,68.635,2.322
"Georgia","GEO",1990,4802000,68.679,2.306
"Georgia","GEO",1991,4835900,68.202,2.208
"Georgia","GEO",1992,4873500,67.78,2.045
"Georgia","GEO",1993,4911100,67.405,1.912
"Georgia","GEO",1994,4836076,68.669,1.835
"Georgia","GEO",1995,4657722,69.398,1.807
"Georgia","GEO",1996,4491699,70.637,1.759
"Georgia","GEO",1997,4349913,69.683,1.728
"Georgia","GEO",1998,4243607,69.787,1.703
"Georgia","GEO",1999,4157192,70.012,1.643
"Georgia","GEO",2000,4077131,70.091,1.609
"Georgia","GEO",2001,4014373,70.371,1.579
"Georgia","GEO",2002,3978515,70.438,1.571
"Georgia","GEO",2003,3951736,71.377,1.552
"Georgia","GEO",2004,3927340,71.011,1.566
"Georgia","GEO",2005,3902469,70.689,1.583
"Georgia","GEO",2006,3880347,70.983,1.617
"Georgia","GEO",2007,3860158,70.985,1.697
"Georgia","GEO",2008,3848449,70.949,1.832
"Georgia","GEO",2009,3814419,71.058,1.993
"Georgia","GEO",2010,3786695,71.732,1.973
"Georgia","GEO",2011,3756441,72.485,1.915
"Georgia","GEO",2012,3728874,72.672,1.929
"Georgia","GEO",2013,3717668,73.025,1.993
"Georgia","GEO",2014,3719414,73.105,2.18
"Georgia","GEO",2015,3725276,73.241,2.214
"Georgia","GEO",2016,3727505,73.136,2.228
"Georgia","GEO",2017,3728004,73.435,2.136
"Georgia","GEO",2018,3726549,73.985,2.093
"Georgia","GEO",2019,3720161,74.165,2.021
"Georgia","GEO",2020,3722716,73.509,1.976
"Georgia","GEO",2021,3708610,71.635,1.98
"Georgia","GEO",2022,3712502,74.141,1.82
"Georgia","GEO",2023,3715483,74.496,1.81
"Germany","DEU",1960,72814900,69.0640731707317,2.37
"Germany","DEU",1961,73377632,69.6448780487805,2.45
"Germany","DEU",1962,74025784,69.7992195121951,2.44
"Germany","DEU",1963,74714353,69.9140731707317,2.51
"Germany","DEU",1964,75318337,70.4355609756098,2.54
"Germany","DEU",1965,75963695,70.4103658536585,2.5
"Germany","DEU",1966,76600311,70.5215853658537,2.53
"Germany","DEU",1967,76951336,70.7317317073171,2.48
"Germany","DEU",1968,77294314,70.3784634146342,2.38
"Germany","DEU",1969,77909682,70.2288048780488,2.21
"Germany","DEU",1970,78169289,70.4471951219512,2.03
"Germany","DEU",1971,78312842,70.676756097561,1.92
"Germany","DEU",1972,78688452,70.9067073170732,1.71
"Germany","DEU",1973,78936666,71.1128048780488,1.54
"Germany","DEU",1974,78967433,71.4189268292683,1.51
"Germany","DEU",1975,78673554,71.259243902439,1.45
"Germany","DEU",1976,78336950,71.7122195121951,1.45
"Germany","DEU",1977,78159814,72.3073170731707,1.4
"Germany","DEU",1978,78091820,72.2904146341464,1.38
"Germany","DEU",1979,78126350,72.6301707317073,1.38
"Germany","DEU",1980,78288576,72.8003170731707,1.44
"Germany","DEU",1981,78407907,73.0402195121951,1.43
"Germany","DEU",1982,78333366,73.3331463414634,1.41
"Germany","DEU",1983,78128282,73.6221463414634,1.33
"Germany","DEU",1984,77858685,74.0722926829268,1.29
"Germany","DEU",1985,77684873,74.1890975609756,1.37
"Germany","DEU",1986,77720436,74.3968292682927,1.43
"Germany","DEU",1987,77839920,74.8070243902439,1.43
"Germany","DEU",1988,78144619,74.9987317073171,1.46
"Germany","DEU",1989,78751283,75.1915365853659,1.42
"Germany","DEU",1990,79433029,75.0856341463415,1.45
"Germany","DEU",1991,80013896,75.319512195122,1.33
"Germany","DEU",1992,80624598,75.819512195122,1.29
"Germany","DEU",1993,81156363,75.8707317073171,1.28
"Germany","DEU",1994,81438348,76.2707317073171,1.24
"Germany","DEU",1995,81678051,76.4219512195122,1.25
"Germany","DEU",1996,81914831,76.6731707317073,1.3
"Germany","DEU",1997,82034771,77.0731707317073,1.35
"Germany","DEU",1998,82047195,77.4756097560976,1.36
"Germany","DEU",1999,82100243,77.7268292682927,1.36
"Germany","DEU",2000,82211508,77.9268292682927,1.38
"Germany","DEU",2001,82349925,78.3292682926829,1.35
"Germany","DEU",2002,82488495,78.2292682926829,1.34
"Germany","DEU",2003,82534176,78.3804878048781,1.34
"Germany","DEU",2004,82516260,78.6804878048781,1.36
"Germany","DEU",2005,82469422,78.9317073170732,1.34
"Germany","DEU",2006,82376451,79.1317073170732,1.33
"Germany","DEU",2007,82266372,79.5341463414634,1.37
"Germany","DEU",2008,82110097,79.7365853658537,1.38
"Germany","DEU",2009,81902307,79.8365853658537,1.36
"Germany","DEU",2010,81776930,79.9878048780488,1.39
"Germany","DEU",2011,80274983,80.4365853658537,1.39
"Germany","DEU",2012,80425823,80.5390243902439,1.41
"Germany","DEU",2013,80645605,80.490243902439,1.42
"Germany","DEU",2014,80982500,81.090243902439,1.47
"Germany","DEU",2015,81686611,80.6414634146341,1.5
"Germany","DEU",2016,82348669,80.990243902439,1.6
"Germany","DEU",2017,82657002,80.9926829268293,1.57
"Germany","DEU",2018,82905782,80.8926829268293,1.57
"Germany","DEU",2019,83092962,81.2926829268293,1.54
"Germany","DEU",2020,83160871,81.0414634146342,1.53
"Germany","DEU",2021,83196078,80.790243902439,1.58
"Germany","DEU",2022,83177813,80.6080487804878,1.455
"Germany","DEU",2023,83287273,80.5414634146342,1.39
"Ghana","GHA",1960,6961215,46.942,6.89
"Ghana","GHA",1961,7162667,47.127,6.912
"Ghana","GHA",1962,7337375,47.335,6.942
"Ghana","GHA",1963,7514714,47.476,6.936
"Ghana","GHA",1964,7695739,47.637,6.902
"Ghana","GHA",1965,7882606,47.689,6.88
"Ghana","GHA",1966,8074521,47.708,6.862
"Ghana","GHA",1967,8271913,47.734,6.893
"Ghana","GHA",1968,8475729,47.758,6.892
"Ghana","GHA",1969,8690383,47.895,6.954
"Ghana","GHA",1970,8925813,47.888,6.952
"Ghana","GHA",1971,9176264,47.949,6.946
"Ghana","GHA",1972,9438187,48.274,6.916
"Ghana","GHA",1973,9714617,48.577,6.872
"Ghana","GHA",1974,10000523,48.918,6.822
"Ghana","GHA",1975,10294308,49.323,6.762
"Ghana","GHA",1976,10594913,49.732,6.703
"Ghana","GHA",1977,10911871,50.079,6.637
"Ghana","GHA",1978,11248450,50.461,6.564
"Ghana","GHA",1979,11597255,50.787,6.513
"Ghana","GHA",1980,11941448,51.059,6.474
"Ghana","GHA",1981,12281712,51.313,6.415
"Ghana","GHA",1982,12643819,51.425,6.312
"Ghana","GHA",1983,13029836,51.78,6.227
"Ghana","GHA",1984,13370590,52.232,6.153
"Ghana","GHA",1985,13661229,52.732,6.119
"Ghana","GHA",1986,13965217,53.276,6.084
"Ghana","GHA",1987,14289108,53.818,6.022
"Ghana","GHA",1988,14636568,54.396,5.922
"Ghana","GHA",1989,15006813,54.936,5.818
"Ghana","GHA",1990,15394648,55.395,5.737
"Ghana","GHA",1991,15787496,55.722,5.63
"Ghana","GHA",1992,16184855,56.055,5.517
"Ghana","GHA",1993,16589519,56.286,5.414
"Ghana","GHA",1994,16993190,56.234,5.254
"Ghana","GHA",1995,17399017,56.662,5.106
"Ghana","GHA",1996,17810181,56.957,4.959
"Ghana","GHA",1997,18238958,57.241,4.884
"Ghana","GHA",1998,18688036,57.525,4.829
"Ghana","GHA",1999,19149864,57.835,4.822
"Ghana","GHA",2000,19637087,58.139,4.827
"Ghana","GHA",2001,20167069,58.403,4.768
"Ghana","GHA",2002,20729388,58.709,4.687
"Ghana","GHA",2003,21296705,59.014,4.597
"Ghana","GHA",2004,21868298,59.316,4.504
"Ghana","GHA",2005,22449438,59.638,4.496
"Ghana","GHA",2006,23040702,59.975,4.399
"Ghana","GHA",2007,23642279,60.282,4.288
"Ghana","GHA",2008,24249946,60.578,4.217
"Ghana","GHA",2009,24862664,60.928,4.179
"Ghana","GHA",2010,25474995,61.297,4.181
"Ghana","GHA",2011,26095088,61.617,4.177
"Ghana","GHA",2012,26734268,61.995,4.154
"Ghana","GHA",2013,27386193,62.397,4.114
"Ghana","GHA",2014,28041592,62.832,4.029
"Ghana","GHA",2015,28696068,63.175,3.982
"Ghana","GHA",2016,29356742,63.522,3.873
"Ghana","GHA",2017,30008354,63.829,3.715
"Ghana","GHA",2018,30637585,64.138,3.65
"Ghana","GHA",2019,31258945,64.455,3.593
"Ghana","GHA",2020,31887809,64.309,3.541
"Ghana","GHA",2021,32518665,64.286,3.492
"Ghana","GHA",2022,33149152,65.246,3.434
"Ghana","GHA",2023,33787914,65.498,3.397
"Greece","GRC",1960,8331725,70.4343170731707,2.23
"Greece","GRC",1961,8398050,70.2830243902439,2.13
"Greece","GRC",1962,8448233,70.2246097560976,2.16
"Greece","GRC",1963,8479625,70.5639756097561,2.14
"Greece","GRC",1964,8510429,70.4581707317073,2.24
"Greece","GRC",1965,8550333,71.3916829268293,2.25
"Greece","GRC",1966,8613651,71.800512195122,2.32
"Greece","GRC",1967,8684088,71.307,2.45
"Greece","GRC",1968,8740765,71.4037317073171,2.42
"Greece","GRC",1969,8772764,71.9788780487805,2.36
"Greece","GRC",1970,8792806,72.6807804878049,2.4
"Greece","GRC",1971,8831036,72.8671707317073,2.32
"Greece","GRC",1972,8888628,72.656243902439,2.32
"Greece","GRC",1973,8929086,72.9059268292683,2.27
"Greece","GRC",1974,8962022,73.3943658536585,2.38
"Greece","GRC",1975,9046541,73.4011707317073,2.33
"Greece","GRC",1976,9188150,73.6791219512195,2.35
"Greece","GRC",1977,9308479,73.6803414634146,2.27
"Greece","GRC",1978,9429959,74.3631707317073,2.28
"Greece","GRC",1979,9548258,74.5928292682927,2.26
"Greece","GRC",1980,9642505,74.5065609756098,2.23
"Greece","GRC",1981,9729350,74.9156829268293,2.09
"Greece","GRC",1982,9789513,75.2026829268293,2.03
"Greece","GRC",1983,9846627,75.4804146341463,1.94
"Greece","GRC",1984,9895801,75.7576097560976,1.83
"Greece","GRC",1985,9934300,76.0950487804878,1.67
"Greece","GRC",1986,9967213,76.4882195121951,1.6
"Greece","GRC",1987,10000595,76.0558536585366,1.5
"Greece","GRC",1988,10036983,76.9481951219512,1.5
"Greece","GRC",1989,10089498,76.6878048780488,1.4
"Greece","GRC",1990,10196792,76.9390243902439,1.39
"Greece","GRC",1991,10319927,77.1365853658537,1.37
"Greece","GRC",1992,10399061,77.3829268292683,1.36
"Greece","GRC",1993,10460415,77.390243902439,1.32
"Greece","GRC",1994,10512922,77.6390243902439,1.33
"Greece","GRC",1995,10562153,77.5853658536585,1.28
"Greece","GRC",1996,10608800,77.6853658536585,1.26
"Greece","GRC",1997,10661259,78.1365853658537,1.27
"Greece","GRC",1998,10720509,77.8390243902439,1.24
"Greece","GRC",1999,10761698,77.9878048780488,1.23
"Greece","GRC",2000,10805808,77.8878048780488,1.25
"Greece","GRC",2001,10862132,78.3878048780488,1.25
"Greece","GRC",2002,10902022,78.6414634146341,1.28
"Greece","GRC",2003,10928070,78.8414634146341,1.29
"Greece","GRC",2004,10955141,79.0390243902439,1.31
"Greece","GRC",2005,10987314,79.2390243902439,1.34
"Greece","GRC",2006,11020362,79.4390243902439,1.4
"Greece","GRC",2007,11048473,79.4390243902439,1.41
"Greece","GRC",2008,11077841,79.9390243902439,1.5
"Greece","GRC",2009,11107017,80.1878048780488,1.5
"Greece","GRC",2010,11121341,80.3878048780488,1.48
"Greece","GRC",2011,11104899,80.7317073170732,1.4
"Greece","GRC",2012,11045011,80.6341463414634,1.34
"Greece","GRC",2013,10965211,81.2853658536585,1.29
"Greece","GRC",2014,10892413,81.3853658536585,1.3
"Greece","GRC",2015,10820883,81.0365853658537,1.33
"Greece","GRC",2016,10775971,81.3878048780488,1.38
"Greece","GRC",2017,10754679,81.2878048780488,1.35
"Greece","GRC",2018,10732882,81.7878048780488,1.35
"Greece","GRC",2019,10721582,81.6390243902439,1.34
"Greece","GRC",2020,10698599,81.2878048780488,1.39
"Greece","GRC",2021,10569207,80.0829268292683,1.43
"Greece","GRC",2022,10436882,80.7878048780488,1.32
"Greece","GRC",2023,10407351,81.5365853658537,1.32
"Guatemala","GTM",1960,4063655,45.76,6.999
"Guatemala","GTM",1961,4186201,46.12,6.979
"Guatemala","GTM",1962,4312044,46.492,6.934
"Guatemala","GTM",1963,4440264,46.622,6.899
"Guatemala","GTM",1964,4571109,47.055,6.871
"Guatemala","GTM",1965,4704965,47.185,6.839
"Guatemala","GTM",1966,4840958,47.511,6.802
"Guatemala","GTM",1967,4978862,47.727,6.755
"Guatemala","GTM",1968,5118111,47.758,6.699
"Guatemala","GTM",1969,5257081,47.521,6.646
"Guatemala","GTM",1970,5396966,48.507,6.6
"Guatemala","GTM",1971,5538355,50.276,6.546
"Guatemala","GTM",1972,5682833,51.817,6.511
"Guatemala","GTM",1973,5831631,52.848,6.487
"Guatemala","GTM",1974,5981197,53.023,6.458
"Guatemala","GTM",1975,6128731,52.832,6.41
"Guatemala","GTM",1976,6262404,47.617,6.368
"Guatemala","GTM",1977,6401515,55.184,6.319
"Guatemala","GTM",1978,6561534,56.412,6.261
"Guatemala","GTM",1979,6727797,56.6,6.216
"Guatemala","GTM",1980,6900212,55.297,6.171
"Guatemala","GTM",1981,7075648,54.709,6.121
"Guatemala","GTM",1982,7240241,48.863,6.057
"Guatemala","GTM",1983,7419642,57.913,5.976
"Guatemala","GTM",1984,7630682,59.074,5.855
"Guatemala","GTM",1985,7849693,59.788,5.729
"Guatemala","GTM",1986,8070818,60.341,5.663
"Guatemala","GTM",1987,8296485,60.991,5.639
"Guatemala","GTM",1988,8532099,61.538,5.621
"Guatemala","GTM",1989,8775546,61.745,5.559
"Guatemala","GTM",1990,9024773,61.767,5.48
"Guatemala","GTM",1991,9272584,61.926,5.377
"Guatemala","GTM",1992,9522266,61.992,5.314
"Guatemala","GTM",1993,9779761,62.442,5.254
"Guatemala","GTM",1994,10043718,63.026,5.191
"Guatemala","GTM",1995,10312996,63.662,5.105
"Guatemala","GTM",1996,10583526,64.54,5.008
"Guatemala","GTM",1997,10857754,65.249,4.906
"Guatemala","GTM",1998,11139145,65.969,4.8
"Guatemala","GTM",1999,11422965,66.634,4.687
"Guatemala","GTM",2000,11697592,67.102,4.583
"Guatemala","GTM",2001,11969422,67.436,4.502
"Guatemala","GTM",2002,12246915,67.835,4.371
"Guatemala","GTM",2003,12525842,68.204,4.25
"Guatemala","GTM",2004,12807402,68.245,4.134
"Guatemala","GTM",2005,13087629,68.167,3.974
"Guatemala","GTM",2006,13367459,68.79,3.845
"Guatemala","GTM",2007,13652040,69.299,3.716
"Guatemala","GTM",2008,13935174,69.493,3.571
"Guatemala","GTM",2009,14215611,69.676,3.465
"Guatemala","GTM",2010,14500112,69.885,3.375
"Guatemala","GTM",2011,14792126,70.321,3.292
"Guatemala","GTM",2012,15089647,70.722,3.219
"Guatemala","GTM",2013,15387337,70.878,3.151
"Guatemala","GTM",2014,15681725,70.942,3.088
"Guatemala","GTM",2015,15971743,70.915,3.029
"Guatemala","GTM",2016,16268760,71.215,2.973
"Guatemala","GTM",2017,16567357,71.583,2.857
"Guatemala","GTM",2018,16845685,71.496,2.743
"Guatemala","GTM",2019,17103803,71.639,2.593
"Guatemala","GTM",2020,17357325,69.971,2.47
"Guatemala","GTM",2021,17598650,67.858,2.388
"Guatemala","GTM",2022,17847877,71.206,2.343
"Guatemala","GTM",2023,18124838,72.602,2.311
"Guinea","GIN",1960,3556749,36.623,6.112
"Guinea","GIN",1961,3619551,36.816,6.126
"Guinea","GIN",1962,3684273,36.997,6.14
"Guinea","GIN",1963,3750954,37.196,6.153
"Guinea","GIN",1964,3819722,37.415,6.166
"Guinea","GIN",1965,3890716,37.653,6.178
"Guinea","GIN",1966,3964155,37.959,6.19
"Guinea","GIN",1967,4040153,38.224,6.202
"Guinea","GIN",1968,4118550,38.501,6.214
"Guinea","GIN",1969,4198300,38.824,6.228
"Guinea","GIN",1970,4277535,39.06,6.243
"Guinea","GIN",1971,4355200,39.372,6.262
"Guinea","GIN",1972,4431292,39.683,6.283
"Guinea","GIN",1973,4506324,39.937,6.308
"Guinea","GIN",1974,4580510,40.229,6.336
"Guinea","GIN",1975,4653876,40.606,6.367
"Guinea","GIN",1976,4727022,41.028,6.4
"Guinea","GIN",1977,4801128,41.409,6.434
"Guinea","GIN",1978,4877854,41.882,6.44
"Guinea","GIN",1979,4959283,42.343,6.45
"Guinea","GIN",1980,5047419,42.842,6.459
"Guinea","GIN",1981,5143288,43.33,6.459
"Guinea","GIN",1982,5247672,43.863,6.487
"Guinea","GIN",1983,5359814,44.226,6.487
"Guinea","GIN",1984,5480096,44.858,6.512
"Guinea","GIN",1985,5610373,45.31,6.527
"Guinea","GIN",1986,5750668,45.719,6.548
"Guinea","GIN",1987,5900198,46.107,6.571
"Guinea","GIN",1988,6056574,46.478,6.561
"Guinea","GIN",1989,6215811,46.86,6.548
"Guinea","GIN",1990,6434374,47.252,6.515
"Guinea","GIN",1991,6697166,47.781,6.484
"Guinea","GIN",1992,6914366,48.266,6.453
"Guinea","GIN",1993,7128177,48.819,6.409
"Guinea","GIN",1994,7345107,49.188,6.358
"Guinea","GIN",1995,7553249,49.836,6.288
"Guinea","GIN",1996,7770035,50.546,6.205
"Guinea","GIN",1997,7931370,51.113,6.123
"Guinea","GIN",1998,8081990,51.61,6.051
"Guinea","GIN",1999,8265123,51.987,5.985
"Guinea","GIN",2000,8428832,52.42,5.918
"Guinea","GIN",2001,8539960,52.669,5.834
"Guinea","GIN",2002,8674066,53.2,5.781
"Guinea","GIN",2003,8870781,53.589,5.744
"Guinea","GIN",2004,9062726,53.975,5.733
"Guinea","GIN",2005,9245844,54.422,5.727
"Guinea","GIN",2006,9441171,54.875,5.704
"Guinea","GIN",2007,9662281,55.233,5.664
"Guinea","GIN",2008,9898870,55.703,5.596
"Guinea","GIN",2009,10143534,56.052,5.528
"Guinea","GIN",2010,10396086,56.431,5.435
"Guinea","GIN",2011,10656810,56.778,5.337
"Guinea","GIN",2012,10921581,57.117,5.232
"Guinea","GIN",2013,11191873,57.459,5.151
"Guinea","GIN",2014,11472924,57.581,5.07
"Guinea","GIN",2015,11767070,57.899,5.002
"Guinea","GIN",2016,12073030,58.49,4.915
"Guinea","GIN",2017,12385659,58.715,4.793
"Guinea","GIN",2018,12704774,59.043,4.669
"Guinea","GIN",2019,13034346,59.379,4.576
"Guinea","GIN",2020,13371183,59.35,4.489
"Guinea","GIN",2021,13710513,59.373,4.399
"Guinea","GIN",2022,14055137,60.432,4.303
"Guinea","GIN",2023,14405468,60.74,4.217
"Haiti","HTI",1960,3858443,43.44,6.178
"Haiti","HTI",1961,3929030,43.825,6.179
"Haiti","HTI",1962,4001575,44.196,6.175
"Haiti","HTI",1963,4073068,42.724,6.173
"Haiti","HTI",1964,4146244,44.928,6.164
"Haiti","HTI",1965,4223820,45.371,6.129
"Haiti","HTI",1966,4302639,45.565,6.093
"Haiti","HTI",1967,4382999,46.135,6.051
"Haiti","HTI",1968,4465328,46.522,6.009
"Haiti","HTI",1969,4549334,46.903,5.957
"Haiti","HTI",1970,4635124,47.265,5.911
"Haiti","HTI",1971,4723244,47.619,5.877
"Haiti","HTI",1972,4813868,47.884,5.849
"Haiti","HTI",1973,4906743,48.194,5.811
"Haiti","HTI",1974,5001796,48.458,5.781
"Haiti","HTI",1975,5099086,48.72,5.748
"Haiti","HTI",1976,5198357,48.972,5.71
"Haiti","HTI",1977,5299476,49.226,5.674
"Haiti","HTI",1978,5402580,49.484,5.642
"Haiti","HTI",1979,5507590,49.749,5.594
"Haiti","HTI",1980,5614493,49.971,5.557
"Haiti","HTI",1981,5723725,50.31,5.533
"Haiti","HTI",1982,5835937,50.626,5.526
"Haiti","HTI",1983,5951096,50.946,5.513
"Haiti","HTI",1984,6069230,51.254,5.505
"Haiti","HTI",1985,6190862,51.583,5.495
"Haiti","HTI",1986,6316122,51.874,5.479
"Haiti","HTI",1987,6445123,52.245,5.471
"Haiti","HTI",1988,6578145,52.554,5.472
"Haiti","HTI",1989,6714730,52.88,5.444
"Haiti","HTI",1990,6854441,53.215,5.414
"Haiti","HTI",1991,6995450,53.524,5.317
"Haiti","HTI",1992,7136571,54.041,5.208
"Haiti","HTI",1993,7278181,54.478,5.099
"Haiti","HTI",1994,7419771,54.731,4.991
"Haiti","HTI",1995,7562546,55.582,4.884
"Haiti","HTI",1996,7707557,56.111,4.777
"Haiti","HTI",1997,7854298,56.675,4.669
"Haiti","HTI",1998,8002143,57.137,4.561
"Haiti","HTI",1999,8151296,57.692,4.452
"Haiti","HTI",2000,8303151,58.175,4.39
"Haiti","HTI",2001,8455918,58.591,4.248
"Haiti","HTI",2002,8607641,59.041,4.125
"Haiti","HTI",2003,8759912,59.44,4.047
"Haiti","HTI",2004,8910263,58.517,3.943
"Haiti","HTI",2005,9061273,60.318,3.835
"Haiti","HTI",2006,9216562,60.74,3.761
"Haiti","HTI",2007,9373296,61.09,3.687
"Haiti","HTI",2008,9530774,61.28,3.621
"Haiti","HTI",2009,9689581,61.694,3.565
"Haiti","HTI",2010,9803294,45.577,3.497
"Haiti","HTI",2011,9914904,61.581,3.431
"Haiti","HTI",2012,10069771,62.273,3.321
"Haiti","HTI",2013,10222362,62.624,3.221
"Haiti","HTI",2014,10373235,62.969,3.164
"Haiti","HTI",2015,10523242,63.224,3.11
"Haiti","HTI",2016,10671457,63.325,3.054
"Haiti","HTI",2017,10817754,63.832,2.985
"Haiti","HTI",2018,10962362,64.077,2.924
"Haiti","HTI",2019,11105163,64.328,2.862
"Haiti","HTI",2020,11243848,63.773,2.804
"Haiti","HTI",2021,11374586,62.613,2.748
"Haiti","HTI",2022,11503606,63.948,2.699
"Haiti","HTI",2023,11637398,64.936,2.656
"Honduras","HND",1960,2062060,47.149,7.458
"Honduras","HND",1961,2121242,47.71,7.448
"Honduras","HND",1962,2182064,48.647,7.443
"Honduras","HND",1963,2244878,49.385,7.441
"Honduras","HND",1964,2309855,50.197,7.443
"Honduras","HND",1965,2377157,50.863,7.442
"Honduras","HND",1966,2446751,51.588,7.41
"Honduras","HND",1967,2518648,52.331,7.359
"Honduras","HND",1968,2593057,53.041,7.295
"Honduras","HND",1969,2670289,53.712,7.228
"Honduras","HND",1970,2750715,54.36,7.172
"Honduras","HND",1971,2834616,55.012,7.113
"Honduras","HND",1972,2922064,55.689,7.058
"Honduras","HND",1973,3011459,54.565,6.985
"Honduras","HND",1974,3099836,52.519,6.913
"Honduras","HND",1975,3193234,57.523,6.866
"Honduras","HND",1976,3294457,58.151,6.814
"Honduras","HND",1977,3398655,58.704,6.732
"Honduras","HND",1978,3505463,59.248,6.634
"Honduras","HND",1979,3614981,59.829,6.531
"Honduras","HND",1980,3727173,60.388,6.418
"Honduras","HND",1981,3841778,61.033,6.301
"Honduras","HND",1982,3958728,61.688,6.179
"Honduras","HND",1983,4078174,62.408,6.059
"Honduras","HND",1984,4199850,62.819,5.935
"Honduras","HND",1985,4323342,63.223,5.816
"Honduras","HND",1986,4448899,63.651,5.7
"Honduras","HND",1987,4576910,64.066,5.581
"Honduras","HND",1988,4707677,64.393,5.468
"Honduras","HND",1989,4841838,64.782,5.354
"Honduras","HND",1990,4980488,65.183,5.271
"Honduras","HND",1991,5123792,65.584,5.191
"Honduras","HND",1992,5271431,65.908,5.113
"Honduras","HND",1993,5423249,66.074,5.028
"Honduras","HND",1994,5579242,66.523,4.935
"Honduras","HND",1995,5739637,66.919,4.835
"Honduras","HND",1996,5903954,67.263,4.713
"Honduras","HND",1997,6071454,67.542,4.59
"Honduras","HND",1998,6234431,62.432,4.473
"Honduras","HND",1999,6400463,68.005,4.366
"Honduras","HND",2000,6577773,68.302,4.289
"Honduras","HND",2001,6757993,68.491,4.153
"Honduras","HND",2002,6938859,68.714,4
"Honduras","HND",2003,7119213,68.874,3.844
"Honduras","HND",2004,7298994,69.05,3.71
"Honduras","HND",2005,7478355,69.198,3.577
"Honduras","HND",2006,7656832,69.364,3.449
"Honduras","HND",2007,7834798,69.539,3.351
"Honduras","HND",2008,8012587,69.657,3.26
"Honduras","HND",2009,8189899,69.823,3.173
"Honduras","HND",2010,8365878,69.77,3.078
"Honduras","HND",2011,8540583,70.116,2.998
"Honduras","HND",2012,8715076,70.46,2.927
"Honduras","HND",2013,8889278,70.765,2.855
"Honduras","HND",2014,9063122,71.032,2.793
"Honduras","HND",2015,9237305,71.323,2.746
"Honduras","HND",2016,9412380,71.615,2.704
"Honduras","HND",2017,9588137,71.805,2.663
"Honduras","HND",2018,9765210,72.001,2.645
"Honduras","HND",2019,9943633,72.124,2.611
"Honduras","HND",2020,10119640,70.864,2.577
"Honduras","HND",2021,10289877,69.492,2.548
"Honduras","HND",2022,10463872,72.715,2.522
"Honduras","HND",2023,10644851,72.884,2.5
"Hungary","HUN",1960,9983512,68.0031707317073,2.02
"Hungary","HUN",1961,10027958,68.9360975609756,1.94
"Hungary","HUN",1962,10060825,67.8658536585366,1.79
"Hungary","HUN",1963,10087947,68.8741463414634,1.82
"Hungary","HUN",1964,10119835,69.3809756097561,1.82
"Hungary","HUN",1965,10147935,69.0712195121951,1.82
"Hungary","HUN",1966,10178653,69.8224390243902,1.89
"Hungary","HUN",1967,10216604,69.4070731707317,2.01
"Hungary","HUN",1968,10255815,69.230243902439,2.06
"Hungary","HUN",1969,10298723,69.3146341463415,2.04
"Hungary","HUN",1970,10337910,69.1646341463415,1.98
"Hungary","HUN",1971,10367537,69.0524390243903,1.93
"Hungary","HUN",1972,10398489,69.6646341463415,1.93
"Hungary","HUN",1973,10432055,69.5180487804878,1.93
"Hungary","HUN",1974,10478720,69.2480487804878,2.27
"Hungary","HUN",1975,10540525,69.29,2.35
"Hungary","HUN",1976,10598677,69.5731707317073,2.23
"Hungary","HUN",1977,10648031,69.8480487804878,2.15
"Hungary","HUN",1978,10684822,69.3939024390244,2.06
"Hungary","HUN",1979,10704152,69.6153658536585,2.01
"Hungary","HUN",1980,10711122,69.0617073170732,1.91
"Hungary","HUN",1981,10711848,69.1392682926829,1.88
"Hungary","HUN",1982,10705535,69.3578048780488,1.8
"Hungary","HUN",1983,10689463,68.9736585365854,1.75
"Hungary","HUN",1984,10668095,69.0258536585366,1.75
"Hungary","HUN",1985,10648713,68.9721951219512,1.85
"Hungary","HUN",1986,10630564,69.1734146341463,1.84
"Hungary","HUN",1987,10612741,69.6512195121951,1.82
"Hungary","HUN",1988,10596487,70.0234146341463,1.81
"Hungary","HUN",1989,10481719,69.4617073170732,1.82
"Hungary","HUN",1990,10373988,69.3156097560976,1.87
"Hungary","HUN",1991,10373400,69.3770731707317,1.87
"Hungary","HUN",1992,10369341,69.1170731707317,1.77
"Hungary","HUN",1993,10357523,69.1012195121951,1.68
"Hungary","HUN",1994,10343355,69.469756097561,1.64
"Hungary","HUN",1995,10328965,69.7917073170732,1.57
"Hungary","HUN",1996,10311238,70.3287804878049,1.46
"Hungary","HUN",1997,10290486,70.7024390243902,1.37
"Hungary","HUN",1998,10266570,70.5578048780488,1.32
"Hungary","HUN",1999,10237530,70.6770731707317,1.28
"Hungary","HUN",2000,10210971,71.2463414634146,1.32
"Hungary","HUN",2001,10187576,72.2487804878049,1.31
"Hungary","HUN",2002,10158608,72.3487804878049,1.3
"Hungary","HUN",2003,10129552,72.3,1.27
"Hungary","HUN",2004,10107146,72.6487804878049,1.28
"Hungary","HUN",2005,10087065,72.6487804878049,1.31
"Hungary","HUN",2006,10071370,73.0975609756098,1.34
"Hungary","HUN",2007,10055780,73.1512195121951,1.32
"Hungary","HUN",2008,10038188,73.7024390243903,1.35
"Hungary","HUN",2009,10022650,73.9048780487805,1.32
"Hungary","HUN",2010,10000023,74.2073170731707,1.25
"Hungary","HUN",2011,9971727,74.8585365853659,1.23
"Hungary","HUN",2012,9920362,75.0634146341463,1.34
"Hungary","HUN",2013,9872734,75.5658536585366,1.35
"Hungary","HUN",2014,9833038,75.7634146341463,1.44
"Hungary","HUN",2015,9797755,75.5682926829269,1.45
"Hungary","HUN",2016,9759755,76.0634146341464,1.53
"Hungary","HUN",2017,9726756,75.8170731707317,1.54
"Hungary","HUN",2018,9706964,76.0658536585366,1.55
"Hungary","HUN",2019,9694824,76.3195121951219,1.55
"Hungary","HUN",2020,9670419,75.419512195122,1.59
"Hungary","HUN",2021,9630932,74.0658536585366,1.61
"Hungary","HUN",2022,9605074,75.8682926829268,1.56
"Hungary","HUN",2023,9592186,76.7707317073171,1.51
"IDA & IBRD total","IBT",1960,2289192009,45.3479418720368,5.24414761626824
"IDA & IBRD total","IBT",1961,2321079191,47.6552634424655,5.08171890586985
"IDA & IBRD total","IBT",1962,2366117598,50.9683262080383,5.70533969257823
"IDA & IBRD total","IBT",1963,2423348992,51.4611995878149,6.09384148474072
"IDA & IBRD total","IBT",1964,2481068241,51.9529729953949,5.8511382131547
"IDA & IBRD total","IBT",1965,2539564344,51.7527448936053,5.81004780972975
"IDA & IBRD total","IBT",1966,2600930009,52.4141891291855,5.70473680714108
"IDA & IBRD total","IBT",1967,2662674586,52.9136029388647,5.55511338580228
"IDA & IBRD total","IBT",1968,2726203260,53.580809712004,5.72043060052224
"IDA & IBRD total","IBT",1969,2791883177,54.0201605766692,5.59448715938068
"IDA & IBRD total","IBT",1970,2859123476,54.3092226712452,5.5413742234703
"IDA & IBRD total","IBT",1971,2926951963,54.3693807010741,5.35704542231219
"IDA & IBRD total","IBT",1972,2994028911,55.4005620600598,5.20610197885697
"IDA & IBRD total","IBT",1973,3062266606,55.9736549478937,5.05797283913342
"IDA & IBRD total","IBT",1974,3130418531,56.4251218445963,4.86111497888886
"IDA & IBRD total","IBT",1975,3197494325,56.9183612299483,4.64866921268931
"IDA & IBRD total","IBT",1976,3264075702,57.2896576080045,4.52389766725083
"IDA & IBRD total","IBT",1977,3330218383,57.9581313546901,4.36769113451999
"IDA & IBRD total","IBT",1978,3397524507,58.3952425738038,4.28438841915839
"IDA & IBRD total","IBT",1979,3466649271,58.899409577063,4.25187332631964
"IDA & IBRD total","IBT",1980,3536954994,59.3082443582707,4.21567317634578
"IDA & IBRD total","IBT",1981,3609089669,59.7137241568535,4.18681072460778
"IDA & IBRD total","IBT",1982,3685043956,60.1136023702275,4.20310559638344
"IDA & IBRD total","IBT",1983,3762109361,60.4434840532676,4.04750585302414
"IDA & IBRD total","IBT",1984,3839296592,60.7832991745997,4.01358816975303
"IDA & IBRD total","IBT",1985,3918002286,61.1507575314764,3.9594130618903
"IDA & IBRD total","IBT",1986,3998725110,61.6111937175124,3.93889252961254
"IDA & IBRD total","IBT",1987,4081589183,61.9992601846551,3.89358240771684
"IDA & IBRD total","IBT",1988,4165012459,62.2645544538715,3.77148917858734
"IDA & IBRD total","IBT",1989,4248240134,62.5947603893719,3.70920696259168
"IDA & IBRD total","IBT",1990,4330689753,62.7727156569464,3.64823016786254
"IDA & IBRD total","IBT",1991,4411587746,62.9912175771441,3.4270542049068
"IDA & IBRD total","IBT",1992,4491324220,63.2540565147511,3.32014859113294
"IDA & IBRD total","IBT",1993,4570777029,63.5028596610079,3.24111139731391
"IDA & IBRD total","IBT",1994,4649243135,63.7265377770187,3.17666311867011
"IDA & IBRD total","IBT",1995,4727566480,64.0771855534073,3.11457752231892
"IDA & IBRD total","IBT",1996,4806199043,64.3993357360812,3.05483955804609
"IDA & IBRD total","IBT",1997,4884731621,64.732429529755,3.00354595706068
"IDA & IBRD total","IBT",1998,4963254080,65.0005906888447,2.96215268043108
"IDA & IBRD total","IBT",1999,5040645749,65.2873896859755,2.92753509560919
"IDA & IBRD total","IBT",2000,5116723507,65.6560955300551,2.92815900338712
"IDA & IBRD total","IBT",2001,5192348770,65.9667602590208,2.88253917209821
"IDA & IBRD total","IBT",2002,5267145775,66.2936838191505,2.84841880465702
"IDA & IBRD total","IBT",2003,5341840046,66.5869021191877,2.81791236243409
"IDA & IBRD total","IBT",2004,5417128229,66.8238305316927,2.80227747556551
"IDA & IBRD total","IBT",2005,5492481030,67.2247322340305,2.78055872494452
"IDA & IBRD total","IBT",2006,5568236362,67.6014865733253,2.76579756184291
"IDA & IBRD total","IBT",2007,5643505923,67.9660838410754,2.75480363035886
"IDA & IBRD total","IBT",2008,5720065907,68.1835059010945,2.75423549807407
"IDA & IBRD total","IBT",2009,5797994405,68.5871126679736,2.74558666708729
"IDA & IBRD total","IBT",2010,5876645582,68.9258375211718,2.71688569614126
"IDA & IBRD total","IBT",2011,5956718993,69.2348841118727,2.69329587519973
"IDA & IBRD total","IBT",2012,6038958543,69.5733107675202,2.70941915899661
"IDA & IBRD total","IBT",2013,6120456890,69.8686478501223,2.66720637527404
"IDA & IBRD total","IBT",2014,6201607778,70.1204467725798,2.65498616871422
"IDA & IBRD total","IBT",2015,6280961830,70.371709207031,2.62203180159785
"IDA & IBRD total","IBT",2016,6360153661,70.6140387670529,2.62347370210255
"IDA & IBRD total","IBT",2017,6440011821,70.8308848986919,2.59124829385848
"IDA & IBRD total","IBT",2018,6518058354,71.1530074814471,2.51556535872531
"IDA & IBRD total","IBT",2019,6594216452,71.3939237835386,2.47533043381633
"IDA & IBRD total","IBT",2020,6666470352,70.7488282427992,2.3927618280309
"IDA & IBRD total","IBT",2021,6732651035,69.6679168391603,2.35381106333041
"IDA & IBRD total","IBT",2022,6794724390,71.677581962506,2.32447750417007
"IDA & IBRD total","IBT",2023,6858521511,72.0004516179201,2.30809674307544
"IDA blend","IDB",1960,124475467,42.5431247039146,6.64284008053128
"IDA blend","IDB",1961,127688784,43.1190326843742,6.6552468100513
"IDA blend","IDB",1962,131049320,43.9750474568048,6.67088078223743
"IDA blend","IDB",1963,134563454,44.5600815712563,6.66893197849251
"IDA blend","IDB",1964,138208407,45.1855337757565,6.68083047957673
"IDA blend","IDB",1965,141992226,45.6886867812749,6.68973370728734
"IDA blend","IDB",1966,145904459,46.3846575767366,6.69229781749584
"IDA blend","IDB",1967,149923848,46.6078021602607,6.69560014158541
"IDA blend","IDB",1968,154080039,47.5024041128975,6.69407670739822
"IDA blend","IDB",1969,158393968,48.0290098035867,6.69930336406827
"IDA blend","IDB",1970,162852517,48.7838526739504,6.70868181972881
"IDA blend","IDB",1971,167356115,47.6730532778321,6.73067972654794
"IDA blend","IDB",1972,172011394,49.8239662402422,6.74489859370542
"IDA blend","IDB",1973,176954946,50.2346031204067,6.75705385853369
"IDA blend","IDB",1974,182138604,50.6407109948696,6.77021579763946
"IDA blend","IDB",1975,187586058,51.0816474482981,6.78164659203856
"IDA blend","IDB",1976,193252681,51.688385894367,6.7741379905122
"IDA blend","IDB",1977,199165729,52.1478233476654,6.76868769631839
"IDA blend","IDB",1978,205318127,52.5625373286159,6.75143537745542
"IDA blend","IDB",1979,211887858,53.0009671534034,6.71325831718206
"IDA blend","IDB",1980,219552133,53.5517138048301,6.67192719949488
"IDA blend","IDB",1981,227625217,53.9979698190557,6.6321515589012
"IDA blend","IDB",1982,235282858,54.3521614304048,6.5925872815283
"IDA blend","IDB",1983,242589635,54.6099438830929,6.54826820587207
"IDA blend","IDB",1984,249868265,54.8021457939447,6.49466262800632
"IDA blend","IDB",1985,257661913,54.9200438763528,6.43383915816421
"IDA blend","IDB",1986,265801351,54.9385202722126,6.38214635690927
"IDA blend","IDB",1987,274161638,55.0073967177056,6.3169895037278
"IDA blend","IDB",1988,282708012,55.0375298345347,6.25148615267296
"IDA blend","IDB",1989,291381564,55.0881932223756,6.19017703719669
"IDA blend","IDB",1990,300366368,54.9664973426319,6.12738457165969
"IDA blend","IDB",1991,309491517,54.8353887000916,6.06536100057243
"IDA blend","IDB",1992,318337815,54.783650974874,5.98169970612131
"IDA blend","IDB",1993,327140314,54.7603761029954,5.88964112431633
"IDA blend","IDB",1994,336096421,54.6642328964788,5.79954216594475
"IDA blend","IDB",1995,345327214,54.6459046354829,5.71533407958458
"IDA blend","IDB",1996,354861820,54.6170968700042,5.62186959054476
"IDA blend","IDB",1997,364489851,54.6534354528845,5.52149249332773
"IDA blend","IDB",1998,374262946,54.8967990190859,5.42597036532387
"IDA blend","IDB",1999,384018319,55.2249658950202,5.39096234418901
"IDA blend","IDB",2000,394129957,55.5992722966425,5.34185583852571
"IDA blend","IDB",2001,404662385,55.889906446422,5.26094445396664
"IDA blend","IDB",2002,414935066,56.270235525387,5.1783190330599
"IDA blend","IDB",2003,425311302,56.6359126305936,5.10930198484563
"IDA blend","IDB",2004,436147454,57.0294559998555,5.01279081108595
"IDA blend","IDB",2005,447132945,56.9989286118874,4.95461118139386
"IDA blend","IDB",2006,458394453,57.7016203087693,4.93870079020795
"IDA blend","IDB",2007,470476526,58.0600906051007,4.91737092931541
"IDA blend","IDB",2008,482975881,58.4143046583873,4.89890182146653
"IDA blend","IDB",2009,495610570,58.7507843707772,4.85818069447705
"IDA blend","IDB",2010,508422508,59.0515129063523,4.79809212619671
"IDA blend","IDB",2011,520984443,59.364406133511,4.72216946157877
"IDA blend","IDB",2012,532980174,59.6305637403653,4.6340378211409
"IDA blend","IDB",2013,544442648,59.8685731055257,4.56049734113323
"IDA blend","IDB",2014,555868551,60.0998681978251,4.502077481935
"IDA blend","IDB",2015,567234056,60.2944946354402,4.42949529173026
"IDA blend","IDB",2016,578463670,60.5761664527178,4.33403379404732
"IDA blend","IDB",2017,590024074,60.818392907263,4.26901886821274
"IDA blend","IDB",2018,601951913,61.0740542759518,4.19320589255923
"IDA blend","IDB",2019,614017319,61.3259973798573,4.1181258293125
"IDA blend","IDB",2020,626440308,60.8180066140619,4.04750419996975
"IDA blend","IDB",2021,639196319,60.8765357381791,4.01109127298711
"IDA blend","IDB",2022,651895919,62.1288641416852,3.95818893362032
"IDA blend","IDB",2023,664395892,62.4621643327349,3.90689986940718
"India","IND",1960,435990338,45.61,5.921
"India","IND",1961,446564729,45.824,5.937
"India","IND",1962,457283090,46.133,5.953
"India","IND",1963,468138575,46.458,5.969
"India","IND",1964,479229598,46.742,5.979
"India","IND",1965,490140146,45.558,5.941
"India","IND",1966,500740247,45.884,5.881
"India","IND",1967,511606372,46.184,5.825
"India","IND",1968,522716889,47.925,5.76
"India","IND",1969,533880544,48.26,5.684
"India","IND",1970,545864268,48.585,5.624
"India","IND",1971,558096387,48.902,5.565
"India","IND",1972,570482142,49.213,5.482
"India","IND",1973,583465598,49.642,5.402
"India","IND",1974,597041391,50.259,5.325
"India","IND",1975,611309535,50.761,5.195
"India","IND",1976,625861883,51.302,5.13
"India","IND",1977,640801103,51.822,5.007
"India","IND",1978,655728229,52.42,4.888
"India","IND",1979,671155747,53.014,4.808
"India","IND",1980,687354025,53.593,4.775
"India","IND",1981,703696250,54.173,4.698
"India","IND",1982,720313473,54.735,4.62
"India","IND",1983,737372681,55.283,4.565
"India","IND",1984,754875449,55.813,4.516
"India","IND",1985,772647793,56.324,4.432
"India","IND",1986,790689978,56.819,4.399
"India","IND",1987,808931270,57.291,4.311
"India","IND",1988,827342990,57.744,4.222
"India","IND",1989,846039529,58.196,4.132
"India","IND",1990,864972221,58.618,4.045
"India","IND",1991,883927600,59.032,3.959
"India","IND",1992,902957070,59.445,3.877
"India","IND",1993,922118387,59.823,3.799
"India","IND",1994,941163767,60.237,3.723
"India","IND",1995,960301044,60.63,3.651
"India","IND",1996,979678458,61.027,3.582
"India","IND",1997,999133762,61.439,3.514
"India","IND",1998,1018665080,61.852,3.446
"India","IND",1999,1038225823,62.284,3.383
"India","IND",2000,1057922733,62.749,3.35
"India","IND",2001,1077898575,63.158,3.303
"India","IND",2002,1097600380,63.649,3.217
"India","IND",2003,1116803006,64.086,3.122
"India","IND",2004,1135991513,64.484,3.046
"India","IND",2005,1154676322,64.939,2.958
"India","IND",2006,1172878890,65.373,2.867
"India","IND",2007,1190676021,65.803,2.775
"India","IND",2008,1207930964,66.247,2.711
"India","IND",2009,1225524753,66.7,2.674
"India","IND",2010,1243481564,67.162,2.598
"India","IND",2011,1261224954,67.623,2.532
"India","IND",2012,1278674502,68.076,2.47
"India","IND",2013,1295829511,68.499,2.399
"India","IND",2014,1312277191,68.932,2.293
"India","IND",2015,1328024498,69.326,2.289
"India","IND",2016,1343944296,69.709,2.284
"India","IND",2017,1359657400,70.068,2.193
"India","IND",2018,1374659064,70.415,2.184
"India","IND",2019,1389030312,70.746,2.12
"India","IND",2020,1402617695,70.156,2.047
"India","IND",2021,1414203896,67.282,2.014
"India","IND",2022,1425423212,71.698,1.994
"India","IND",2023,1438069596,72.003,1.975
"Indonesia","IDN",1960,88296070,46.835,5.505
"Indonesia","IDN",1961,90791249,47.385,5.522
"Indonesia","IDN",1962,93375850,48.141,5.534
"Indonesia","IDN",1963,96051424,48.742,5.551
"Indonesia","IDN",1964,98833749,49.44,5.568
"Indonesia","IDN",1965,101365130,42.762,5.593
"Indonesia","IDN",1966,103792754,48.406,5.593
"Indonesia","IDN",1967,106526393,51.309,5.583
"Indonesia","IDN",1968,109450006,51.888,5.568
"Indonesia","IDN",1969,112517639,52.588,5.553
"Indonesia","IDN",1970,115657495,53.254,5.488
"Indonesia","IDN",1971,118833702,53.823,5.397
"Indonesia","IDN",1972,122039841,54.364,5.315
"Indonesia","IDN",1973,125288515,54.916,5.246
"Indonesia","IDN",1974,128555045,55.443,5.089
"Indonesia","IDN",1975,131843848,55.998,5.032
"Indonesia","IDN",1976,135173655,56.445,4.921
"Indonesia","IDN",1977,138533541,57.09,4.807
"Indonesia","IDN",1978,141953163,57.607,4.732
"Indonesia","IDN",1979,145434834,58.18,4.625
"Indonesia","IDN",1980,148950540,58.701,4.495
"Indonesia","IDN",1981,152485035,59.096,4.356
"Indonesia","IDN",1982,156052152,59.7,4.247
"Indonesia","IDN",1983,159651381,60.343,4.109
"Indonesia","IDN",1984,163251124,60.891,3.956
"Indonesia","IDN",1985,166776185,61.387,3.725
"Indonesia","IDN",1986,170175065,61.736,3.53
"Indonesia","IDN",1987,173511154,62.087,3.42
"Indonesia","IDN",1988,176855065,62.386,3.353
"Indonesia","IDN",1989,180201630,62.883,3.247
"Indonesia","IDN",1990,183501098,63.249,3.114
"Indonesia","IDN",1991,186778238,63.703,3.058
"Indonesia","IDN",1992,190043744,64.182,2.95
"Indonesia","IDN",1993,193305168,64.851,2.9
"Indonesia","IDN",1994,196591828,65.041,2.851
"Indonesia","IDN",1995,199888057,65.263,2.809
"Indonesia","IDN",1996,203204348,65.465,2.782
"Indonesia","IDN",1997,206536095,65.774,2.742
"Indonesia","IDN",1998,209826788,65.942,2.66
"Indonesia","IDN",1999,213004668,66.001,2.568
"Indonesia","IDN",2000,216077790,66.292,2.503
"Indonesia","IDN",2001,219097902,66.583,2.466
"Indonesia","IDN",2002,222088495,66.954,2.436
"Indonesia","IDN",2003,225048008,67.134,2.41
"Indonesia","IDN",2004,227926649,65.521,2.415
"Indonesia","IDN",2005,230871650,67.531,2.452
"Indonesia","IDN",2006,233951652,67.664,2.457
"Indonesia","IDN",2007,237062337,67.914,2.476
"Indonesia","IDN",2008,240157903,68.085,2.44
"Indonesia","IDN",2009,243220028,68.267,2.442
"Indonesia","IDN",2010,246305322,68.364,2.462
"Indonesia","IDN",2011,249470032,68.629,2.515
"Indonesia","IDN",2012,252698525,68.862,2.514
"Indonesia","IDN",2013,255852467,69.064,2.441
"Indonesia","IDN",2014,258877399,69.292,2.393
"Indonesia","IDN",2015,261799249,69.52,2.346
"Indonesia","IDN",2016,264627418,69.733,2.311
"Indonesia","IDN",2017,267346658,69.953,2.253
"Indonesia","IDN",2018,269951846,70.08,2.219
"Indonesia","IDN",2019,272489381,70.349,2.205
"Indonesia","IDN",2020,274814866,68.817,2.189
"Indonesia","IDN",2021,276758053,67.452,2.166
"Indonesia","IDN",2022,278830529,70.925,2.149
"Indonesia","IDN",2023,281190067,71.146,2.127
"Iran, Islamic Rep.","IRN",1960,21470434,43.297,7.519
"Iran, Islamic Rep.","IRN",1961,22125726,43.9,7.459
"Iran, Islamic Rep.","IRN",1962,22807907,43.769,7.401
"Iran, Islamic Rep.","IRN",1963,23519005,45.105,7.317
"Iran, Islamic Rep.","IRN",1964,24262859,45.735,7.237
"Iran, Islamic Rep.","IRN",1965,25036978,46.372,7.222
"Iran, Islamic Rep.","IRN",1966,25829270,47.072,7.214
"Iran, Islamic Rep.","IRN",1967,26628432,47.803,7.19
"Iran, Islamic Rep.","IRN",1968,27437391,47.946,7.119
"Iran, Islamic Rep.","IRN",1969,28273482,49.382,7.007
"Iran, Islamic Rep.","IRN",1970,29145100,50.222,6.798
"Iran, Islamic Rep.","IRN",1971,30029071,51.12,6.549
"Iran, Islamic Rep.","IRN",1972,30921179,51.729,6.257
"Iran, Islamic Rep.","IRN",1973,31839838,52.944,6.061
"Iran, Islamic Rep.","IRN",1974,32796463,53.862,5.968
"Iran, Islamic Rep.","IRN",1975,33802973,54.819,5.947
"Iran, Islamic Rep.","IRN",1976,34837271,55.771,6.066
"Iran, Islamic Rep.","IRN",1977,35933181,56.66,6.179
"Iran, Islamic Rep.","IRN",1978,37126535,56.042,6.344
"Iran, Islamic Rep.","IRN",1979,38424952,58.453,6.549
"Iran, Islamic Rep.","IRN",1980,39842324,58.369,6.63
"Iran, Islamic Rep.","IRN",1981,41989312,56.625,6.618
"Iran, Islamic Rep.","IRN",1982,44272141,57.633,6.586
"Iran, Islamic Rep.","IRN",1983,46029535,58.518,6.528
"Iran, Islamic Rep.","IRN",1984,47793998,60.875,6.433
"Iran, Islamic Rep.","IRN",1985,49582289,61.537,6.242
"Iran, Islamic Rep.","IRN",1986,51446045,62.136,6.011
"Iran, Islamic Rep.","IRN",1987,53323493,62.685,5.719
"Iran, Islamic Rep.","IRN",1988,55072694,63.255,5.434
"Iran, Islamic Rep.","IRN",1989,56704914,65.314,5.172
"Iran, Islamic Rep.","IRN",1990,58380092,64.066,4.934
"Iran, Islamic Rep.","IRN",1991,59986931,66.233,4.568
"Iran, Islamic Rep.","IRN",1992,61184983,66.653,4.099
"Iran, Islamic Rep.","IRN",1993,61403543,67.037,3.674
"Iran, Islamic Rep.","IRN",1994,61520598,67.49,3.244
"Iran, Islamic Rep.","IRN",1995,62205567,67.904,2.852
"Iran, Islamic Rep.","IRN",1996,62881300,68.328,2.542
"Iran, Islamic Rep.","IRN",1997,63639638,68.649,2.323
"Iran, Islamic Rep.","IRN",1998,64519859,69.214,2.19
"Iran, Islamic Rep.","IRN",1999,65445391,69.686,2.089
"Iran, Islamic Rep.","IRN",2000,66418659,70.166,1.999
"Iran, Islamic Rep.","IRN",2001,67452005,70.619,1.918
"Iran, Islamic Rep.","IRN",2002,68011317,71.112,1.836
"Iran, Islamic Rep.","IRN",2003,68769340,70.464,1.801
"Iran, Islamic Rep.","IRN",2004,70256316,72.04,1.78
"Iran, Islamic Rep.","IRN",2005,71828455,72.446,1.756
"Iran, Islamic Rep.","IRN",2006,73392747,72.895,1.755
"Iran, Islamic Rep.","IRN",2007,74602648,73.299,1.748
"Iran, Islamic Rep.","IRN",2008,75514204,73.683,1.743
"Iran, Islamic Rep.","IRN",2009,76457825,74.041,1.74
"Iran, Islamic Rep.","IRN",2010,77420842,74.39,1.749
"Iran, Islamic Rep.","IRN",2011,78383598,74.721,1.792
"Iran, Islamic Rep.","IRN",2012,79370580,75.039,1.851
"Iran, Islamic Rep.","IRN",2013,80414686,75.349,1.913
"Iran, Islamic Rep.","IRN",2014,81502045,75.635,1.975
"Iran, Islamic Rep.","IRN",2015,82619362,75.907,2.017
"Iran, Islamic Rep.","IRN",2016,83812228,76.155,2.054
"Iran, Islamic Rep.","IRN",2017,85026754,76.396,2.023
"Iran, Islamic Rep.","IRN",2018,86117998,76.621,1.919
"Iran, Islamic Rep.","IRN",2019,87051648,76.855,1.766
"Iran, Islamic Rep.","IRN",2020,87723443,74.141,1.7
"Iran, Islamic Rep.","IRN",2021,88455488,73.752,1.709
"Iran, Islamic Rep.","IRN",2022,89524246,76.799,1.704
"Iran, Islamic Rep.","IRN",2023,90608707,77.654,1.695
"Iraq","IRQ",1960,7022052,51.462,5.3
"Iraq","IRQ",1961,7194553,52.339,5.8
"Iraq","IRQ",1962,7413875,53.482,6.991
"Iraq","IRQ",1963,7667928,54.36,7.005
"Iraq","IRQ",1964,7929566,55.245,7.01
"Iraq","IRQ",1965,8202140,56.387,7.02
"Iraq","IRQ",1966,8485104,57.321,7.022
"Iraq","IRQ",1967,8778869,58.422,7.029
"Iraq","IRQ",1968,9085016,58.969,7.056
"Iraq","IRQ",1969,9403356,59.64,7.083
"Iraq","IRQ",1970,9735611,60.532,7.071
"Iraq","IRQ",1971,10077809,61.333,7.055
"Iraq","IRQ",1972,10430164,61.816,7.024
"Iraq","IRQ",1973,10795869,62.344,6.986
"Iraq","IRQ",1974,11167761,60.995,6.952
"Iraq","IRQ",1975,11543639,61.434,6.913
"Iraq","IRQ",1976,11927651,63.569,6.856
"Iraq","IRQ",1977,12331046,63.896,6.795
"Iraq","IRQ",1978,12753355,64.175,6.726
"Iraq","IRQ",1979,13170365,64.417,6.662
"Iraq","IRQ",1980,13591992,60.916,6.593
"Iraq","IRQ",1981,14006381,58.652,6.526
"Iraq","IRQ",1982,14406083,58.977,6.46
"Iraq","IRQ",1983,14840555,59.287,6.387
"Iraq","IRQ",1984,15310733,59.544,6.321
"Iraq","IRQ",1985,15683430,59.8,6.246
"Iraq","IRQ",1986,16074145,60.031,6.182
"Iraq","IRQ",1987,16521049,60.259,6.114
"Iraq","IRQ",1988,16908819,56.692,6.052
"Iraq","IRQ",1989,17364542,57.501,5.988
"Iraq","IRQ",1990,17581206,57.587,5.929
"Iraq","IRQ",1991,17767253,61.338,5.833
"Iraq","IRQ",1992,18300845,65.344,5.718
"Iraq","IRQ",1993,19201195,65.31,5.609
"Iraq","IRQ",1994,20139807,65.027,5.488
"Iraq","IRQ",1995,20825860,64.761,5.36
"Iraq","IRQ",1996,21501321,64.618,5.249
"Iraq","IRQ",1997,22176593,64.241,5.194
"Iraq","IRQ",1998,22884399,64.405,5.112
"Iraq","IRQ",1999,23636527,64.532,5.035
"Iraq","IRQ",2000,24424056,64.86,4.92
"Iraq","IRQ",2001,25197840,65.292,4.799
"Iraq","IRQ",2002,26006559,65.724,4.668
"Iraq","IRQ",2003,26802659,64.834,4.581
"Iraq","IRQ",2004,27577878,64.634,4.527
"Iraq","IRQ",2005,28407448,64.899,4.446
"Iraq","IRQ",2006,28616515,64.029,4.459
"Iraq","IRQ",2007,28391607,64.428,4.404
"Iraq","IRQ",2008,28971036,66.465,4.373
"Iraq","IRQ",2009,30058206,67.834,4.378
"Iraq","IRQ",2010,31045366,68.092,4.457
"Iraq","IRQ",2011,32161424,68.435,4.588
"Iraq","IRQ",2012,33654842,68.827,4.544
"Iraq","IRQ",2013,35281989,69.047,4.441
"Iraq","IRQ",2014,36550059,69.679,4.31
"Iraq","IRQ",2015,37560535,69.977,4.08
"Iraq","IRQ",2016,38469627,68.683,3.843
"Iraq","IRQ",2017,39337353,69.788,3.64
"Iraq","IRQ",2018,40265624,71.116,3.547
"Iraq","IRQ",2019,41192171,71.245,3.48
"Iraq","IRQ",2020,42116605,69.651,3.419
"Iraq","IRQ",2021,43071211,70.704,3.358
"Iraq","IRQ",2022,44070551,72.037,3.294
"Iraq","IRQ",2023,45074049,72.324,3.249
"Ireland","IRL",1960,2828600,70.1942682926829,3.78
"Ireland","IRL",1961,2824400,69.6782926829268,3.78
"Ireland","IRL",1962,2836050,69.9910487804878,3.92
"Ireland","IRL",1963,2852650,70.2300975609756,4.01
"Ireland","IRL",1964,2866550,70.4899268292683,4.07
"Ireland","IRL",1965,2877300,70.695,4.04
"Ireland","IRL",1966,2888800,70.2169512195122,3.94
"Ireland","IRL",1967,2902450,71.2453658536585,3.84
"Ireland","IRL",1968,2915550,70.941,3.77
"Ireland","IRL",1969,2932650,70.8528292682927,3.83
"Ireland","IRL",1970,2957250,70.9015609756098,3.85
"Ireland","IRL",1971,2992050,71.6758536585366,3.93
"Ireland","IRL",1972,3036850,71.021756097561,3.84
"Ireland","IRL",1973,3085950,71.2399756097561,3.71
"Ireland","IRL",1974,3137500,71.1755609756098,3.59
"Ireland","IRL",1975,3189550,71.7530487804878,3.37
"Ireland","IRL",1976,3238050,71.8566097560976,3.29
"Ireland","IRL",1977,3282200,71.9973902439024,3.24
"Ireland","IRL",1978,3329100,71.9963170731707,3.21
"Ireland","IRL",1979,3373750,72.2680243902439,3.21
"Ireland","IRL",1980,3412800,72.5954146341464,3.21
"Ireland","IRL",1981,3453000,72.9517804878049,3.05
"Ireland","IRL",1982,3485800,73.2090487804878,2.94
"Ireland","IRL",1983,3510600,73.2400975609756,2.74
"Ireland","IRL",1984,3532423,73.6637317073171,2.58
"Ireland","IRL",1985,3538082,73.6219024390244,2.48
"Ireland","IRL",1986,3539690,73.6655365853659,2.44
"Ireland","IRL",1987,3540057,74.4319024390244,2.32
"Ireland","IRL",1988,3524949,74.4394146341463,2.17
"Ireland","IRL",1989,3511009,74.4552195121951,2.08
"Ireland","IRL",1990,3513974,74.8460731707317,2.11
"Ireland","IRL",1991,3534235,75.025,2.08
"Ireland","IRL",1992,3558430,75.4150975609756,1.99
"Ireland","IRL",1993,3576261,75.2921951219512,1.9
"Ireland","IRL",1994,3590386,75.7866341463415,1.85
"Ireland","IRL",1995,3608841,75.4693170731707,1.84
"Ireland","IRL",1996,3637510,75.8317073170732,1.88
"Ireland","IRL",1997,3674171,75.9853658536585,1.93
"Ireland","IRL",1998,3712696,76.1804878048781,1.94
"Ireland","IRL",1999,3754786,76.0829268292683,1.9
"Ireland","IRL",2000,3805174,76.5365853658537,1.89
"Ireland","IRL",2001,3866243,77.1341463414634,1.94
"Ireland","IRL",2002,3931947,77.6341463414634,1.97
"Ireland","IRL",2003,3996521,78.1390243902439,1.96
"Ireland","IRL",2004,4070262,78.5390243902439,1.93
"Ireland","IRL",2005,4159914,78.9439024390244,1.86
"Ireland","IRL",2006,4273591,79.2414634146342,1.91
"Ireland","IRL",2007,4398942,79.6414634146341,2.01
"Ireland","IRL",2008,4489544,80.0951219512195,2.06
"Ireland","IRL",2009,4535375,80.190243902439,2.06
"Ireland","IRL",2010,4560155,80.7439024390244,2.05
"Ireland","IRL",2011,4580084,80.7463414634146,2.03
"Ireland","IRL",2012,4599533,80.8463414634146,1.98
"Ireland","IRL",2013,4623816,80.9487804878049,1.93
"Ireland","IRL",2014,4657740,81.3487804878049,1.89
"Ireland","IRL",2015,4701957,81.4536585365854,1.85
"Ireland","IRL",2016,4762722,81.6536585365854,1.81
"Ireland","IRL",2017,4827445,82.1560975609756,1.77
"Ireland","IRL",2018,4898022,82.2048780487805,1.75
"Ireland","IRL",2019,4976456,82.7024390243903,1.71
"Ireland","IRL",2020,5039747,82.4560975609756,1.63
"Ireland","IRL",2021,5110585,82.2536585365854,1.78
"Ireland","IRL",2022,5212836,82.509756097561,1.54
"Ireland","IRL",2023,5311538,82.8609756097561,1.5
"Italy","ITA",1960,50199700,69.1239024390244,2.4
"Italy","ITA",1961,50536350,69.760243902439,2.44
"Italy","ITA",1962,50879450,69.149756097561,2.46
"Italy","ITA",1963,51252000,69.2480487804878,2.51
"Italy","ITA",1964,51675350,70.3117073170732,2.66
"Italy","ITA",1965,52112350,70.1717073170732,2.6
"Italy","ITA",1966,52519000,70.9260975609756,2.58
"Italy","ITA",1967,52900500,70.9565853658537,2.5
"Italy","ITA",1968,53235750,70.78,2.46
"Italy","ITA",1969,53537950,70.8119512195122,2.47
"Italy","ITA",1970,53821850,71.5587804878049,2.38
"Italy","ITA",1971,54073490,71.8068292682927,2.4
"Italy","ITA",1972,54381345,72.0753658536586,2.35
"Italy","ITA",1973,54751406,72.0263414634146,2.3
"Italy","ITA",1974,55110868,72.7343902439025,2.28
"Italy","ITA",1975,55441001,72.6473170731708,2.17
"Italy","ITA",1976,55718260,72.9919512195122,2.04
"Italy","ITA",1977,55955411,73.3646341463415,1.93
"Italy","ITA",1978,56155143,73.6931707317073,1.84
"Italy","ITA",1979,56317749,74.0026829268293,1.73
"Italy","ITA",1980,56433883,73.9431707317073,1.64
"Italy","ITA",1981,56501675,74.3539024390244,1.58
"Italy","ITA",1982,56543548,74.8146341463415,1.56
"Italy","ITA",1983,56564074,74.640243902439,1.51
"Italy","ITA",1984,56576718,75.389512195122,1.46
"Italy","ITA",1985,56593071,75.4707317073171,1.42
"Italy","ITA",1986,56596155,75.7707317073171,1.35
"Italy","ITA",1987,56601931,76.219512195122,1.33
"Italy","ITA",1988,56629288,76.3707317073171,1.36
"Italy","ITA",1989,56671781,76.819512195122,1.33
"Italy","ITA",1990,56719240,76.9707317073171,1.33
"Italy","ITA",1991,56758521,77.0195121951219,1.3
"Italy","ITA",1992,56797087,77.419512195122,1.3
"Italy","ITA",1993,56831821,77.7219512195122,1.25
"Italy","ITA",1994,56843400,77.9219512195122,1.21
"Italy","ITA",1995,56844303,78.1707317073171,1.19
"Italy","ITA",1996,56860281,78.5219512195122,1.2
"Italy","ITA",1997,56890372,78.8243902439024,1.22
"Italy","ITA",1998,56906744,78.9756097560976,1.22
"Italy","ITA",1999,56916317,79.4243902439024,1.23
"Italy","ITA",2000,56942108,79.7780487804878,1.26
"Italy","ITA",2001,56976981,80.1268292682927,1.25
"Italy","ITA",2002,57089824,80.2292682926829,1.27
"Italy","ITA",2003,57399184,79.9829268292683,1.29
"Italy","ITA",2004,57828179,80.7804878048781,1.34
"Italy","ITA",2005,58166682,80.7829268292683,1.33
"Italy","ITA",2006,58399861,81.2829268292683,1.37
"Italy","ITA",2007,58756247,81.4341463414634,1.39
"Italy","ITA",2008,59211181,81.4853658536585,1.44
"Italy","ITA",2009,59555454,81.6365853658537,1.44
"Italy","ITA",2010,59819407,82.0365853658537,1.44
"Italy","ITA",2011,60026841,82.1878048780488,1.42
"Italy","ITA",2012,60191247,82.2390243902439,1.42
"Italy","ITA",2013,60311613,82.690243902439,1.39
"Italy","ITA",2014,60320707,83.090243902439,1.38
"Italy","ITA",2015,60229605,82.5439024390244,1.36
"Italy","ITA",2016,60115223,83.2439024390244,1.36
"Italy","ITA",2017,60002252,82.9463414634147,1.34
"Italy","ITA",2018,60148658,83.3463414634146,1.31
"Italy","ITA",2019,59729081,83.4975609756098,1.27
"Italy","ITA",2020,59438851,82.1951219512195,1.24
"Italy","ITA",2021,59133173,82.6463414634146,1.25
"Italy","ITA",2022,59013667,82.7,1.24
"Italy","ITA",2023,58984216,83.7,1.2
"Jamaica","JAM",1960,1650005,63.828,5.538
"Jamaica","JAM",1961,1673261,64.257,5.597
"Jamaica","JAM",1962,1696932,64.619,5.635
"Jamaica","JAM",1963,1721099,64.999,5.731
"Jamaica","JAM",1964,1745568,65.347,5.79
"Jamaica","JAM",1965,1769192,65.663,5.719
"Jamaica","JAM",1966,1791475,65.928,5.692
"Jamaica","JAM",1967,1812865,66.086,5.668
"Jamaica","JAM",1968,1833765,66.319,5.576
"Jamaica","JAM",1969,1855127,66.516,5.468
"Jamaica","JAM",1970,1878196,66.731,5.349
"Jamaica","JAM",1971,1903728,66.997,5.212
"Jamaica","JAM",1972,1931542,67.304,5.06
"Jamaica","JAM",1973,1961219,67.607,4.995
"Jamaica","JAM",1974,1990906,67.913,4.665
"Jamaica","JAM",1975,2018981,68.168,4.436
"Jamaica","JAM",1976,2045578,68.412,4.213
"Jamaica","JAM",1977,2070657,68.586,4.004
"Jamaica","JAM",1978,2094836,68.739,3.838
"Jamaica","JAM",1979,2119486,68.813,3.719
"Jamaica","JAM",1980,2145658,68.992,3.588
"Jamaica","JAM",1981,2173818,69.12,3.51
"Jamaica","JAM",1982,2203889,69.253,3.458
"Jamaica","JAM",1983,2234832,69.546,3.411
"Jamaica","JAM",1984,2264562,69.809,3.324
"Jamaica","JAM",1985,2290656,70.101,3.212
"Jamaica","JAM",1986,2312125,70.446,3.106
"Jamaica","JAM",1987,2329813,70.87,3.024
"Jamaica","JAM",1988,2345777,71.161,2.982
"Jamaica","JAM",1989,2361916,71.512,2.93
"Jamaica","JAM",1990,2379877,71.705,2.955
"Jamaica","JAM",1991,2400869,71.787,2.997
"Jamaica","JAM",1992,2424701,71.816,3.026
"Jamaica","JAM",1993,2449916,71.758,2.987
"Jamaica","JAM",1994,2475220,71.624,2.93
"Jamaica","JAM",1995,2500151,71.488,2.851
"Jamaica","JAM",1996,2524463,71.328,2.77
"Jamaica","JAM",1997,2547848,71.216,2.677
"Jamaica","JAM",1998,2569736,71.17,2.574
"Jamaica","JAM",1999,2589795,71.189,2.465
"Jamaica","JAM",2000,2607826,71.281,2.345
"Jamaica","JAM",2001,2624403,71.287,2.296
"Jamaica","JAM",2002,2640572,71.478,2.271
"Jamaica","JAM",2003,2656623,71.585,2.244
"Jamaica","JAM",2004,2672225,71.542,2.198
"Jamaica","JAM",2005,2687066,71.493,2.148
"Jamaica","JAM",2006,2700968,71.395,2.089
"Jamaica","JAM",2007,2713800,71.405,2.023
"Jamaica","JAM",2008,2725635,71.502,1.953
"Jamaica","JAM",2009,2736995,71.717,1.879
"Jamaica","JAM",2010,2748568,71.979,1.799
"Jamaica","JAM",2011,2760494,72.245,1.717
"Jamaica","JAM",2012,2772430,72.405,1.648
"Jamaica","JAM",2013,2783687,72.435,1.591
"Jamaica","JAM",2014,2793749,72.357,1.544
"Jamaica","JAM",2015,2802534,72.214,1.508
"Jamaica","JAM",2016,2809915,72.052,1.464
"Jamaica","JAM",2017,2815764,71.879,1.428
"Jamaica","JAM",2018,2820097,71.606,1.4
"Jamaica","JAM",2019,2823271,71.532,1.39
"Jamaica","JAM",2020,2830739,71.452,1.383
"Jamaica","JAM",2021,2837682,69.085,1.378
"Jamaica","JAM",2022,2839144,71.481,1.372
"Jamaica","JAM",2023,2839786,71.479,1.358
"Japan","JPN",1960,93216000,67.6956097560976,2
"Japan","JPN",1961,94055000,68.3519512195122,1.96
"Japan","JPN",1962,94933000,68.6348780487805,1.98
"Japan","JPN",1963,95900000,69.7124390243902,2
"Japan","JPN",1964,96903000,70.2065853658537,2.05
"Japan","JPN",1965,97952000,70.2668292682927,2.14
"Japan","JPN",1966,98851000,70.9158536585366,1.58
"Japan","JPN",1967,99879000,71.4660975609756,2.23
"Japan","JPN",1968,101011000,71.6109756097561,2.13
"Japan","JPN",1969,102219000,71.8580487804878,2.13
"Japan","JPN",1970,103403000,71.919756097561,2.13
"Japan","JPN",1971,105697000,72.8090243902439,2.16
"Japan","JPN",1972,107188000,73.1536585365854,2.14
"Japan","JPN",1973,108707000,73.2951219512195,2.14
"Japan","JPN",1974,110162000,73.6721951219512,2.05
"Japan","JPN",1975,111573000,74.2470731707317,1.91
"Japan","JPN",1976,112775000,74.6865853658537,1.85
"Japan","JPN",1977,113872000,75.2558536585366,1.8
"Japan","JPN",1978,114913000,75.5846341463415,1.79
"Japan","JPN",1979,115890000,76.1087804878049,1.77
"Japan","JPN",1980,116807000,75.9890243902439,1.75
"Japan","JPN",1981,117661000,76.3948780487805,1.74
"Japan","JPN",1982,118480000,76.8736585365854,1.77
"Japan","JPN",1983,119307000,76.9219512195122,1.8
"Japan","JPN",1984,120083000,77.2912195121951,1.81
"Japan","JPN",1985,120837000,77.5604878048781,1.76
"Japan","JPN",1986,121482000,78.0104878048781,1.72
"Japan","JPN",1987,122069000,78.429512195122,1.69
"Japan","JPN",1988,122578000,78.349756097561,1.66
"Japan","JPN",1989,123069000,78.7685365853659,1.57
"Japan","JPN",1990,123478000,78.8370731707317,1.54
"Japan","JPN",1991,123964000,79.0368292682927,1.53
"Japan","JPN",1992,124425000,79.080243902439,1.5
"Japan","JPN",1993,124829000,79.3036585365854,1.46
"Japan","JPN",1994,125178000,79.6968292682927,1.5
"Japan","JPN",1995,125472000,79.5360975609756,1.42
"Japan","JPN",1996,125757000,80.219756097561,1.43
"Japan","JPN",1997,126057000,80.4241463414634,1.39
"Japan","JPN",1998,126400000,80.5014634146342,1.38
"Japan","JPN",1999,126631000,80.4609756097561,1.34
"Japan","JPN",2000,126843000,81.0760975609756,1.36
"Japan","JPN",2001,127149000,81.4163414634146,1.33
"Japan","JPN",2002,127445000,81.6907317073171,1.32
"Japan","JPN",2003,127718000,81.76,1.29
"Japan","JPN",2004,127761000,82.030243902439,1.29
"Japan","JPN",2005,127773000,81.9551219512195,1.26
"Japan","JPN",2006,127854000,82.3219512195122,1.32
"Japan","JPN",2007,128001000,82.5070731707317,1.34
"Japan","JPN",2008,128063000,82.5875609756098,1.37
"Japan","JPN",2009,128047000,82.9314634146342,1.37
"Japan","JPN",2010,128070000,82.8426829268293,1.39
"Japan","JPN",2011,127833000,82.5912195121951,1.39
"Japan","JPN",2012,127629000,83.0960975609756,1.41
"Japan","JPN",2013,127445000,83.3319512195122,1.43
"Japan","JPN",2014,127276000,83.5878048780488,1.42
"Japan","JPN",2015,127141000,83.7939024390244,1.45
"Japan","JPN",2016,127076000,83.9848780487805,1.44
"Japan","JPN",2017,126972000,84.099756097561,1.43
"Japan","JPN",2018,126811000,84.2109756097561,1.42
"Japan","JPN",2019,126633000,84.3563414634146,1.36
"Japan","JPN",2020,126261000,84.56,1.33
"Japan","JPN",2021,125681593,84.4456097560976,1.3
"Japan","JPN",2022,125124989,83.9963414634146,1.26
"Japan","JPN",2023,124516650,84.0412195121951,1.2
"Jordan","JOR",1960,853471,52.678,7.599
"Jordan","JOR",1961,897591,53.68,7.699
"Jordan","JOR",1962,940554,54.633,7.785
"Jordan","JOR",1963,984714,55.489,7.854
"Jordan","JOR",1964,1035640,56.456,7.913
"Jordan","JOR",1965,1099440,57.317,7.932
"Jordan","JOR",1966,1178360,57.762,7.992
"Jordan","JOR",1967,1271183,58.97,8.059
"Jordan","JOR",1968,1372460,59.767,8.135
"Jordan","JOR",1969,1473100,60.504,8.192
"Jordan","JOR",1970,1565163,59.833,8.181
"Jordan","JOR",1971,1645145,61.772,8.15
"Jordan","JOR",1972,1714555,62.477,8.117
"Jordan","JOR",1973,1778094,63.065,8.062
"Jordan","JOR",1974,1839182,63.611,7.997
"Jordan","JOR",1975,1899055,64.148,7.925
"Jordan","JOR",1976,1958177,64.654,7.832
"Jordan","JOR",1977,2019002,65.127,7.723
"Jordan","JOR",1978,2083595,65.602,7.594
"Jordan","JOR",1979,2153882,66.049,7.448
"Jordan","JOR",1980,2234186,66.493,7.287
"Jordan","JOR",1981,2325517,66.92,7.121
"Jordan","JOR",1982,2426927,67.36,6.959
"Jordan","JOR",1983,2537307,67.778,6.812
"Jordan","JOR",1984,2654688,68.206,6.671
"Jordan","JOR",1985,2778810,68.587,6.534
"Jordan","JOR",1986,2909887,68.962,6.387
"Jordan","JOR",1987,3047634,69.297,6.196
"Jordan","JOR",1988,3193039,69.605,6.011
"Jordan","JOR",1989,3349627,69.865,5.798
"Jordan","JOR",1990,3621908,70.094,5.544
"Jordan","JOR",1991,3915149,70.24,5.33
"Jordan","JOR",1992,4127693,70.4,5.137
"Jordan","JOR",1993,4348020,70.568,4.972
"Jordan","JOR",1994,4561406,70.738,4.819
"Jordan","JOR",1995,4752096,70.915,4.676
"Jordan","JOR",1996,4912516,71.105,4.508
"Jordan","JOR",1997,5046285,71.324,4.318
"Jordan","JOR",1998,5164284,71.521,4.112
"Jordan","JOR",1999,5276444,71.737,3.971
"Jordan","JOR",2000,5386945,71.926,3.864
"Jordan","JOR",2001,5498894,72.141,3.803
"Jordan","JOR",2002,5616066,72.359,3.805
"Jordan","JOR",2003,5741828,72.585,3.816
"Jordan","JOR",2004,5882061,72.788,3.729
"Jordan","JOR",2005,6029587,72.977,3.653
"Jordan","JOR",2006,6427371,73.225,3.711
"Jordan","JOR",2007,6827227,73.407,3.797
"Jordan","JOR",2008,6989866,73.563,3.876
"Jordan","JOR",2009,7141753,73.707,3.841
"Jordan","JOR",2010,7297043,73.797,3.78
"Jordan","JOR",2011,7480424,73.929,3.69
"Jordan","JOR",2012,7587127,74.087,3.568
"Jordan","JOR",2013,7991809,74.282,3.449
"Jordan","JOR",2014,8791710,74.606,3.302
"Jordan","JOR",2015,9544729,75.06,3.141
"Jordan","JOR",2016,10006367,75.55,3.072
"Jordan","JOR",2017,10234226,76.071,2.994
"Jordan","JOR",2018,10462306,76.491,2.923
"Jordan","JOR",2019,10671891,76.865,2.855
"Jordan","JOR",2020,10865228,75.583,2.791
"Jordan","JOR",2021,11066356,74.204,2.735
"Jordan","JOR",2022,11256263,77.088,2.679
"Jordan","JOR",2023,11439213,77.814,2.639
"Kazakhstan","KAZ",1960,9429981,57.946,4.495
"Kazakhstan","KAZ",1961,9742085,58.169,4.424
"Kazakhstan","KAZ",1962,10058928,58.392,4.357
"Kazakhstan","KAZ",1963,10377466,58.612,4.264
"Kazakhstan","KAZ",1964,10690309,58.83,4.071
"Kazakhstan","KAZ",1965,10993183,59.042,3.881
"Kazakhstan","KAZ",1966,11288989,59.247,3.819
"Kazakhstan","KAZ",1967,11584428,59.446,3.769
"Kazakhstan","KAZ",1968,11879182,59.643,3.629
"Kazakhstan","KAZ",1969,12156212,59.843,3.509
"Kazakhstan","KAZ",1970,12419057,60.049,3.505
"Kazakhstan","KAZ",1971,12684813,60.262,3.534
"Kazakhstan","KAZ",1972,12951798,60.48,3.553
"Kazakhstan","KAZ",1973,13208121,60.697,3.508
"Kazakhstan","KAZ",1974,13454570,60.908,3.453
"Kazakhstan","KAZ",1975,13700843,61.11,3.398
"Kazakhstan","KAZ",1976,13998738,61.301,3.332
"Kazakhstan","KAZ",1977,14353265,61.517,3.257
"Kazakhstan","KAZ",1978,14711497,61.765,3.156
"Kazakhstan","KAZ",1979,14978696,62.072,3.137
"Kazakhstan","KAZ",1980,15152949,62.516,3.092
"Kazakhstan","KAZ",1981,15323082,62.996,3.052
"Kazakhstan","KAZ",1982,15492595,63.586,3.02
"Kazakhstan","KAZ",1983,15665551,64.224,3.068
"Kazakhstan","KAZ",1984,15844621,64.839,3.146
"Kazakhstan","KAZ",1985,16031090,65.376,3.208
"Kazakhstan","KAZ",1986,16262702,65.788,3.189
"Kazakhstan","KAZ",1987,16527715,65.996,3.122
"Kazakhstan","KAZ",1988,16781168,66.032,3.001
"Kazakhstan","KAZ",1989,16997013,65.915,2.866
"Kazakhstan","KAZ",1990,17154054,65.701,2.745
"Kazakhstan","KAZ",1991,17278600,65.379,2.677
"Kazakhstan","KAZ",1992,17332625,64.978,2.584
"Kazakhstan","KAZ",1993,17274487,64.538,2.483
"Kazakhstan","KAZ",1994,17043771,64.108,2.378
"Kazakhstan","KAZ",1995,16730536,63.717,2.253
"Kazakhstan","KAZ",1996,16416027,63.455,2.084
"Kazakhstan","KAZ",1997,16043251,63.318,1.97
"Kazakhstan","KAZ",1998,15647785,63.349,1.938
"Kazakhstan","KAZ",1999,15455874,63.528,1.902
"Kazakhstan","KAZ",2000,15501103,63.793,1.898
"Kazakhstan","KAZ",2001,15575550,64.108,1.906
"Kazakhstan","KAZ",2002,15656677,64.441,1.956
"Kazakhstan","KAZ",2003,15747380,64.753,2.075
"Kazakhstan","KAZ",2004,15850159,65.04,2.201
"Kazakhstan","KAZ",2005,15968117,65.356,2.274
"Kazakhstan","KAZ",2006,16103716,65.722,2.38
"Kazakhstan","KAZ",2007,16257214,66.18,2.49
"Kazakhstan","KAZ",2008,16426525,66.759,2.616
"Kazakhstan","KAZ",2009,16619846,67.46,2.58
"Kazakhstan","KAZ",2010,16836810,68.257,2.61
"Kazakhstan","KAZ",2011,17066002,69.108,2.605
"Kazakhstan","KAZ",2012,17306106,69.939,2.64
"Kazakhstan","KAZ",2013,17556502,70.719,2.67
"Kazakhstan","KAZ",2014,17816285,71.415,2.76
"Kazakhstan","KAZ",2015,18084169,72.024,2.755
"Kazakhstan","KAZ",2016,18363600,72.549,2.795
"Kazakhstan","KAZ",2017,18651931,72.996,2.745
"Kazakhstan","KAZ",2018,18932727,73.369,2.845
"Kazakhstan","KAZ",2019,19209555,73.658,2.89
"Kazakhstan","KAZ",2020,19482117,71.195,3.13
"Kazakhstan","KAZ",2021,19743603,70.131,3.32
"Kazakhstan","KAZ",2022,20034609,73.503,3.05
"Kazakhstan","KAZ",2023,20330104,74.402,3.012
"Kenya","KEN",1960,7695307,48.477,7.651
"Kenya","KEN",1961,7987770,49.33,7.715
"Kenya","KEN",1962,8299308,50.104,7.769
"Kenya","KEN",1963,8627971,50.758,7.817
"Kenya","KEN",1964,8973535,51.323,7.869
"Kenya","KEN",1965,9338078,51.886,7.923
"Kenya","KEN",1966,9717816,52.383,7.955
"Kenya","KEN",1967,10111057,52.796,7.953
"Kenya","KEN",1968,10518823,53.302,7.948
"Kenya","KEN",1969,10939695,53.734,7.947
"Kenya","KEN",1970,11368791,54.143,7.943
"Kenya","KEN",1971,11788904,54.543,7.922
"Kenya","KEN",1972,12206060,55.013,7.894
"Kenya","KEN",1973,12634835,55.5,7.86
"Kenya","KEN",1974,13070078,56.039,7.822
"Kenya","KEN",1975,13511671,56.62,7.795
"Kenya","KEN",1976,13957623,57.153,7.767
"Kenya","KEN",1977,14428819,57.684,7.729
"Kenya","KEN",1978,14934126,58.234,7.666
"Kenya","KEN",1979,15460666,58.691,7.598
"Kenya","KEN",1980,16018459,59.175,7.531
"Kenya","KEN",1981,16601507,59.562,7.454
"Kenya","KEN",1982,17206175,59.904,7.345
"Kenya","KEN",1983,17846374,60.342,7.218
"Kenya","KEN",1984,18514906,60.611,7.083
"Kenya","KEN",1985,19201768,60.856,6.96
"Kenya","KEN",1986,19901646,60.818,6.84
"Kenya","KEN",1987,20616096,60.721,6.686
"Kenya","KEN",1988,21356219,60.32,6.515
"Kenya","KEN",1989,22118434,59.99,6.332
"Kenya","KEN",1990,22892651,58.334,6.135
"Kenya","KEN",1991,23646514,57.826,5.94
"Kenya","KEN",1992,24382460,57.095,5.74
"Kenya","KEN",1993,25117188,56.668,5.569
"Kenya","KEN",1994,25857130,56.101,5.438
"Kenya","KEN",1995,26601751,55.856,5.372
"Kenya","KEN",1996,27344211,55.575,5.307
"Kenya","KEN",1997,28101768,55.478,5.268
"Kenya","KEN",1998,28888057,55.568,5.244
"Kenya","KEN",1999,29733408,55.866,5.177
"Kenya","KEN",2000,30642890,56.084,5.136
"Kenya","KEN",2001,31619170,56.501,5.094
"Kenya","KEN",2002,32629808,56.759,5.027
"Kenya","KEN",2003,33652223,57.369,4.937
"Kenya","KEN",2004,34713455,57.947,4.861
"Kenya","KEN",2005,35796484,58.51,4.801
"Kenya","KEN",2006,36904008,59.059,4.754
"Kenya","KEN",2007,38036349,59.407,4.718
"Kenya","KEN",2008,39206351,59.955,4.66
"Kenya","KEN",2009,40408891,60.483,4.567
"Kenya","KEN",2010,41598567,60.915,4.446
"Kenya","KEN",2011,42758461,61.283,4.284
"Kenya","KEN",2012,43888303,61.537,4.116
"Kenya","KEN",2013,44986791,61.729,3.955
"Kenya","KEN",2014,46051440,61.99,3.843
"Kenya","KEN",2015,47088526,62.279,3.766
"Kenya","KEN",2016,48139687,62.526,3.689
"Kenya","KEN",2017,49197766,62.725,3.609
"Kenya","KEN",2018,50207107,62.825,3.536
"Kenya","KEN",2019,51202827,62.939,3.433
"Kenya","KEN",2020,52217334,61.596,3.364
"Kenya","KEN",2021,53219166,61.225,3.312
"Kenya","KEN",2022,54252461,63.549,3.262
"Kenya","KEN",2023,55339003,63.646,3.208
"Korea, Dem. People's Rep.","PRK",1960,11722953,55.814,3.568
"Korea, Dem. People's Rep.","PRK",1961,11990713,56.408,3.261
"Korea, Dem. People's Rep.","PRK",1962,12262882,56.998,3.412
"Korea, Dem. People's Rep.","PRK",1963,12567057,57.578,3.626
"Korea, Dem. People's Rep.","PRK",1964,12889770,58.17,3.547
"Korea, Dem. People's Rep.","PRK",1965,13219369,58.785,3.556
"Korea, Dem. People's Rep.","PRK",1966,13569094,59.423,3.709
"Korea, Dem. People's Rep.","PRK",1967,13958350,60.087,4.05
"Korea, Dem. People's Rep.","PRK",1968,14365596,60.757,3.872
"Korea, Dem. People's Rep.","PRK",1969,14767615,61.411,3.86
"Korea, Dem. People's Rep.","PRK",1970,15172775,62.049,3.848
"Korea, Dem. People's Rep.","PRK",1971,15572457,62.663,3.739
"Korea, Dem. People's Rep.","PRK",1972,15975069,63.254,3.889
"Korea, Dem. People's Rep.","PRK",1973,16350367,63.816,3.353
"Korea, Dem. People's Rep.","PRK",1974,16673121,64.335,3.142
"Korea, Dem. People's Rep.","PRK",1975,16971055,64.831,3.047
"Korea, Dem. People's Rep.","PRK",1976,17243450,65.325,2.836
"Korea, Dem. People's Rep.","PRK",1977,17492798,65.811,2.771
"Korea, Dem. People's Rep.","PRK",1978,17735995,66.292,2.793
"Korea, Dem. People's Rep.","PRK",1979,17983470,66.748,2.849
"Korea, Dem. People's Rep.","PRK",1980,18236786,67.208,2.841
"Korea, Dem. People's Rep.","PRK",1981,18501295,67.657,2.921
"Korea, Dem. People's Rep.","PRK",1982,18776357,68.09,2.854
"Korea, Dem. People's Rep.","PRK",1983,19054034,68.503,2.777
"Korea, Dem. People's Rep.","PRK",1984,19335043,68.881,2.708
"Korea, Dem. People's Rep.","PRK",1985,19620388,69.231,2.646
"Korea, Dem. People's Rep.","PRK",1986,19910855,69.541,2.594
"Korea, Dem. People's Rep.","PRK",1987,20205483,69.767,2.529
"Korea, Dem. People's Rep.","PRK",1988,20503161,70.052,2.468
"Korea, Dem. People's Rep.","PRK",1989,20804367,70.269,2.412
"Korea, Dem. People's Rep.","PRK",1990,21112137,70.484,2.388
"Korea, Dem. People's Rep.","PRK",1991,21428638,70.717,2.351
"Korea, Dem. People's Rep.","PRK",1992,21750911,71.009,2.287
"Korea, Dem. People's Rep.","PRK",1993,22073352,70.794,2.218
"Korea, Dem. People's Rep.","PRK",1994,22393975,70.472,2.183
"Korea, Dem. People's Rep.","PRK",1995,22669304,60.766,2.146
"Korea, Dem. People's Rep.","PRK",1996,22895746,60.82,2.093
"Korea, Dem. People's Rep.","PRK",1997,23110830,60.869,2.027
"Korea, Dem. People's Rep.","PRK",1998,23311564,60.887,1.991
"Korea, Dem. People's Rep.","PRK",1999,23497599,60.91,1.966
"Korea, Dem. People's Rep.","PRK",2000,23665910,60.911,1.941
"Korea, Dem. People's Rep.","PRK",2001,23815358,60.893,1.94
"Korea, Dem. People's Rep.","PRK",2002,23943973,60.877,1.919
"Korea, Dem. People's Rep.","PRK",2003,24090380,69.399,1.909
"Korea, Dem. People's Rep.","PRK",2004,24254943,69.294,1.899
"Korea, Dem. People's Rep.","PRK",2005,24396433,69.168,1.872
"Korea, Dem. People's Rep.","PRK",2006,24524507,69.061,1.936
"Korea, Dem. People's Rep.","PRK",2007,24646383,69.021,1.943
"Korea, Dem. People's Rep.","PRK",2008,24764618,69.303,1.97
"Korea, Dem. People's Rep.","PRK",2009,24878332,69.702,1.905
"Korea, Dem. People's Rep.","PRK",2010,24987258,70.246,1.89
"Korea, Dem. People's Rep.","PRK",2011,25097874,70.772,1.883
"Korea, Dem. People's Rep.","PRK",2012,25211728,71.317,1.882
"Korea, Dem. People's Rep.","PRK",2013,25329451,71.867,1.877
"Korea, Dem. People's Rep.","PRK",2014,25451262,72.451,1.874
"Korea, Dem. People's Rep.","PRK",2015,25575350,72.825,1.863
"Korea, Dem. People's Rep.","PRK",2016,25698326,72.971,1.856
"Korea, Dem. People's Rep.","PRK",2017,25817709,73.034,1.848
"Korea, Dem. People's Rep.","PRK",2018,25931147,73.02,1.834
"Korea, Dem. People's Rep.","PRK",2019,26037632,72.928,1.825
"Korea, Dem. People's Rep.","PRK",2020,26136312,72.783,1.821
"Korea, Dem. People's Rep.","PRK",2021,26232534,73.437,1.806
"Korea, Dem. People's Rep.","PRK",2022,26328845,73.641,1.797
"Korea, Dem. People's Rep.","PRK",2023,26418204,73.642,1.78
"Korea, Rep.","KOR",1960,25012374,53.7975609756098,5.994
"Korea, Rep.","KOR",1961,25765673,54.4768536585366,5.803
"Korea, Rep.","KOR",1962,26513030,55.0549512195122,5.562
"Korea, Rep.","KOR",1963,27261747,55.0254634146342,5.334
"Korea, Rep.","KOR",1964,27984155,55.392243902439,5.068
"Korea, Rep.","KOR",1965,28704674,55.8645853658537,4.887
"Korea, Rep.","KOR",1966,29435571,55.5229756097561,4.782
"Korea, Rep.","KOR",1967,30130983,60.9287317073171,4.615
"Korea, Rep.","KOR",1968,30838302,60.9432682926829,4.51
"Korea, Rep.","KOR",1969,31544266,61.4829024390244,4.447
"Korea, Rep.","KOR",1970,32240827,62.1634146341463,4.53
"Korea, Rep.","KOR",1971,32882704,62.6121951219512,4.54
"Korea, Rep.","KOR",1972,33505406,63.009756097561,4.12
"Korea, Rep.","KOR",1973,34103149,63.4073170731707,4.07
"Korea, Rep.","KOR",1974,34692266,63.8048780487805,3.77
"Korea, Rep.","KOR",1975,35280725,64.1536585365854,3.43
"Korea, Rep.","KOR",1976,35848523,64.5024390243902,3
"Korea, Rep.","KOR",1977,36411795,64.9,2.99
"Korea, Rep.","KOR",1978,36969185,65.1975609756098,2.64
"Korea, Rep.","KOR",1979,37534236,65.5463414634146,2.9
"Korea, Rep.","KOR",1980,38123775,66.0463414634146,2.82
"Korea, Rep.","KOR",1981,38723248,66.5463414634146,2.57
"Korea, Rep.","KOR",1982,39326352,67.0951219512195,2.39
"Korea, Rep.","KOR",1983,39910403,67.5463414634146,2.06
"Korea, Rep.","KOR",1984,40405956,68.1951219512195,1.74
"Korea, Rep.","KOR",1985,40805744,68.7951219512195,1.66
"Korea, Rep.","KOR",1986,41213674,69.4463414634146,1.58
"Korea, Rep.","KOR",1987,41621690,69.9975609756098,1.53
"Korea, Rep.","KOR",1988,42031247,70.5487804878049,1.55
"Korea, Rep.","KOR",1989,42449038,71.0487804878049,1.56
"Korea, Rep.","KOR",1990,42869283,71.5975609756098,1.57
"Korea, Rep.","KOR",1991,43295704,72.0463414634146,1.71
"Korea, Rep.","KOR",1992,43747962,72.4975609756098,1.76
"Korea, Rep.","KOR",1993,44194628,72.9975609756098,1.654
"Korea, Rep.","KOR",1994,44641540,73.3975609756098,1.656
"Korea, Rep.","KOR",1995,45092991,73.7,1.634
"Korea, Rep.","KOR",1996,45524681,74.1512195121951,1.574
"Korea, Rep.","KOR",1997,45953580,74.6024390243903,1.537
"Korea, Rep.","KOR",1998,46286503,75.0048780487805,1.464
"Korea, Rep.","KOR",1999,46616677,75.409756097561,1.425
"Korea, Rep.","KOR",2000,47008111,75.909756097561,1.48
"Korea, Rep.","KOR",2001,47370164,76.4121951219512,1.309
"Korea, Rep.","KOR",2002,47644736,76.7658536585366,1.178
"Korea, Rep.","KOR",2003,47892330,77.2146341463415,1.191
"Korea, Rep.","KOR",2004,48082519,77.6658536585366,1.164
"Korea, Rep.","KOR",2005,48184561,78.1682926829268,1.085
"Korea, Rep.","KOR",2006,48438292,78.6682926829268,1.132
"Korea, Rep.","KOR",2007,48683638,79.119512195122,1.259
"Korea, Rep.","KOR",2008,49054708,79.5170731707317,1.192
"Korea, Rep.","KOR",2009,49307835,79.9682926829268,1.149
"Korea, Rep.","KOR",2010,49554112,80.1170731707317,1.226
"Korea, Rep.","KOR",2011,49936638,80.5682926829269,1.244
"Korea, Rep.","KOR",2012,50199853,80.819512195122,1.297
"Korea, Rep.","KOR",2013,50428893,81.2707317073171,1.187
"Korea, Rep.","KOR",2014,50746659,81.7219512195122,1.205
"Korea, Rep.","KOR",2015,51014947,82.0243902439024,1.239
"Korea, Rep.","KOR",2016,51217803,82.2756097560976,1.172
"Korea, Rep.","KOR",2017,51361911,82.6268292682927,1.052
"Korea, Rep.","KOR",2018,51585058,82.6268292682927,0.977
"Korea, Rep.","KOR",2019,51764822,83.2268292682927,0.918
"Korea, Rep.","KOR",2020,51836239,83.4268292682927,0.837
"Korea, Rep.","KOR",2021,51769539,83.5268292682927,0.808
"Korea, Rep.","KOR",2022,51672569,82.6804878048781,0.778
"Korea, Rep.","KOR",2023,51712619,83.4292682926829,0.721
"Kosovo","XKX",1960,984846,48.702,6.359
"Kosovo","XKX",1961,1011421,49.883,6.314
"Kosovo","XKX",1962,1036950,48.378,6.244
"Kosovo","XKX",1963,1062737,50.098,6.176
"Kosovo","XKX",1964,1090270,51.119,6.112
"Kosovo","XKX",1965,1120168,52.003,6.035
"Kosovo","XKX",1966,1152586,52.472,5.947
"Kosovo","XKX",1967,1187667,53.051,5.877
"Kosovo","XKX",1968,1214208,53.606,5.812
"Kosovo","XKX",1969,1231460,53.392,5.731
"Kosovo","XKX",1970,1249555,54.002,5.624
"Kosovo","XKX",1971,1273021,55.128,5.556
"Kosovo","XKX",1972,1301579,55.122,5.488
"Kosovo","XKX",1973,1331176,55.914,5.418
"Kosovo","XKX",1974,1363123,56.376,5.373
"Kosovo","XKX",1975,1397686,57.311,5.283
"Kosovo","XKX",1976,1434880,57.54,5.185
"Kosovo","XKX",1977,1474457,58.403,5.012
"Kosovo","XKX",1978,1516249,58.828,4.831
"Kosovo","XKX",1979,1559787,59.095,4.697
"Kosovo","XKX",1980,1604818,60.297,4.658
"Kosovo","XKX",1981,1646565,60.372,4.501
"Kosovo","XKX",1982,1683166,60.074,4.493
"Kosovo","XKX",1983,1719245,61.002,4.462
"Kosovo","XKX",1984,1756818,61.459,4.406
"Kosovo","XKX",1985,1796018,61.216,4.197
"Kosovo","XKX",1986,1836972,62.537,4.115
"Kosovo","XKX",1987,1880590,63.568,4.098
"Kosovo","XKX",1988,1917882,64.214,3.967
"Kosovo","XKX",1989,1946339,65.234,3.672
"Kosovo","XKX",1990,1973790,66.508,3.666
"Kosovo","XKX",1991,2005362,66.456,3.373
"Kosovo","XKX",1992,2039723,67.381,2.765
"Kosovo","XKX",1993,2072664,67.945,2.65
"Kosovo","XKX",1994,2105256,68.595,2.524
"Kosovo","XKX",1995,2137514,68.782,2.524
"Kosovo","XKX",1996,2168753,69.359,2.536
"Kosovo","XKX",1997,2197284,69.862,2.312
"Kosovo","XKX",1998,2078964,68.58,2.35
"Kosovo","XKX",1999,1871524,58.265,2.634
"Kosovo","XKX",2000,1802493,71.321,2.698
"Kosovo","XKX",2001,1820009,71.782,2.765
"Kosovo","XKX",2002,1829462,72.227,2.791
"Kosovo","XKX",2003,1826434,72.678,2.67
"Kosovo","XKX",2004,1822773,73.132,2.65
"Kosovo","XKX",2005,1818354,73.437,2.623
"Kosovo","XKX",2006,1813079,73.63,2.494
"Kosovo","XKX",2007,1807094,74.422,2.393
"Kosovo","XKX",2008,1800858,74.711,2.359
"Kosovo","XKX",2009,1794681,74.79,2.317
"Kosovo","XKX",2010,1788743,74.609,2.223
"Kosovo","XKX",2011,1791949,75.323,2.038
"Kosovo","XKX",2012,1807126,75.75,1.969
"Kosovo","XKX",2013,1818119,76.336,1.953
"Kosovo","XKX",2014,1812788,76.179,1.87
"Kosovo","XKX",2015,1788274,76.024,1.763
"Kosovo","XKX",2016,1777568,76.748,1.641
"Kosovo","XKX",2017,1791019,77.105,1.618
"Kosovo","XKX",2018,1797086,77.117,1.581
"Kosovo","XKX",2019,1788891,77.249,1.575
"Kosovo","XKX",2020,1790151,74.212,1.567
"Kosovo","XKX",2021,1786079,74.981,1.561
"Kosovo","XKX",2022,1768096,77.623,1.555
"Kosovo","XKX",2023,1682668,78.033,1.545
"Kyrgyz Republic","KGZ",1960,2172300,55.0285853658537,5.309
"Kyrgyz Republic","KGZ",1961,2255900,55.3341219512195,5.364
"Kyrgyz Republic","KGZ",1962,2333400,55.641756097561,5.421
"Kyrgyz Republic","KGZ",1963,2413700,55.9325853658537,5.479
"Kyrgyz Republic","KGZ",1964,2495300,56.22,5.433
"Kyrgyz Republic","KGZ",1965,2573300,56.5190487804878,5.375
"Kyrgyz Republic","KGZ",1966,2655300,56.8273902439024,5.321
"Kyrgyz Republic","KGZ",1967,2736500,57.1559512195122,5.255
"Kyrgyz Republic","KGZ",1968,2818300,57.4480975609756,5.182
"Kyrgyz Republic","KGZ",1969,2894800,57.7547804878049,5.183
"Kyrgyz Republic","KGZ",1970,2959900,58.0186341463415,5.203
"Kyrgyz Republic","KGZ",1971,3022300,58.3217804878049,5.181
"Kyrgyz Republic","KGZ",1972,3088200,58.6458292682927,5.137
"Kyrgyz Republic","KGZ",1973,3153800,58.9897804878049,5.024
"Kyrgyz Republic","KGZ",1974,3223900,59.343756097561,4.891
"Kyrgyz Republic","KGZ",1975,3292400,59.6181951219512,4.764
"Kyrgyz Republic","KGZ",1976,3358700,59.8842682926829,4.676
"Kyrgyz Republic","KGZ",1977,3423900,60.1499756097561,4.593
"Kyrgyz Republic","KGZ",1978,3487100,60.4847804878049,4.526
"Kyrgyz Republic","KGZ",1979,3552000,60.8662195121951,4.377
"Kyrgyz Republic","KGZ",1980,3617400,61.3072195121951,4.225
"Kyrgyz Republic","KGZ",1981,3685800,61.6239756097561,4.188
"Kyrgyz Republic","KGZ",1982,3759300,62.0425609756098,4.198
"Kyrgyz Republic","KGZ",1983,3838300,62.1123414634146,4.165
"Kyrgyz Republic","KGZ",1984,3916400,62.620243902439,4.198
"Kyrgyz Republic","KGZ",1985,3990300,63.427,4.203
"Kyrgyz Republic","KGZ",1986,4066500,64.4399512195122,4.221
"Kyrgyz Republic","KGZ",1987,4144600,65.1416341463415,4.163
"Kyrgyz Republic","KGZ",1988,4218400,65.0037073170732,4.031
"Kyrgyz Republic","KGZ",1989,4307500,67.9073170731707,3.875
"Kyrgyz Republic","KGZ",1990,4391236,68.2975609756098,3.63
"Kyrgyz Republic","KGZ",1991,4463634,68.5512195121951,3.58
"Kyrgyz Republic","KGZ",1992,4515400,68.1024390243903,3.52
"Kyrgyz Republic","KGZ",1993,4516777,67.1926829268293,3.2
"Kyrgyz Republic","KGZ",1994,4515069,66.0390243902439,2.9
"Kyrgyz Republic","KGZ",1995,4560454,65.790243902439,3.1
"Kyrgyz Republic","KGZ",1996,4628438,66.5439024390244,2.8
"Kyrgyz Republic","KGZ",1997,4696421,66.8926829268293,2.6
"Kyrgyz Republic","KGZ",1998,4769015,67.0512195121951,2.7
"Kyrgyz Republic","KGZ",1999,4840422,68.6560975609756,2.6
"Kyrgyz Republic","KGZ",2000,4898362,68.5585365853659,2.4
"Kyrgyz Republic","KGZ",2001,4945073,68.7073170731707,2.4
"Kyrgyz Republic","KGZ",2002,4990704,68.1560975609756,2.4
"Kyrgyz Republic","KGZ",2003,5043308,68.2560975609756,2.5
"Kyrgyz Republic","KGZ",2004,5104713,68.1536585365854,2.6
"Kyrgyz Republic","KGZ",2005,5162640,67.9560975609756,2.5
"Kyrgyz Republic","KGZ",2006,5218373,67.6951219512195,2.7
"Kyrgyz Republic","KGZ",2007,5268385,67.8951219512195,2.7
"Kyrgyz Republic","KGZ",2008,5318729,68.4512195121951,2.8
"Kyrgyz Republic","KGZ",2009,5389643,69.1024390243903,2.9
"Kyrgyz Republic","KGZ",2010,5467059,69.3,3.1
"Kyrgyz Republic","KGZ",2011,5546587,69.6024390243903,3.1
"Kyrgyz Republic","KGZ",2012,5652076,70.0024390243902,3.2
"Kyrgyz Republic","KGZ",2013,5777150,70.2024390243902,3.1
"Kyrgyz Republic","KGZ",2014,5905848,70.4024390243902,3.2
"Kyrgyz Republic","KGZ",2015,6040036,70.6512195121951,3.2
"Kyrgyz Republic","KGZ",2016,6175338,70.9512195121951,3.1
"Kyrgyz Republic","KGZ",2017,6306696,71.2,3
"Kyrgyz Republic","KGZ",2018,6444079,71.4,3.3
"Kyrgyz Republic","KGZ",2019,6590211,71.6,3.3
"Kyrgyz Republic","KGZ",2020,6726596,71.8,3.1
"Kyrgyz Republic","KGZ",2021,6851224,71.9,2.89
"Kyrgyz Republic","KGZ",2022,6975220,72.0487804878049,2.8
"Kyrgyz Republic","KGZ",2023,7099750,72.2487804878049,2.7
"Lao PDR","LAO",1960,2121514,41.036,6.292
"Lao PDR","LAO",1961,2169796,41.344,6.31
"Lao PDR","LAO",1962,2219910,42.272,6.313
"Lao PDR","LAO",1963,2271061,41.544,6.318
"Lao PDR","LAO",1964,2322826,41.859,6.313
"Lao PDR","LAO",1965,2376200,42.222,6.316
"Lao PDR","LAO",1966,2431084,42.347,6.307
"Lao PDR","LAO",1967,2487715,42.869,6.306
"Lao PDR","LAO",1968,2546377,43.183,6.298
"Lao PDR","LAO",1969,2606959,43.46,6.301
"Lao PDR","LAO",1970,2669702,43.776,6.31
"Lao PDR","LAO",1971,2734628,44.122,6.295
"Lao PDR","LAO",1972,2801660,44.416,6.284
"Lao PDR","LAO",1973,2870573,44.728,6.281
"Lao PDR","LAO",1974,2939761,45.886,6.289
"Lao PDR","LAO",1975,3005521,46.15,6.287
"Lao PDR","LAO",1976,3064876,46.012,6.289
"Lao PDR","LAO",1977,3118923,46.408,6.293
"Lao PDR","LAO",1978,3171740,46.832,6.298
"Lao PDR","LAO",1979,3228202,47.46,6.314
"Lao PDR","LAO",1980,3292573,48.56,6.332
"Lao PDR","LAO",1981,3366631,49.237,6.35
"Lao PDR","LAO",1982,3450026,49.931,6.369
"Lao PDR","LAO",1983,3541001,50.485,6.376
"Lao PDR","LAO",1984,3637843,51.014,6.37
"Lao PDR","LAO",1985,3739985,51.579,6.328
"Lao PDR","LAO",1986,3846715,52.144,6.255
"Lao PDR","LAO",1987,3957612,52.597,6.205
"Lao PDR","LAO",1988,4072601,53.077,6.158
"Lao PDR","LAO",1989,4190974,53.589,6.102
"Lao PDR","LAO",1990,4311955,54.035,6.057
"Lao PDR","LAO",1991,4435118,54.7,5.986
"Lao PDR","LAO",1992,4559646,55.098,5.9
"Lao PDR","LAO",1993,4685060,55.583,5.798
"Lao PDR","LAO",1994,4809220,55.81,5.598
"Lao PDR","LAO",1995,4929409,56.344,5.355
"Lao PDR","LAO",1996,5045678,56.821,5.148
"Lao PDR","LAO",1997,5152011,57.302,4.961
"Lao PDR","LAO",1998,5248266,57.549,4.792
"Lao PDR","LAO",1999,5340784,57.866,4.639
"Lao PDR","LAO",2000,5431212,58.317,4.429
"Lao PDR","LAO",2001,5521482,58.887,4.29
"Lao PDR","LAO",2002,5610889,59.302,4.132
"Lao PDR","LAO",2003,5697945,59.643,4.024
"Lao PDR","LAO",2004,5781626,60.08,3.898
"Lao PDR","LAO",2005,5869523,60.688,3.685
"Lao PDR","LAO",2006,5963200,61.074,3.559
"Lao PDR","LAO",2007,6056236,61.694,3.438
"Lao PDR","LAO",2008,6148969,62.248,3.331
"Lao PDR","LAO",2009,6241642,63.023,3.229
"Lao PDR","LAO",2010,6334194,63.69,3.137
"Lao PDR","LAO",2011,6426590,64.505,3.049
"Lao PDR","LAO",2012,6518978,65.126,2.953
"Lao PDR","LAO",2013,6611385,65.723,2.872
"Lao PDR","LAO",2014,6703172,66.35,2.802
"Lao PDR","LAO",2015,6801645,66.688,2.796
"Lao PDR","LAO",2016,6908802,67.014,2.744
"Lao PDR","LAO",2017,7018147,67.345,2.691
"Lao PDR","LAO",2018,7128045,67.594,2.633
"Lao PDR","LAO",2019,7237636,67.911,2.589
"Lao PDR","LAO",2020,7346533,68.339,2.535
"Lao PDR","LAO",2021,7453194,67.807,2.494
"Lao PDR","LAO",2022,7559007,68.715,2.455
"Lao PDR","LAO",2023,7664993,68.964,2.421
"Latvia","LVA",1960,2120979,69.7868292682927,1.94
"Latvia","LVA",1961,2152681,70.0324390243903,1.94
"Latvia","LVA",1962,2181586,69.430487804878,1.91
"Latvia","LVA",1963,2210919,69.8290243902439,1.85
"Latvia","LVA",1964,2240623,71.0280487804878,1.79
"Latvia","LVA",1965,2265919,70.7265853658537,1.74
"Latvia","LVA",1966,2283217,70.7073170731707,1.76
"Latvia","LVA",1967,2301220,70.3939024390244,1.8
"Latvia","LVA",1968,2323619,70.0429268292683,1.83
"Latvia","LVA",1969,2343173,69.7968292682927,1.88
"Latvia","LVA",1970,2359164,69.8353658536586,1.96
"Latvia","LVA",1971,2376389,70.1646341463415,2
"Latvia","LVA",1972,2395674,69.8787804878049,2
"Latvia","LVA",1973,2415819,69.8134146341464,1.98
"Latvia","LVA",1974,2437186,69.7409756097561,1.97
"Latvia","LVA",1975,2456130,68.9253658536585,1.96
"Latvia","LVA",1976,2470989,69.0478048780488,1.93
"Latvia","LVA",1977,2485073,69.1046341463415,1.89
"Latvia","LVA",1978,2497921,68.9878048780488,1.87
"Latvia","LVA",1979,2505953,68.4956097560976,1.87
"Latvia","LVA",1980,2511701,68.8085365853659,1.86
"Latvia","LVA",1981,2519421,68.7863414634146,1.88
"Latvia","LVA",1982,2531080,69.3282926829268,1.97
"Latvia","LVA",1983,2546011,69.1190243902439,2.07
"Latvia","LVA",1984,2562047,69.1629268292683,2.09
"Latvia","LVA",1985,2578873,69.2914634146342,2.08
"Latvia","LVA",1986,2599892,70.6224390243903,2.12
"Latvia","LVA",1987,2626583,70.6929268292683,2.15
"Latvia","LVA",1988,2653434,70.6153658536585,2.11
"Latvia","LVA",1989,2666955,70.1553658536586,2.05
"Latvia","LVA",1990,2663151,69.2731707317073,2.02
"Latvia","LVA",1991,2650581,69.0324390243903,1.86
"Latvia","LVA",1992,2614338,68.3960975609756,1.73
"Latvia","LVA",1993,2563290,66.7226829268293,1.51
"Latvia","LVA",1994,2520742,65.6643902439025,1.39
"Latvia","LVA",1995,2485056,66.3912195121951,1.25
"Latvia","LVA",1996,2457222,68.7765853658537,1.16
"Latvia","LVA",1997,2432851,69.3492682926829,1.11
"Latvia","LVA",1998,2410019,69.0121951219512,1.09
"Latvia","LVA",1999,2390482,69.7429268292683,1.16
"Latvia","LVA",2000,2367550,70.3146341463415,1.25
"Latvia","LVA",2001,2337170,70.7609756097561,1.22
"Latvia","LVA",2002,2310173,70.9609756097561,1.26
"Latvia","LVA",2003,2287955,71.2658536585366,1.32
"Latvia","LVA",2004,2263122,72.0268292682927,1.29
"Latvia","LVA",2005,2238799,71.3560975609756,1.39
"Latvia","LVA",2006,2218357,70.8658536585366,1.46
"Latvia","LVA",2007,2200325,71.019512195122,1.54
"Latvia","LVA",2008,2177322,72.419512195122,1.58
"Latvia","LVA",2009,2141669,73.0804878048781,1.46
"Latvia","LVA",2010,2097555,73.4829268292683,1.36
"Latvia","LVA",2011,2059709,73.5756097560976,1.33
"Latvia","LVA",2012,2034319,73.7780487804878,1.44
"Latvia","LVA",2013,2012647,73.9829268292683,1.52
"Latvia","LVA",2014,1993782,74.1243902439024,1.65
"Latvia","LVA",2015,1977527,74.4804878048781,1.7
"Latvia","LVA",2016,1959537,74.580487804878,1.74
"Latvia","LVA",2017,1942248,74.6292682926829,1.69
"Latvia","LVA",2018,1927174,74.7829268292683,1.6
"Latvia","LVA",2019,1913822,75.3878048780488,1.61
"Latvia","LVA",2020,1900449,75.1853658536585,1.55
"Latvia","LVA",2021,1884490,72.9804878048781,1.57
"Latvia","LVA",2022,1879383,74.2780487804878,1.47
"Latvia","LVA",2023,1883710,75.6780487804878,1.36
"Lebanon","LBN",1960,1794406,63.927,5.877
"Lebanon","LBN",1961,1850084,64.267,5.891
"Lebanon","LBN",1962,1909578,64.595,5.902
"Lebanon","LBN",1963,1970316,64.879,5.905
"Lebanon","LBN",1964,2030543,65.103,5.851
"Lebanon","LBN",1965,2088831,65.317,5.768
"Lebanon","LBN",1966,2148260,65.504,5.677
"Lebanon","LBN",1967,2206731,65.677,5.569
"Lebanon","LBN",1968,2266368,65.802,5.448
"Lebanon","LBN",1969,2328159,65.918,5.316
"Lebanon","LBN",1970,2386114,66.018,5.188
"Lebanon","LBN",1971,2446314,66.12,5.05
"Lebanon","LBN",1972,2509729,66.201,4.912
"Lebanon","LBN",1973,2572935,66.298,4.79
"Lebanon","LBN",1974,2635185,66.41,4.654
"Lebanon","LBN",1975,2693191,57.744,4.521
"Lebanon","LBN",1976,2726469,36.436,4.394
"Lebanon","LBN",1977,2762155,60.331,4.279
"Lebanon","LBN",1978,2822682,59.996,4.176
"Lebanon","LBN",1979,2882635,59.557,4.077
"Lebanon","LBN",1980,2944763,59.909,4.011
"Lebanon","LBN",1981,3008981,60.279,3.953
"Lebanon","LBN",1982,3054931,47.19,3.855
"Lebanon","LBN",1983,3094996,60.752,3.734
"Lebanon","LBN",1984,3152744,61.167,3.658
"Lebanon","LBN",1985,3217376,61.574,3.533
"Lebanon","LBN",1986,3300365,62.011,3.466
"Lebanon","LBN",1987,3385555,62.539,3.42
"Lebanon","LBN",1988,3454649,62.92,3.392
"Lebanon","LBN",1989,3525285,65.114,3.363
"Lebanon","LBN",1990,3595175,65.479,3.268
"Lebanon","LBN",1991,3668912,70.865,3.162
"Lebanon","LBN",1992,3747371,71.169,3.052
"Lebanon","LBN",1993,3820647,71.559,2.937
"Lebanon","LBN",1994,3889799,72.03,2.823
"Lebanon","LBN",1995,3960735,72.383,2.725
"Lebanon","LBN",1996,4034781,72.614,2.698
"Lebanon","LBN",1997,4108405,72.94,2.667
"Lebanon","LBN",1998,4181281,73.201,2.648
"Lebanon","LBN",1999,4255277,73.513,2.631
"Lebanon","LBN",2000,4329340,73.895,2.6
"Lebanon","LBN",2001,4401918,74.354,2.576
"Lebanon","LBN",2002,4463504,74.836,2.523
"Lebanon","LBN",2003,4525508,75.275,2.457
"Lebanon","LBN",2004,4599279,75.693,2.378
"Lebanon","LBN",2005,4671102,76.074,2.291
"Lebanon","LBN",2006,4751136,75.677,2.244
"Lebanon","LBN",2007,4844118,76.732,2.201
"Lebanon","LBN",2008,4925354,76.956,2.172
"Lebanon","LBN",2009,4992287,77.262,2.191
"Lebanon","LBN",2010,5041288,77.529,2.256
"Lebanon","LBN",2011,5096020,77.768,2.32
"Lebanon","LBN",2012,5235742,77.941,2.345
"Lebanon","LBN",2013,5743436,78.037,2.361
"Lebanon","LBN",2014,6346990,78.148,2.375
"Lebanon","LBN",2015,6472469,78.275,2.382
"Lebanon","LBN",2016,6323060,78.306,2.39
"Lebanon","LBN",2017,6160128,78.192,2.372
"Lebanon","LBN",2018,5984119,78.263,2.347
"Lebanon","LBN",2019,5794594,78.208,2.327
"Lebanon","LBN",2020,5702398,76.299,2.308
"Lebanon","LBN",2021,5718122,73.65,2.283
"Lebanon","LBN",2022,5744489,78.003,2.263
"Lebanon","LBN",2023,5773493,77.817,2.239
"Liberia","LBR",1960,1139522,38.073,6.391
"Liberia","LBR",1961,1167717,38.104,6.446
"Liberia","LBR",1962,1197039,38.167,6.504
"Liberia","LBR",1963,1227414,38.309,6.556
"Liberia","LBR",1964,1258745,38.451,6.585
"Liberia","LBR",1965,1291156,38.693,6.617
"Liberia","LBR",1966,1324383,38.955,6.628
"Liberia","LBR",1967,1358435,39.262,6.65
"Liberia","LBR",1968,1393530,39.588,6.657
"Liberia","LBR",1969,1429605,39.991,6.644
"Liberia","LBR",1970,1466676,40.359,6.578
"Liberia","LBR",1971,1504077,40.72,6.542
"Liberia","LBR",1972,1542670,41.199,6.599
"Liberia","LBR",1973,1583588,41.619,6.651
"Liberia","LBR",1974,1626362,42.063,6.691
"Liberia","LBR",1975,1670913,42.463,6.744
"Liberia","LBR",1976,1717060,42.851,6.793
"Liberia","LBR",1977,1766019,43.22,6.841
"Liberia","LBR",1978,1818247,43.567,6.884
"Liberia","LBR",1979,1872713,43.89,6.919
"Liberia","LBR",1980,1929253,44.088,6.872
"Liberia","LBR",1981,1986867,44.344,6.834
"Liberia","LBR",1982,2045073,44.447,6.788
"Liberia","LBR",1983,2107113,44.576,6.76
"Liberia","LBR",1984,2173312,44.683,6.728
"Liberia","LBR",1985,2240539,44.026,6.693
"Liberia","LBR",1986,2308511,44.494,6.638
"Liberia","LBR",1987,2377229,44.267,6.572
"Liberia","LBR",1988,2446941,44.065,6.507
"Liberia","LBR",1989,2517858,43.863,6.434
"Liberia","LBR",1990,2223667,37.644,6.37
"Liberia","LBR",1991,1956518,43.575,6.323
"Liberia","LBR",1992,2072461,43.566,6.277
"Liberia","LBR",1993,2155126,43.022,6.246
"Liberia","LBR",1994,2149928,42.621,6.21
"Liberia","LBR",1995,2169162,44.573,6.173
"Liberia","LBR",1996,2232289,44.945,6.129
"Liberia","LBR",1997,2412989,48.302,6.079
"Liberia","LBR",1998,2670124,49.367,6.017
"Liberia","LBR",1999,2821684,50.412,5.953
"Liberia","LBR",2000,2928117,51.852,5.875
"Liberia","LBR",2001,3015338,53.109,5.774
"Liberia","LBR",2002,3094782,54.061,5.653
"Liberia","LBR",2003,3119532,53.045,5.547
"Liberia","LBR",2004,3156892,55.949,5.506
"Liberia","LBR",2005,3301015,56.765,5.519
"Liberia","LBR",2006,3490787,57.495,5.53
"Liberia","LBR",2007,3669050,58.147,5.462
"Liberia","LBR",2008,3821003,58.675,5.328
"Liberia","LBR",2009,3943028,59.106,5.174
"Liberia","LBR",2010,4058890,59.358,5.058
"Liberia","LBR",2011,4221178,59.486,4.97
"Liberia","LBR",2012,4373043,59.785,4.881
"Liberia","LBR",2013,4470239,59.992,4.749
"Liberia","LBR",2014,4564293,59.21,4.622
"Liberia","LBR",2015,4659431,59.248,4.523
"Liberia","LBR",2016,4755608,60.483,4.461
"Liberia","LBR",2017,4848925,60.777,4.396
"Liberia","LBR",2018,4944726,60.999,4.336
"Liberia","LBR",2019,5043721,61.232,4.257
"Liberia","LBR",2020,5149463,61.267,4.174
"Liberia","LBR",2021,5259323,61.166,4.089
"Liberia","LBR",2022,5373294,61.934,4.016
"Liberia","LBR",2023,5493031,62.163,3.95
"Libya","LBY",1960,1492890,40.752,7.509
"Libya","LBY",1961,1555699,42.362,7.556
"Libya","LBY",1962,1621960,44.075,7.61
"Libya","LBY",1963,1690457,45.584,7.685
"Libya","LBY",1964,1753691,47.652,7.752
"Libya","LBY",1965,1804015,49.278,7.823
"Libya","LBY",1966,1849063,50.946,7.891
"Libya","LBY",1967,1898199,52.462,7.932
"Libya","LBY",1968,1952781,53.849,7.974
"Libya","LBY",1969,2014293,55.173,8.011
"Libya","LBY",1970,2082589,56.379,8.048
"Libya","LBY",1971,2153534,57.583,8.096
"Libya","LBY",1972,2226091,58.685,8.073
"Libya","LBY",1973,2314193,59.71,8.047
"Libya","LBY",1974,2432211,60.709,8.02
"Libya","LBY",1975,2571556,61.621,7.977
"Libya","LBY",1976,2721237,62.448,7.932
"Libya","LBY",1977,2881533,63.129,7.872
"Libya","LBY",1978,3052526,63.796,7.789
"Libya","LBY",1979,3233846,64.328,7.68
"Libya","LBY",1980,3424378,64.797,7.543
"Libya","LBY",1981,3621486,65.255,7.371
"Libya","LBY",1982,3724765,65.768,7.162
"Libya","LBY",1983,3718961,66.26,6.91
"Libya","LBY",1984,3773633,66.748,6.622
"Libya","LBY",1985,3898745,67.285,6.328
"Libya","LBY",1986,4017403,67.806,6.022
"Libya","LBY",1987,4129739,68.258,5.718
"Libya","LBY",1988,4237755,68.608,5.41
"Libya","LBY",1989,4342920,68.979,5.091
"Libya","LBY",1990,4445239,69.312,4.776
"Libya","LBY",1991,4544400,69.635,4.461
"Libya","LBY",1992,4640352,69.974,4.162
"Libya","LBY",1993,4733045,70.247,3.883
"Libya","LBY",1994,4822037,70.472,3.649
"Libya","LBY",1995,4906843,70.641,3.442
"Libya","LBY",1996,4987393,70.736,3.256
"Libya","LBY",1997,5064639,70.72,3.132
"Libya","LBY",1998,5140704,70.657,3.043
"Libya","LBY",1999,5218038,70.601,2.972
"Libya","LBY",2000,5305021,70.542,2.906
"Libya","LBY",2001,5403639,70.653,2.866
"Libya","LBY",2002,5508410,70.788,2.831
"Libya","LBY",2003,5619398,70.996,2.797
"Libya","LBY",2004,5736693,71.21,2.773
"Libya","LBY",2005,5858798,71.439,2.765
"Libya","LBY",2006,5980211,71.632,2.699
"Libya","LBY",2007,6104380,71.788,2.648
"Libya","LBY",2008,6235430,71.936,2.599
"Libya","LBY",2009,6366686,72.071,2.556
"Libya","LBY",2010,6497839,72.196,2.603
"Libya","LBY",2011,6343203,69.95,2.646
"Libya","LBY",2012,6179328,72.188,2.68
"Libya","LBY",2013,6304628,72.339,2.716
"Libya","LBY",2014,6427252,71.3,2.754
"Libya","LBY",2015,6531819,71.644,2.711
"Libya","LBY",2016,6632126,71.799,2.673
"Libya","LBY",2017,6738770,72.721,2.626
"Libya","LBY",2018,6849055,73.151,2.581
"Libya","LBY",2019,6951033,72.941,2.539
"Libya","LBY",2020,7045399,72.388,2.507
"Libya","LBY",2021,7135175,72.062,2.462
"Libya","LBY",2022,7223805,74.462,2.402
"Libya","LBY",2023,7305659,69.339,2.355
"Lithuania","LTU",1960,2778550,69.8473170731707,2.56
"Lithuania","LTU",1961,2823550,70.1026829268293,2.53
"Lithuania","LTU",1962,2863350,69.0953658536585,2.45
"Lithuania","LTU",1963,2898950,70.2043902439024,2.35
"Lithuania","LTU",1964,2935200,71.5090243902439,2.28
"Lithuania","LTU",1965,2971450,71.3251219512195,2.23
"Lithuania","LTU",1966,3008050,71.520243902439,2.22
"Lithuania","LTU",1967,3044400,71.6039024390244,2.23
"Lithuania","LTU",1968,3078850,71.3136585365854,2.24
"Lithuania","LTU",1969,3107321,70.9285365853659,2.3
"Lithuania","LTU",1970,3139689,70.8043902439024,2.4
"Lithuania","LTU",1971,3179041,71.7353658536585,2.41
"Lithuania","LTU",1972,3213622,71.0246341463415,2.34
"Lithuania","LTU",1973,3244438,71.3321951219512,2.22
"Lithuania","LTU",1974,3273894,71.2441463414634,2.21
"Lithuania","LTU",1975,3301652,70.8673170731707,2.18
"Lithuania","LTU",1976,3328664,70.9580487804878,2.18
"Lithuania","LTU",1977,3355036,70.809512195122,2.14
"Lithuania","LTU",1978,3379514,70.6046341463415,2.08
"Lithuania","LTU",1979,3397842,70.4821951219512,2.05
"Lithuania","LTU",1980,3413202,70.4821951219512,1.99
"Lithuania","LTU",1981,3432947,70.4607317073171,1.98
"Lithuania","LTU",1982,3457179,70.8368292682927,1.97
"Lithuania","LTU",1983,3485192,70.7778048780488,2.1
"Lithuania","LTU",1984,3514205,70.32,2.07
"Lithuania","LTU",1985,3544543,70.5012195121951,2.08
"Lithuania","LTU",1986,3578914,72.0807317073171,2.12
"Lithuania","LTU",1987,3616367,71.9346341463415,2.11
"Lithuania","LTU",1988,3655049,71.7621951219512,2.02
"Lithuania","LTU",1989,3684255,71.4253658536585,1.98
"Lithuania","LTU",1990,3697838,71.1607317073171,2.03
"Lithuania","LTU",1991,3704134,70.3641463414634,2.01
"Lithuania","LTU",1992,3700114,70.2343902439025,1.97
"Lithuania","LTU",1993,3682613,68.9104878048781,1.74
"Lithuania","LTU",1994,3657144,68.530243902439,1.57
"Lithuania","LTU",1995,3629102,69.0063414634147,1.55
"Lithuania","LTU",1996,3601613,70.1080487804878,1.49
"Lithuania","LTU",1997,3575137,70.9090243902439,1.47
"Lithuania","LTU",1998,3549331,71.219512195122,1.46
"Lithuania","LTU",1999,3524238,71.5707317073171,1.46
"Lithuania","LTU",2000,3499536,72.0195121951219,1.39
"Lithuania","LTU",2001,3470818,71.6585365853659,1.29
"Lithuania","LTU",2002,3443067,71.7609756097561,1.23
"Lithuania","LTU",2003,3415213,72.0609756097561,1.26
"Lithuania","LTU",2004,3377075,71.9609756097561,1.27
"Lithuania","LTU",2005,3322528,71.2536585365854,1.29
"Lithuania","LTU",2006,3269909,71.0560975609756,1.33
"Lithuania","LTU",2007,3231294,70.9,1.36
"Lithuania","LTU",2008,3198231,71.8121951219512,1.45
"Lithuania","LTU",2009,3162916,72.9146341463415,1.5
"Lithuania","LTU",2010,3097282,73.2682926829268,1.5
"Lithuania","LTU",2011,3028115,73.5634146341464,1.55
"Lithuania","LTU",2012,2989139,73.8634146341464,1.6
"Lithuania","LTU",2013,2961250,73.9146341463415,1.59
"Lithuania","LTU",2014,2937253,74.5170731707317,1.57
"Lithuania","LTU",2015,2911109,74.3219512195122,1.63
"Lithuania","LTU",2016,2877325,74.6707317073171,1.63
"Lithuania","LTU",2017,2842639,75.4804878048781,1.57
"Lithuania","LTU",2018,2819200,75.6804878048781,1.53
"Lithuania","LTU",2019,2811089,76.2829268292683,1.43
"Lithuania","LTU",2020,2810369,75.0292682926829,1.36
"Lithuania","LTU",2021,2808380,74.0365853658537,1.36
"Lithuania","LTU",2022,2831639,75.6439024390244,1.27
"Lithuania","LTU",2023,2871585,76.9878048780488,1.18
"Madagascar","MDG",1960,5111029,43.349,7.343
"Madagascar","MDG",1961,5246158,43.79,7.299
"Madagascar","MDG",1962,5384150,44.185,7.256
"Madagascar","MDG",1963,5525185,44.626,7.212
"Madagascar","MDG",1964,5669863,45.037,7.188
"Madagascar","MDG",1965,5819116,45.447,7.171
"Madagascar","MDG",1966,5974279,45.98,7.156
"Madagascar","MDG",1967,6136486,46.457,7.144
"Madagascar","MDG",1968,6306493,46.932,7.131
"Madagascar","MDG",1969,6484716,47.322,7.118
"Madagascar","MDG",1970,6672003,47.898,7.096
"Madagascar","MDG",1971,6868868,48.204,7.068
"Madagascar","MDG",1972,7074398,48.507,7.042
"Madagascar","MDG",1973,7288048,48.921,7.011
"Madagascar","MDG",1974,7509726,49.303,6.993
"Madagascar","MDG",1975,7739336,49.596,6.971
"Madagascar","MDG",1976,7976831,49.8,6.954
"Madagascar","MDG",1977,8222240,49.945,6.927
"Madagascar","MDG",1978,8475864,50.017,6.904
"Madagascar","MDG",1979,8737581,50.059,6.872
"Madagascar","MDG",1980,9006032,49.984,6.838
"Madagascar","MDG",1981,9279011,49.806,6.774
"Madagascar","MDG",1982,9557671,50.009,6.699
"Madagascar","MDG",1983,9843044,50.107,6.626
"Madagascar","MDG",1984,10134550,50.209,6.547
"Madagascar","MDG",1985,10433142,50.406,6.456
"Madagascar","MDG",1986,10736857,50.651,6.343
"Madagascar","MDG",1987,11047291,51.098,6.242
"Madagascar","MDG",1988,11369462,51.425,6.178
"Madagascar","MDG",1989,11704998,51.816,6.149
"Madagascar","MDG",1990,12055639,52.14,6.14
"Madagascar","MDG",1991,12421412,52.555,6.118
"Madagascar","MDG",1992,12800870,52.946,6.082
"Madagascar","MDG",1993,13197345,53.733,6.062
"Madagascar","MDG",1994,13613850,54.247,6.042
"Madagascar","MDG",1995,14051275,54.845,6.036
"Madagascar","MDG",1996,14510711,55.477,6.031
"Madagascar","MDG",1997,14990814,56.127,6.023
"Madagascar","MDG",1998,15489364,56.803,5.992
"Madagascar","MDG",1999,16000506,57.434,5.839
"Madagascar","MDG",2000,16516338,57.974,5.665
"Madagascar","MDG",2001,17032939,58.674,5.528
"Madagascar","MDG",2002,17549913,59.17,5.412
"Madagascar","MDG",2003,18071854,59.693,5.329
"Madagascar","MDG",2004,18606608,60.168,5.264
"Madagascar","MDG",2005,19159707,60.664,5.195
"Madagascar","MDG",2006,19730909,61.14,5.133
"Madagascar","MDG",2007,20318583,61.533,5.083
"Madagascar","MDG",2008,20923840,61.992,5.043
"Madagascar","MDG",2009,21547280,62.304,5.003
"Madagascar","MDG",2010,22183340,62.597,4.896
"Madagascar","MDG",2011,22822300,62.86,4.737
"Madagascar","MDG",2012,23462438,63.007,4.613
"Madagascar","MDG",2013,24109290,63.161,4.527
"Madagascar","MDG",2014,24764348,63.261,4.421
"Madagascar","MDG",2015,25426702,63.362,4.335
"Madagascar","MDG",2016,26099952,63.431,4.285
"Madagascar","MDG",2017,26788375,63.433,4.259
"Madagascar","MDG",2018,27494926,63.491,4.246
"Madagascar","MDG",2019,28219554,63.504,4.221
"Madagascar","MDG",2020,28953556,62.706,4.17
"Madagascar","MDG",2021,29691083,62.516,4.104
"Madagascar","MDG",2022,30437261,63.068,4.036
"Madagascar","MDG",2023,31195932,63.632,3.972
"Malawi","MWI",1960,3628134,34.986,7.042
"Malawi","MWI",1961,3715534,35.23,7.067
"Malawi","MWI",1962,3806307,35.449,7.095
"Malawi","MWI",1963,3900506,35.643,7.127
"Malawi","MWI",1964,3997305,35.681,7.114
"Malawi","MWI",1965,4096157,35.74,7.126
"Malawi","MWI",1966,4197926,35.831,7.174
"Malawi","MWI",1967,4303012,35.941,7.213
"Malawi","MWI",1968,4411054,36.085,7.262
"Malawi","MWI",1969,4521184,36.301,7.274
"Malawi","MWI",1970,4633944,36.638,7.295
"Malawi","MWI",1971,4751434,37.095,7.311
"Malawi","MWI",1972,4874475,37.608,7.326
"Malawi","MWI",1973,5003938,38.355,7.338
"Malawi","MWI",1974,5141337,39.197,7.344
"Malawi","MWI",1975,5287367,40.079,7.359
"Malawi","MWI",1976,5443384,41.022,7.387
"Malawi","MWI",1977,5614983,41.979,7.408
"Malawi","MWI",1978,5810132,43.002,7.434
"Malawi","MWI",1979,6028749,43.703,7.465
"Malawi","MWI",1980,6265529,44.331,7.518
"Malawi","MWI",1981,6516454,44.72,7.493
"Malawi","MWI",1982,6778879,44.84,7.451
"Malawi","MWI",1983,7051709,44.974,7.361
"Malawi","MWI",1984,7332810,44.807,7.265
"Malawi","MWI",1985,7620508,44.568,7.17
"Malawi","MWI",1986,7906480,44.298,7.069
"Malawi","MWI",1987,8293174,43.902,6.97
"Malawi","MWI",1988,8753262,43.569,6.876
"Malawi","MWI",1989,9176220,43.515,6.803
"Malawi","MWI",1990,9545852,43.575,6.74
"Malawi","MWI",1991,9844227,43.54,6.681
"Malawi","MWI",1992,10135079,43.636,6.63
"Malawi","MWI",1993,10284024,43.648,6.573
"Malawi","MWI",1994,10164894,43.8,6.488
"Malawi","MWI",1995,10150117,43.804,6.392
"Malawi","MWI",1996,10352228,44.005,6.285
"Malawi","MWI",1997,10562035,44.2,6.231
"Malawi","MWI",1998,10792876,44.3,6.205
"Malawi","MWI",1999,11047804,45.06,6.124
"Malawi","MWI",2000,11315942,46.17,6.002
"Malawi","MWI",2001,11593058,47.205,5.943
"Malawi","MWI",2002,11880440,48.176,5.903
"Malawi","MWI",2003,12181574,49.601,5.875
"Malawi","MWI",2004,12500737,51.073,5.864
"Malawi","MWI",2005,12840031,52.469,5.848
"Malawi","MWI",2006,13198701,53.652,5.802
"Malawi","MWI",2007,13576343,54.687,5.724
"Malawi","MWI",2008,13976417,55.715,5.609
"Malawi","MWI",2009,14395788,56.714,5.453
"Malawi","MWI",2010,14826463,57.787,5.263
"Malawi","MWI",2011,15265022,58.859,5.083
"Malawi","MWI",2012,15709577,59.87,4.902
"Malawi","MWI",2013,16161816,60.816,4.759
"Malawi","MWI",2014,16621538,61.651,4.569
"Malawi","MWI",2015,17085587,62.324,4.384
"Malawi","MWI",2016,17557739,63.163,4.216
"Malawi","MWI",2017,18039715,63.914,4.113
"Malawi","MWI",2018,18528081,64.464,4.021
"Malawi","MWI",2019,19025752,64.995,3.952
"Malawi","MWI",2020,19533888,65.216,3.877
"Malawi","MWI",2021,20047258,64.782,3.791
"Malawi","MWI",2022,20568728,66.037,3.72
"Malawi","MWI",2023,21104482,67.353,3.648
"Malaysia","MYS",1960,7956197,57.168,6.412
"Malaysia","MYS",1961,8164443,58.015,6.367
"Malaysia","MYS",1962,8380172,58.855,6.296
"Malaysia","MYS",1963,8602160,59.667,6.191
"Malaysia","MYS",1964,8828406,60.448,6.03
"Malaysia","MYS",1965,9056408,61.144,5.836
"Malaysia","MYS",1966,9284688,61.679,5.635
"Malaysia","MYS",1967,9507099,62.044,5.433
"Malaysia","MYS",1968,9725281,62.443,5.291
"Malaysia","MYS",1969,9947597,62.868,5.159
"Malaysia","MYS",1970,10178802,63.298,5.035
"Malaysia","MYS",1971,10423453,63.77,4.924
"Malaysia","MYS",1972,10676835,64.232,4.822
"Malaysia","MYS",1973,10935621,64.725,4.727
"Malaysia","MYS",1974,11200906,65.204,4.619
"Malaysia","MYS",1975,11471914,65.697,4.501
"Malaysia","MYS",1976,11750097,66.233,4.398
"Malaysia","MYS",1977,12035713,66.72,4.282
"Malaysia","MYS",1978,12328157,67.17,4.179
"Malaysia","MYS",1979,12627862,67.607,4.091
"Malaysia","MYS",1980,12983363,68.061,4.035
"Malaysia","MYS",1981,13399203,68.461,4.002
"Malaysia","MYS",1982,13832798,68.876,3.967
"Malaysia","MYS",1983,14285907,69.205,3.928
"Malaysia","MYS",1984,14759009,69.551,3.885
"Malaysia","MYS",1985,15252258,69.863,3.804
"Malaysia","MYS",1986,15760419,70.133,3.699
"Malaysia","MYS",1987,16276737,70.351,3.565
"Malaysia","MYS",1988,16796605,70.551,3.502
"Malaysia","MYS",1989,17314997,70.759,3.313
"Malaysia","MYS",1990,17833171,70.952,3.304
"Malaysia","MYS",1991,18342464,71.219,3.339
"Malaysia","MYS",1992,18834572,71.483,3.373
"Malaysia","MYS",1993,19322664,71.721,3.364
"Malaysia","MYS",1994,19820446,71.865,3.346
"Malaysia","MYS",1995,20330599,71.979,3.317
"Malaysia","MYS",1996,20850087,72.119,3.297
"Malaysia","MYS",1997,21375218,72.296,3.227
"Malaysia","MYS",1998,21906713,72.385,3.12
"Malaysia","MYS",1999,22435531,72.428,3.068
"Malaysia","MYS",2000,22967816,72.732,2.942
"Malaysia","MYS",2001,23526538,73.08,2.807
"Malaysia","MYS",2002,24102477,73.469,2.658
"Malaysia","MYS",2003,24679602,73.727,2.601
"Malaysia","MYS",2004,25256772,74.027,2.493
"Malaysia","MYS",2005,25836071,74.37,2.391
"Malaysia","MYS",2006,26417909,74.697,2.308
"Malaysia","MYS",2007,26998389,74.961,2.252
"Malaysia","MYS",2008,27570059,75.151,2.262
"Malaysia","MYS",2009,28124778,75.269,2.223
"Malaysia","MYS",2010,28655776,75.376,2.144
"Malaysia","MYS",2011,29162039,75.488,2.153
"Malaysia","MYS",2012,29662831,75.552,2.117
"Malaysia","MYS",2013,30174265,75.464,2.07
"Malaysia","MYS",2014,30696137,75.345,2.058
"Malaysia","MYS",2015,31232798,75.288,2.008
"Malaysia","MYS",2016,31789685,75.371,1.942
"Malaysia","MYS",2017,32355644,75.542,1.893
"Malaysia","MYS",2018,32910967,75.734,1.838
"Malaysia","MYS",2019,33440596,75.9,1.777
"Malaysia","MYS",2020,33889558,76.057,1.68
"Malaysia","MYS",2021,34282399,73.917,1.555
"Malaysia","MYS",2022,34695493,75.444,1.55
"Malaysia","MYS",2023,35126298,76.657,1.55
"Mali","MLI",1960,5402550,30.459,7.019
"Mali","MLI",1961,5482283,30.637,7.031
"Mali","MLI",1962,5563917,30.833,7.038
"Mali","MLI",1963,5646605,31.02,7.046
"Mali","MLI",1964,5730125,31.231,7.055
"Mali","MLI",1965,5815487,31.529,7.081
"Mali","MLI",1966,5902204,31.792,7.111
"Mali","MLI",1967,5990906,32.197,7.136
"Mali","MLI",1968,6082979,32.568,7.159
"Mali","MLI",1969,6177704,32.871,7.175
"Mali","MLI",1970,6276472,33.396,7.181
"Mali","MLI",1971,6377944,33.804,7.203
"Mali","MLI",1972,6483726,34.507,7.219
"Mali","MLI",1973,6597106,35.087,7.223
"Mali","MLI",1974,6715436,35.749,7.228
"Mali","MLI",1975,6837261,36.484,7.253
"Mali","MLI",1976,6960979,37.204,7.272
"Mali","MLI",1977,7090979,37.986,7.299
"Mali","MLI",1978,7229651,38.761,7.319
"Mali","MLI",1979,7375266,39.506,7.348
"Mali","MLI",1980,7530515,40.266,7.365
"Mali","MLI",1981,7692766,40.984,7.365
"Mali","MLI",1982,7860194,41.804,7.32
"Mali","MLI",1983,8034400,42.748,7.276
"Mali","MLI",1984,8208599,43.396,7.256
"Mali","MLI",1985,8374663,43.921,7.261
"Mali","MLI",1986,8531277,44.62,7.311
"Mali","MLI",1987,8681164,45.228,7.312
"Mali","MLI",1988,8833996,45.72,7.324
"Mali","MLI",1989,8999938,46.237,7.331
"Mali","MLI",1990,9178830,46.541,7.311
"Mali","MLI",1991,9362888,46.889,7.28
"Mali","MLI",1992,9553540,47.238,7.237
"Mali","MLI",1993,9754786,47.586,7.18
"Mali","MLI",1994,9967031,47.914,7.119
"Mali","MLI",1995,10185365,48.292,7.052
"Mali","MLI",1996,10407278,48.5,7.01
"Mali","MLI",1997,10646495,49.086,6.971
"Mali","MLI",1998,10919573,49.592,6.936
"Mali","MLI",1999,11227415,50.06,6.911
"Mali","MLI",2000,11559290,50.605,6.886
"Mali","MLI",2001,11912158,51.3,6.852
"Mali","MLI",2002,12288050,51.995,6.819
"Mali","MLI",2003,12684955,52.632,6.783
"Mali","MLI",2004,13102409,53.253,6.741
"Mali","MLI",2005,13538647,53.792,6.708
"Mali","MLI",2006,13990139,54.305,6.677
"Mali","MLI",2007,14457775,54.756,6.647
"Mali","MLI",2008,14940782,55.187,6.624
"Mali","MLI",2009,15435539,55.588,6.592
"Mali","MLI",2010,15945198,55.993,6.579
"Mali","MLI",2011,16469049,56.367,6.545
"Mali","MLI",2012,16957033,56.696,6.523
"Mali","MLI",2013,17459615,57.052,6.491
"Mali","MLI",2014,18020267,57.482,6.441
"Mali","MLI",2015,18593022,57.852,6.385
"Mali","MLI",2016,19191289,58.286,6.319
"Mali","MLI",2017,19813011,58.562,6.251
"Mali","MLI",2018,20442030,58.873,6.118
"Mali","MLI",2019,21068405,59.217,5.892
"Mali","MLI",2020,21713836,58.858,5.85
"Mali","MLI",2021,22388630,59.116,5.779
"Mali","MLI",2022,23072640,60.035,5.692
"Mali","MLI",2023,23769127,60.439,5.614
"Mexico","MEX",1960,36724615,53.573,6.763
"Mexico","MEX",1961,37890118,54.422,6.777
"Mexico","MEX",1962,39129200,55.057,6.8
"Mexico","MEX",1963,40424065,55.501,6.817
"Mexico","MEX",1964,41772049,55.916,6.833
"Mexico","MEX",1965,43174477,56.688,6.819
"Mexico","MEX",1966,44629106,57.355,6.79
"Mexico","MEX",1967,46129608,57.959,6.753
"Mexico","MEX",1968,47668303,58.22,6.707
"Mexico","MEX",1969,49233194,58.413,6.626
"Mexico","MEX",1970,50814953,58.893,6.529
"Mexico","MEX",1971,52412558,59.415,6.419
"Mexico","MEX",1972,54030168,60.051,6.281
"Mexico","MEX",1973,55667284,60.518,6.121
"Mexico","MEX",1974,57320149,61.18,5.947
"Mexico","MEX",1975,58982400,61.883,5.739
"Mexico","MEX",1976,60645512,62.475,5.543
"Mexico","MEX",1977,62308493,62.988,5.361
"Mexico","MEX",1978,63979046,63.435,5.202
"Mexico","MEX",1979,65648865,63.862,4.964
"Mexico","MEX",1980,67300334,64.282,4.739
"Mexico","MEX",1981,68892108,64.722,4.574
"Mexico","MEX",1982,70433260,65.256,4.425
"Mexico","MEX",1983,71971240,65.756,4.296
"Mexico","MEX",1984,73506846,66.215,4.184
"Mexico","MEX",1985,75043414,66.775,4.087
"Mexico","MEX",1986,76585637,67.377,3.971
"Mexico","MEX",1987,78136651,67.904,3.803
"Mexico","MEX",1988,79695531,68.299,3.64
"Mexico","MEX",1989,81247182,68.621,3.532
"Mexico","MEX",1990,82820170,69.034,3.444
"Mexico","MEX",1991,84430572,69.368,3.363
"Mexico","MEX",1992,86044809,69.663,3.285
"Mexico","MEX",1993,87653807,69.961,3.211
"Mexico","MEX",1994,89259205,70.302,3.132
"Mexico","MEX",1995,90862455,70.703,3.044
"Mexico","MEX",1996,92452702,71.088,2.964
"Mexico","MEX",1997,94021207,71.472,2.886
"Mexico","MEX",1998,95575245,71.792,2.815
"Mexico","MEX",1999,97115707,72.203,2.763
"Mexico","MEX",2000,98625552,72.562,2.714
"Mexico","MEX",2001,100099099,72.912,2.671
"Mexico","MEX",2002,101548624,73.106,2.633
"Mexico","MEX",2003,102978515,73.308,2.579
"Mexico","MEX",2004,104394131,73.432,2.536
"Mexico","MEX",2005,105811504,73.627,2.495
"Mexico","MEX",2006,107253666,73.746,2.456
"Mexico","MEX",2007,108774360,73.796,2.421
"Mexico","MEX",2008,110374288,73.695,2.391
"Mexico","MEX",2009,111999721,73.628,2.364
"Mexico","MEX",2010,113623895,73.718,2.34
"Mexico","MEX",2011,115243504,73.921,2.317
"Mexico","MEX",2012,116818208,74.128,2.294
"Mexico","MEX",2013,118343573,74.289,2.269
"Mexico","MEX",2014,119784261,74.404,2.211
"Mexico","MEX",2015,121072306,74.431,2.137
"Mexico","MEX",2016,122251351,74.376,2.086
"Mexico","MEX",2017,123400057,74.261,2.041
"Mexico","MEX",2018,124573711,74.301,2.03
"Mexico","MEX",2019,125762982,74.53,2.02
"Mexico","MEX",2020,126799054,70.449,1.99
"Mexico","MEX",2021,127648148,69.75,1.97
"Mexico","MEX",2022,128613117,73.973,1.94
"Mexico","MEX",2023,129739759,75.069,1.91
"Moldova","MDA",1960,2058020,59.44,3.315
"Moldova","MDA",1961,2103327,59.856,3.228
"Moldova","MDA",1962,2147227,60.254,3.043
"Moldova","MDA",1963,2188895,60.616,2.891
"Moldova","MDA",1964,2228000,60.962,2.71
"Moldova","MDA",1965,2265287,61.275,2.685
"Moldova","MDA",1966,2301871,61.552,2.651
"Moldova","MDA",1967,2337695,61.781,2.617
"Moldova","MDA",1968,2373073,61.975,2.592
"Moldova","MDA",1969,2408469,62.184,2.566
"Moldova","MDA",1970,2437590,62.414,2.565
"Moldova","MDA",1971,2460611,62.672,2.563
"Moldova","MDA",1972,2484742,62.932,2.564
"Moldova","MDA",1973,2510584,63.175,2.566
"Moldova","MDA",1974,2538164,63.437,2.564
"Moldova","MDA",1975,2566998,63.7,2.522
"Moldova","MDA",1976,2596491,63.968,2.472
"Moldova","MDA",1977,2626298,64.231,2.424
"Moldova","MDA",1978,2656211,64.489,2.387
"Moldova","MDA",1979,2683035,64.823,2.384
"Moldova","MDA",1980,2708675,65.189,2.381
"Moldova","MDA",1981,2735987,65.595,2.402
"Moldova","MDA",1982,2763101,65.859,2.449
"Moldova","MDA",1983,2791207,66.149,2.578
"Moldova","MDA",1984,2820518,66.433,2.669
"Moldova","MDA",1985,2850787,66.882,2.674
"Moldova","MDA",1986,2883057,67.395,2.738
"Moldova","MDA",1987,2916306,67.922,2.776
"Moldova","MDA",1988,2948891,68.191,2.628
"Moldova","MDA",1989,2970039,68.173,2.463
"Moldova","MDA",1990,2977912,67.92,2.392
"Moldova","MDA",1991,2981566,67.554,2.278
"Moldova","MDA",1992,2980965,66.749,2.217
"Moldova","MDA",1993,2975966,66.66,2.112
"Moldova","MDA",1994,2966745,66.319,1.993
"Moldova","MDA",1995,2953200,66.218,1.825
"Moldova","MDA",1996,2947293,66.248,1.709
"Moldova","MDA",1997,2936413,66.484,1.79
"Moldova","MDA",1998,2935227,66.84,1.65
"Moldova","MDA",1999,2930622,67.205,1.556
"Moldova","MDA",2000,2924668,67.462,1.496
"Moldova","MDA",2001,2918135,67.672,1.471
"Moldova","MDA",2002,2911385,67.793,1.448
"Moldova","MDA",2003,2903198,67.9,1.479
"Moldova","MDA",2004,2896023,68.017,1.543
"Moldova","MDA",2005,2888985,68.197,1.528
"Moldova","MDA",2006,2880967,68.423,1.537
"Moldova","MDA",2007,2874299,68.674,1.575
"Moldova","MDA",2008,2868833,69,1.638
"Moldova","MDA",2009,2865213,69.406,1.719
"Moldova","MDA",2010,2862354,69.876,1.703
"Moldova","MDA",2011,2860699,70.173,1.65
"Moldova","MDA",2012,2860324,70.344,1.661
"Moldova","MDA",2013,2859558,70.291,1.622
"Moldova","MDA",2014,2857815,70.241,1.82
"Moldova","MDA",2015,2835978,70.118,1.87
"Moldova","MDA",2016,2803186,70.179,1.89
"Moldova","MDA",2017,2755189,70.375,1.81
"Moldova","MDA",2018,2707203,70.236,1.81
"Moldova","MDA",2019,2664224,70.181,1.78
"Moldova","MDA",2020,2635130,69.914,1.77
"Moldova","MDA",2021,2595809,68.991,1.751
"Moldova","MDA",2022,2528654,71.546,1.694
"Moldova","MDA",2023,2457783,71.198,1.731
"Mongolia","MNG",1960,977595,44.5310487804878,6.817
"Mongolia","MNG",1961,1009284,45.3926829268293,6.963
"Mongolia","MNG",1962,1041444,46.2474146341463,7.098
"Mongolia","MNG",1963,1071362,47.106243902439,7.238
"Mongolia","MNG",1964,1100234,47.9171951219512,7.329
"Mongolia","MNG",1965,1131177,48.6831463414634,7.377
"Mongolia","MNG",1966,1163754,49.3344878048781,7.409
"Mongolia","MNG",1967,1196996,50.09,7.389
"Mongolia","MNG",1968,1229930,50.7391951219512,7.371
"Mongolia","MNG",1969,1262284,51.3599756097561,7.337
"Mongolia","MNG",1970,1295272,51.9505853658537,7.314
"Mongolia","MNG",1971,1330071,52.5202195121951,7.297
"Mongolia","MNG",1972,1366821,53.0728292682927,7.279
"Mongolia","MNG",1973,1405502,53.5671463414634,7.24
"Mongolia","MNG",1974,1446050,53.9876341463415,7.173
"Mongolia","MNG",1975,1488296,54.3009756097561,7.066
"Mongolia","MNG",1976,1531945,54.5484146341463,6.931
"Mongolia","MNG",1977,1576245,54.7357804878049,6.79
"Mongolia","MNG",1978,1619468,54.8861707317073,6.62
"Mongolia","MNG",1979,1660659,55.0270487804878,6.424
"Mongolia","MNG",1980,1701335,55.1848780487805,6.211
"Mongolia","MNG",1981,1742857,55.3730487804878,5.982
"Mongolia","MNG",1982,1785364,55.5940243902439,5.801
"Mongolia","MNG",1983,1829092,55.8454146341464,5.628
"Mongolia","MNG",1984,1874349,56.1206097560976,5.451
"Mongolia","MNG",1985,1921514,56.416756097561,5.262
"Mongolia","MNG",1986,1970965,56.7378048780488,5.029
"Mongolia","MNG",1987,2022800,57.0928536585366,4.829
"Mongolia","MNG",1988,2076322,57.4803414634146,4.647
"Mongolia","MNG",1989,2124185,58.1020243902439,4.42
"Mongolia","MNG",1990,2098710,58.8011951219512,4.5
"Mongolia","MNG",1991,2165342,59.8047317073171,4
"Mongolia","MNG",1992,2167790,60.4307073170732,3.5
"Mongolia","MNG",1993,2165130,60.8242195121951,2.5
"Mongolia","MNG",1994,2189395,60.859,2.7
"Mongolia","MNG",1995,2224945,60.892512195122,2.77
"Mongolia","MNG",1996,2259507,60.994,2.5
"Mongolia","MNG",1997,2291750,61.414512195122,2.4
"Mongolia","MNG",1998,2323809,62.0830731707317,2.3
"Mongolia","MNG",1999,2356813,62.7895365853659,2.3
"Mongolia","MNG",2000,2388299,63.2104878048781,2.2
"Mongolia","MNG",2001,2417751,63.3917073170732,2.2
"Mongolia","MNG",2002,2449027,63.540243902439,2.1
"Mongolia","MNG",2003,2480374,63.5753658536585,2
"Mongolia","MNG",2004,2508412,64.630243902439,2
"Mongolia","MNG",2005,2536407,65.2807317073171,2
"Mongolia","MNG",2006,2567168,65.9021951219512,2.1
"Mongolia","MNG",2007,2601850,66.5934146341464,2.3
"Mongolia","MNG",2008,2643201,67.2460975609756,2.6
"Mongolia","MNG",2009,2691115,67.9690243902439,2.8
"Mongolia","MNG",2010,2738622,68.5056097560976,2.4
"Mongolia","MNG",2011,2786317,69.109268292683,2.6
"Mongolia","MNG",2012,2839705,69.500243902439,2.7
"Mongolia","MNG",2013,2899011,70.0980487804878,3
"Mongolia","MNG",2014,2963113,70.5831707317073,3.1
"Mongolia","MNG",2015,3026864,70.810243902439,3
"Mongolia","MNG",2016,3088856,70.2239024390244,3
"Mongolia","MNG",2017,3148917,70.5434146341463,2.8
"Mongolia","MNG",2018,3208189,70.8270731707317,2.9
"Mongolia","MNG",2019,3267673,71.0531707317073,3
"Mongolia","MNG",2020,3327204,71.3490243902439,2.9
"Mongolia","MNG",2021,3383741,71.6451219512195,2.8
"Mongolia","MNG",2022,3433748,71.9007317073171,2.7
"Mongolia","MNG",2023,3481145,72.1224390243902,2.7
"Morocco","MAR",1960,11624933,41.73,6.887
"Morocco","MAR",1961,11931085,43.694,6.969
"Morocco","MAR",1962,12253092,44.226,7.046
"Morocco","MAR",1963,12577502,44.768,7.012
"Morocco","MAR",1964,12898886,45.346,6.97
"Morocco","MAR",1965,13239171,45.922,6.932
"Morocco","MAR",1966,13597065,46.495,6.889
"Morocco","MAR",1967,13968175,47.099,6.845
"Morocco","MAR",1968,14347899,47.659,6.786
"Morocco","MAR",1969,14734255,48.187,6.726
"Morocco","MAR",1970,15129449,48.691,6.682
"Morocco","MAR",1971,15527225,49.169,6.616
"Morocco","MAR",1972,15924692,49.706,6.545
"Morocco","MAR",1973,16326269,50.22,6.481
"Morocco","MAR",1974,16733842,50.762,6.397
"Morocco","MAR",1975,17150786,51.356,6.299
"Morocco","MAR",1976,17574182,52.048,6.175
"Morocco","MAR",1977,18014756,52.791,6.036
"Morocco","MAR",1978,18477385,53.554,5.91
"Morocco","MAR",1979,18955589,54.376,5.849
"Morocco","MAR",1980,19459943,55.219,5.784
"Morocco","MAR",1981,19985401,56.023,5.71
"Morocco","MAR",1982,20520318,56.869,5.604
"Morocco","MAR",1983,21060696,57.685,5.41
"Morocco","MAR",1984,21593778,58.438,5.199
"Morocco","MAR",1985,22113953,59.208,4.988
"Morocco","MAR",1986,22600803,59.951,4.772
"Morocco","MAR",1987,23054392,60.62,4.583
"Morocco","MAR",1988,23500524,61.231,4.394
"Morocco","MAR",1989,23939414,61.824,4.217
"Morocco","MAR",1990,24375551,62.396,4.06
"Morocco","MAR",1991,24799014,62.919,3.947
"Morocco","MAR",1992,25212468,63.388,3.757
"Morocco","MAR",1993,25614586,63.868,3.548
"Morocco","MAR",1994,26000822,64.346,3.413
"Morocco","MAR",1995,26399429,64.725,3.295
"Morocco","MAR",1996,26808107,65.226,3.229
"Morocco","MAR",1997,27213337,65.616,3.147
"Morocco","MAR",1998,27621648,66.008,3.037
"Morocco","MAR",1999,28027179,66.404,2.882
"Morocco","MAR",2000,28423435,66.794,2.774
"Morocco","MAR",2001,28814643,67.2,2.686
"Morocco","MAR",2002,29198142,67.582,2.617
"Morocco","MAR",2003,29571415,67.958,2.606
"Morocco","MAR",2004,29953018,68.272,2.611
"Morocco","MAR",2005,30358144,68.748,2.613
"Morocco","MAR",2006,30771178,69.157,2.611
"Morocco","MAR",2007,31186468,69.62,2.618
"Morocco","MAR",2008,31606767,70.051,2.612
"Morocco","MAR",2009,32030778,70.454,2.624
"Morocco","MAR",2010,32467016,70.821,2.629
"Morocco","MAR",2011,32912588,71.263,2.595
"Morocco","MAR",2012,33355241,71.674,2.543
"Morocco","MAR",2013,33787571,72.117,2.478
"Morocco","MAR",2014,34204780,72.522,2.425
"Morocco","MAR",2015,34607588,72.894,2.406
"Morocco","MAR",2016,35023457,73.228,2.396
"Morocco","MAR",2017,35446392,73.608,2.375
"Morocco","MAR",2018,35839760,73.946,2.354
"Morocco","MAR",2019,36210898,74.245,2.342
"Morocco","MAR",2020,36584208,73.133,2.32
"Morocco","MAR",2021,36954442,73.385,2.288
"Morocco","MAR",2022,37329064,75.161,2.256
"Morocco","MAR",2023,37712505,75.313,2.23
"Mozambique","MOZ",1960,6713695,41.197,6.312
"Mozambique","MOZ",1961,6834936,41.5,6.366
"Mozambique","MOZ",1962,6969364,41.761,6.424
"Mozambique","MOZ",1963,7109828,41.958,6.474
"Mozambique","MOZ",1964,7255061,41.656,6.513
"Mozambique","MOZ",1965,7406421,41.792,6.544
"Mozambique","MOZ",1966,7562990,41.835,6.577
"Mozambique","MOZ",1967,7724550,41.953,6.607
"Mozambique","MOZ",1968,7892613,42.1,6.646
"Mozambique","MOZ",1969,8066951,42.267,6.672
"Mozambique","MOZ",1970,8250506,42.459,6.699
"Mozambique","MOZ",1971,8456317,42.581,6.701
"Mozambique","MOZ",1972,8692935,42.523,6.701
"Mozambique","MOZ",1973,8954242,42.724,6.698
"Mozambique","MOZ",1974,9236093,43.211,6.671
"Mozambique","MOZ",1975,9540817,43.821,6.659
"Mozambique","MOZ",1976,9867209,43.923,6.641
"Mozambique","MOZ",1977,10224975,43.924,6.617
"Mozambique","MOZ",1978,10618250,43.963,6.592
"Mozambique","MOZ",1979,11028809,43.914,6.564
"Mozambique","MOZ",1980,11336221,43.987,6.53
"Mozambique","MOZ",1981,11568127,41.643,6.48
"Mozambique","MOZ",1982,11824370,41.677,6.43
"Mozambique","MOZ",1983,12073822,41.596,6.434
"Mozambique","MOZ",1984,12315954,38.897,6.438
"Mozambique","MOZ",1985,12548949,38.984,6.43
"Mozambique","MOZ",1986,12770578,40.951,6.413
"Mozambique","MOZ",1987,12822574,41.002,6.393
"Mozambique","MOZ",1988,12800558,43.691,6.367
"Mozambique","MOZ",1989,12906842,43.889,6.348
"Mozambique","MOZ",1990,13094537,44.337,6.319
"Mozambique","MOZ",1991,13352090,44.705,6.276
"Mozambique","MOZ",1992,13613316,45.095,6.218
"Mozambique","MOZ",1993,14051192,45.675,6.153
"Mozambique","MOZ",1994,15033853,46.086,6.082
"Mozambique","MOZ",1995,15960530,46.546,6.019
"Mozambique","MOZ",1996,16492480,47.121,5.973
"Mozambique","MOZ",1997,16949982,47.8,5.933
"Mozambique","MOZ",1998,17340464,48.212,5.905
"Mozambique","MOZ",1999,17734506,48.837,5.875
"Mozambique","MOZ",2000,18129653,49.476,5.83
"Mozambique","MOZ",2001,18537729,50.259,5.755
"Mozambique","MOZ",2002,18958338,50.879,5.667
"Mozambique","MOZ",2003,19392475,51.383,5.6
"Mozambique","MOZ",2004,19840313,51.855,5.551
"Mozambique","MOZ",2005,20304569,52.322,5.5
"Mozambique","MOZ",2006,20787087,52.748,5.452
"Mozambique","MOZ",2007,21287635,53.255,5.466
"Mozambique","MOZ",2008,21819036,53.799,5.598
"Mozambique","MOZ",2009,22391745,54.4,5.681
"Mozambique","MOZ",2010,22999235,55.04,5.66
"Mozambique","MOZ",2011,23649039,55.733,5.599
"Mozambique","MOZ",2012,24337846,56.46,5.518
"Mozambique","MOZ",2013,25051611,57.189,5.43
"Mozambique","MOZ",2014,25788475,57.965,5.304
"Mozambique","MOZ",2015,26547572,58.711,5.245
"Mozambique","MOZ",2016,27337105,59.455,5.188
"Mozambique","MOZ",2017,28166393,60.148,5.128
"Mozambique","MOZ",2018,29018644,60.79,5.07
"Mozambique","MOZ",2019,29884380,61.306,5.016
"Mozambique","MOZ",2020,30783688,61.39,4.959
"Mozambique","MOZ",2021,31707800,60.268,4.905
"Mozambique","MOZ",2022,32656246,63.011,4.84
"Mozambique","MOZ",2023,33635160,63.611,4.763
"Myanmar","MMR",1960,21730250,44.086,5.901
"Myanmar","MMR",1961,22210581,44.603,5.9
"Myanmar","MMR",1962,22704719,45.264,5.904
"Myanmar","MMR",1963,23213408,45.951,5.905
"Myanmar","MMR",1964,23737315,46.653,5.907
"Myanmar","MMR",1965,24279431,47.405,5.912
"Myanmar","MMR",1966,24836496,48.181,5.876
"Myanmar","MMR",1967,25406429,48.86,5.842
"Myanmar","MMR",1968,25989662,49.4,5.797
"Myanmar","MMR",1969,26585112,50.02,5.747
"Myanmar","MMR",1970,27193016,50.47,5.682
"Myanmar","MMR",1971,27807219,51.027,5.615
"Myanmar","MMR",1972,28428324,51.397,5.527
"Myanmar","MMR",1973,29026388,51.763,5.435
"Myanmar","MMR",1974,29598167,52.092,5.341
"Myanmar","MMR",1975,30176565,52.493,5.249
"Myanmar","MMR",1976,30758811,52.908,5.159
"Myanmar","MMR",1977,31355966,53.266,5.069
"Myanmar","MMR",1978,31972976,53.522,4.985
"Myanmar","MMR",1979,32596550,54.026,4.897
"Myanmar","MMR",1980,33227204,54.374,4.789
"Myanmar","MMR",1981,33858783,54.699,4.688
"Myanmar","MMR",1982,34482965,55.033,4.662
"Myanmar","MMR",1983,35162715,55.308,4.633
"Myanmar","MMR",1984,35899313,55.596,4.517
"Myanmar","MMR",1985,36622827,55.816,4.316
"Myanmar","MMR",1986,37314878,56.084,4.081
"Myanmar","MMR",1987,37971594,56.353,3.861
"Myanmar","MMR",1988,38600927,56.57,3.67
"Myanmar","MMR",1989,39214618,56.889,3.593
"Myanmar","MMR",1990,39817251,57.159,3.504
"Myanmar","MMR",1991,40394154,57.395,3.432
"Myanmar","MMR",1992,40950342,57.681,3.354
"Myanmar","MMR",1993,41502429,58.032,3.281
"Myanmar","MMR",1994,42055143,58.326,3.204
"Myanmar","MMR",1995,42605338,58.671,3.127
"Myanmar","MMR",1996,43154860,59.169,3.058
"Myanmar","MMR",1997,43708798,59.523,2.985
"Myanmar","MMR",1998,44257793,59.896,2.912
"Myanmar","MMR",1999,44787724,60.107,2.851
"Myanmar","MMR",2000,45290841,60.357,2.813
"Myanmar","MMR",2001,45771139,60.64,2.793
"Myanmar","MMR",2002,46232653,60.925,2.765
"Myanmar","MMR",2003,46667192,61.196,2.68
"Myanmar","MMR",2004,47068772,61.443,2.588
"Myanmar","MMR",2005,47438365,61.72,2.515
"Myanmar","MMR",2006,47785135,62.026,2.471
"Myanmar","MMR",2007,48125043,62.367,2.447
"Myanmar","MMR",2008,48390793,56.364,2.404
"Myanmar","MMR",2009,48660459,63.095,2.369
"Myanmar","MMR",2010,49024382,63.479,2.335
"Myanmar","MMR",2011,49419820,63.859,2.306
"Myanmar","MMR",2012,49837446,64.251,2.276
"Myanmar","MMR",2013,50262658,64.617,2.264
"Myanmar","MMR",2014,50681634,64.994,2.252
"Myanmar","MMR",2015,51089056,65.288,2.266
"Myanmar","MMR",2016,51495696,65.64,2.27
"Myanmar","MMR",2017,51894938,65.909,2.252
"Myanmar","MMR",2018,52272247,66.232,2.228
"Myanmar","MMR",2019,52640713,66.457,2.206
"Myanmar","MMR",2020,53016522,66.612,2.179
"Myanmar","MMR",2021,53387102,65.553,2.158
"Myanmar","MMR",2022,53756787,66.506,2.131
"Myanmar","MMR",2023,54133798,66.889,2.115
"Nepal","NPL",1960,10123658,38.652,6.069
"Nepal","NPL",1961,10318396,38.966,6.093
"Nepal","NPL",1962,10521116,39.333,6.082
"Nepal","NPL",1963,10729818,39.608,6.056
"Nepal","NPL",1964,10946392,40.229,6.043
"Nepal","NPL",1965,11173411,40.688,6.007
"Nepal","NPL",1966,11408710,41.239,5.98
"Nepal","NPL",1967,11652716,41.71,5.954
"Nepal","NPL",1968,11906266,42.173,5.944
"Nepal","NPL",1969,12167036,42.722,5.893
"Nepal","NPL",1970,12436190,43.151,5.869
"Nepal","NPL",1971,12710061,43.616,5.845
"Nepal","NPL",1972,12989099,44.068,5.801
"Nepal","NPL",1973,13275239,44.485,5.701
"Nepal","NPL",1974,13568435,44.919,5.75
"Nepal","NPL",1975,13870695,45.499,5.733
"Nepal","NPL",1976,14177649,45.991,5.717
"Nepal","NPL",1977,14499175,46.628,5.688
"Nepal","NPL",1978,14839695,47.202,5.676
"Nepal","NPL",1979,15190590,47.766,5.644
"Nepal","NPL",1980,15553105,48.333,5.603
"Nepal","NPL",1981,15922423,48.662,5.576
"Nepal","NPL",1982,16297987,49.181,5.549
"Nepal","NPL",1983,16689119,49.676,5.536
"Nepal","NPL",1984,17085242,50.227,5.509
"Nepal","NPL",1985,17477692,50.922,5.457
"Nepal","NPL",1986,17868124,51.594,5.4
"Nepal","NPL",1987,18250505,52.382,5.348
"Nepal","NPL",1988,18638661,53.109,5.307
"Nepal","NPL",1989,19057807,54.013,5.258
"Nepal","NPL",1990,19524573,54.771,5.211
"Nepal","NPL",1991,20036500,55.65,5.151
"Nepal","NPL",1992,20609707,56.686,5.074
"Nepal","NPL",1993,21180159,57.597,5.042
"Nepal","NPL",1994,21717479,58.631,4.964
"Nepal","NPL",1995,22245439,59.323,4.869
"Nepal","NPL",1996,22741862,60.044,4.668
"Nepal","NPL",1997,23219463,60.823,4.442
"Nepal","NPL",1998,23680357,61.532,4.275
"Nepal","NPL",1999,24125199,62.035,4.13
"Nepal","NPL",2000,24546509,62.642,3.984
"Nepal","NPL",2001,24946748,63.288,3.793
"Nepal","NPL",2002,25328981,63.507,3.604
"Nepal","NPL",2003,25688758,64.229,3.439
"Nepal","NPL",2004,26016656,64.744,3.279
"Nepal","NPL",2005,26309458,65.275,3.115
"Nepal","NPL",2006,26565425,65.891,2.967
"Nepal","NPL",2007,26788492,66.169,2.857
"Nepal","NPL",2008,26990037,66.442,2.737
"Nepal","NPL",2009,27173035,66.6,2.63
"Nepal","NPL",2010,27341952,66.772,2.541
"Nepal","NPL",2011,27464494,67.123,2.462
"Nepal","NPL",2012,27534915,67.364,2.42
"Nepal","NPL",2013,27589996,67.598,2.36
"Nepal","NPL",2014,27672370,67.812,2.319
"Nepal","NPL",2015,27823629,67.374,2.273
"Nepal","NPL",2016,27955462,68.444,2.226
"Nepal","NPL",2017,28011258,68.74,2.173
"Nepal","NPL",2018,28079689,69.036,2.12
"Nepal","NPL",2019,28414064,69.299,2.08
"Nepal","NPL",2020,28966574,69.106,2.051
"Nepal","NPL",2021,29475010,68.385,2.025
"Nepal","NPL",2022,29715436,70.087,2.002
"Nepal","NPL",2023,29694614,70.354,1.984
"Netherlands","NLD",1960,11486631,73.3926829268293,3.12
"Netherlands","NLD",1961,11638712,73.6526829268293,3.22
"Netherlands","NLD",1962,11805689,73.3239024390244,3.18
"Netherlands","NLD",1963,11965966,73.3370731707317,3.19
"Netherlands","NLD",1964,12127120,73.7041463414634,3.17
"Netherlands","NLD",1965,12294732,73.5687804878049,3.04
"Netherlands","NLD",1966,12456251,73.5129268292683,2.9
"Netherlands","NLD",1967,12598201,73.8041463414634,2.81
"Netherlands","NLD",1968,12729721,73.6126829268293,2.72
"Netherlands","NLD",1969,12877984,73.539512195122,2.75
"Netherlands","NLD",1970,13038526,73.5856097560976,2.57
"Netherlands","NLD",1971,13194497,73.809512195122,2.36
"Netherlands","NLD",1972,13328593,73.7270731707317,2.15
"Netherlands","NLD",1973,13439322,74.1439024390244,1.9
"Netherlands","NLD",1974,13545056,74.5368292682927,1.77
"Netherlands","NLD",1975,13666335,74.4987804878049,1.66
"Netherlands","NLD",1976,13774037,74.6470731707317,1.63
"Netherlands","NLD",1977,13856185,75.2214634146342,1.58
"Netherlands","NLD",1978,13941700,75.1451219512195,1.58
"Netherlands","NLD",1979,14038270,75.6060975609756,1.56
"Netherlands","NLD",1980,14149800,75.7431707317073,1.6
"Netherlands","NLD",1981,14247208,75.9343902439025,1.56
"Netherlands","NLD",1982,14312690,75.9885365853659,1.5
"Netherlands","NLD",1983,14367070,76.1641463414634,1.47
"Netherlands","NLD",1984,14424211,76.2331707317073,1.49
"Netherlands","NLD",1985,14491632,76.2846341463415,1.51
"Netherlands","NLD",1986,14572278,76.2704878048781,1.55
"Netherlands","NLD",1987,14665037,76.7051219512195,1.56
"Netherlands","NLD",1988,14760094,76.890243902439,1.55
"Netherlands","NLD",1989,14848907,76.7341463414634,1.55
"Netherlands","NLD",1990,14951510,76.8780487804878,1.62
"Netherlands","NLD",1991,15069798,77,1.61
"Netherlands","NLD",1992,15184166,77.2170731707317,1.59
"Netherlands","NLD",1993,15290368,76.9165853658537,1.57
"Netherlands","NLD",1994,15382838,77.3751219512195,1.57
"Netherlands","NLD",1995,15459006,77.4046341463415,1.53
"Netherlands","NLD",1996,15530498,77.4356097560976,1.53
"Netherlands","NLD",1997,15610650,77.7943902439024,1.56
"Netherlands","NLD",1998,15707209,77.8829268292683,1.63
"Netherlands","NLD",1999,15812088,77.8365853658537,1.65
"Netherlands","NLD",2000,15925513,77.9878048780488,1.72
"Netherlands","NLD",2001,16046180,78.190243902439,1.71
"Netherlands","NLD",2002,16148929,78.2926829268293,1.73
"Netherlands","NLD",2003,16225302,78.4926829268293,1.75
"Netherlands","NLD",2004,16281779,79.0951219512195,1.72
"Netherlands","NLD",2005,16319868,79.3463414634146,1.71
"Netherlands","NLD",2006,16346101,79.6975609756098,1.72
"Netherlands","NLD",2007,16381696,80.0975609756098,1.72
"Netherlands","NLD",2008,16445593,80.2512195121951,1.77
"Netherlands","NLD",2009,16530388,80.5487804878049,1.79
"Netherlands","NLD",2010,16615394,80.7024390243902,1.79
"Netherlands","NLD",2011,16693074,81.2048780487805,1.76
"Netherlands","NLD",2012,16754962,81.1048780487805,1.72
"Netherlands","NLD",2013,16804432,81.3048780487805,1.68
"Netherlands","NLD",2014,16865008,81.7073170731707,1.71
"Netherlands","NLD",2015,16939923,81.509756097561,1.66
"Netherlands","NLD",2016,17030314,81.5609756097561,1.66
"Netherlands","NLD",2017,17131296,81.7609756097561,1.62
"Netherlands","NLD",2018,17231624,81.8121951219512,1.59
"Netherlands","NLD",2019,17344874,82.1121951219512,1.57
"Netherlands","NLD",2020,17441500,81.3585365853659,1.54
"Netherlands","NLD",2021,17533044,81.309756097561,1.62
"Netherlands","NLD",2022,17700982,81.6146341463415,1.49
"Netherlands","NLD",2023,17877117,81.9146341463415,1.43
"New Zealand","NZL",1960,2371800,71.2365853658537,4.24
"New Zealand","NZL",1961,2419700,70.9853658536585,4.31
"New Zealand","NZL",1962,2482000,71.2317073170732,4.19
"New Zealand","NZL",1963,2531800,71.280487804878,4.05
"New Zealand","NZL",1964,2585400,71.3292682926829,3.8
"New Zealand","NZL",1965,2628400,71.2268292682927,3.54
"New Zealand","NZL",1966,2675900,71.1243902439025,3.41
"New Zealand","NZL",1967,2724100,71.4731707317073,3.35
"New Zealand","NZL",1968,2748100,71.1243902439025,3.34
"New Zealand","NZL",1969,2772800,71.4731707317073,3.28
"New Zealand","NZL",1970,2810700,71.2731707317073,3.17
"New Zealand","NZL",1971,2853000,71.7731707317073,3.18
"New Zealand","NZL",1972,2903900,71.8292682926829,3
"New Zealand","NZL",1973,2961300,71.6682926829268,2.76
"New Zealand","NZL",1974,3023700,71.9243902439024,2.58
"New Zealand","NZL",1975,3083100,72.219512195122,2.37
"New Zealand","NZL",1976,3110500,72.4219512195122,2.27
"New Zealand","NZL",1977,3120200,72.1682926829268,2.21
"New Zealand","NZL",1978,3121200,73.019512195122,2.07
"New Zealand","NZL",1979,3109000,73.0682926829269,2.12
"New Zealand","NZL",1980,3112900,72.8292682926829,2.03
"New Zealand","NZL",1981,3124900,73.6219512195122,2.01
"New Zealand","NZL",1982,3156100,73.7243902439024,1.95
"New Zealand","NZL",1983,3199300,73.7756097560976,1.92
"New Zealand","NZL",1984,3227100,74.3707317073171,1.93
"New Zealand","NZL",1985,3247100,73.8292682926829,1.93
"New Zealand","NZL",1986,3246300,74.1219512195122,1.96
"New Zealand","NZL",1987,3274400,74.1780487804878,2.03
"New Zealand","NZL",1988,3283400,74.4243902439024,2.1
"New Zealand","NZL",1989,3299200,74.8243902439024,2.12
"New Zealand","NZL",1990,3329800,75.3780487804878,2.18
"New Zealand","NZL",1991,3495100,76.0317073170732,2.09
"New Zealand","NZL",1992,3531700,76.1243902439025,2.06
"New Zealand","NZL",1993,3572200,76.4341463414634,2.04
"New Zealand","NZL",1994,3620000,76.8829268292683,1.98
"New Zealand","NZL",1995,3673400,76.7341463414634,1.98
"New Zealand","NZL",1996,3732000,76.7878048780488,1.96
"New Zealand","NZL",1997,3781300,77.3341463414634,1.96
"New Zealand","NZL",1998,3815000,78.0853658536585,1.89
"New Zealand","NZL",1999,3835100,77.890243902439,1.97
"New Zealand","NZL",2000,3857700,78.6365853658537,1.98
"New Zealand","NZL",2001,3880500,78.6926829268293,1.97
"New Zealand","NZL",2002,3948500,78.8463414634146,1.89
"New Zealand","NZL",2003,4027200,79.1463414634146,1.93
"New Zealand","NZL",2004,4087500,79.5487804878049,1.98
"New Zealand","NZL",2005,4133900,79.8512195121951,1.97
"New Zealand","NZL",2006,4184600,80.0487804878049,2.01
"New Zealand","NZL",2007,4223800,80.1512195121951,2.18
"New Zealand","NZL",2008,4259800,80.3512195121951,2.19
"New Zealand","NZL",2009,4302600,80.7024390243902,2.13
"New Zealand","NZL",2010,4350700,80.9048780487805,2.17
"New Zealand","NZL",2011,4384000,81.1560975609756,2.09
"New Zealand","NZL",2012,4408100,81.4073170731707,2.1
"New Zealand","NZL",2013,4442100,81.4048780487805,2.01
"New Zealand","NZL",2014,4516500,81.4568292682927,1.92
"New Zealand","NZL",2015,4609400,81.6124390243903,1.99
"New Zealand","NZL",2016,4714100,81.6585365853659,1.87
"New Zealand","NZL",2017,4813600,81.8585365853659,1.81
"New Zealand","NZL",2018,4900600,81.7073170731707,1.71
"New Zealand","NZL",2019,4970300,82.0560975609756,1.72
"New Zealand","NZL",2020,5072400,82.2560975609756,1.61
"New Zealand","NZL",2021,5084600,82.2073170731707,1.64
"New Zealand","NZL",2022,5081700,81.9585365853658,1.66
"New Zealand","NZL",2023,5200000,83.0048780487805,1.56
"Nicaragua","NIC",1960,1782370,46.399,7.159
"Nicaragua","NIC",1961,1836451,47.289,7.112
"Nicaragua","NIC",1962,1892320,47.981,7.1
"Nicaragua","NIC",1963,1950159,48.752,7.081
"Nicaragua","NIC",1964,2010176,49.586,7.064
"Nicaragua","NIC",1965,2072681,50.647,7.033
"Nicaragua","NIC",1966,2137820,51.579,6.99
"Nicaragua","NIC",1967,2205567,52.348,6.94
"Nicaragua","NIC",1968,2275836,52.865,6.885
"Nicaragua","NIC",1969,2348398,53.35,6.825
"Nicaragua","NIC",1970,2423065,53.815,6.773
"Nicaragua","NIC",1971,2499825,54.219,6.714
"Nicaragua","NIC",1972,2573578,47.957,6.653
"Nicaragua","NIC",1973,2649278,55.023,6.586
"Nicaragua","NIC",1974,2732075,55.401,6.521
"Nicaragua","NIC",1975,2816943,55.774,6.445
"Nicaragua","NIC",1976,2903851,56.118,6.366
"Nicaragua","NIC",1977,2992534,56.126,6.28
"Nicaragua","NIC",1978,3080314,53.533,6.164
"Nicaragua","NIC",1979,3164525,50.828,6.069
"Nicaragua","NIC",1980,3252403,57.953,5.959
"Nicaragua","NIC",1981,3345674,58.278,5.84
"Nicaragua","NIC",1982,3438745,58.685,5.737
"Nicaragua","NIC",1983,3530282,56.851,5.611
"Nicaragua","NIC",1984,3619104,56.126,5.488
"Nicaragua","NIC",1985,3706479,56.4,5.359
"Nicaragua","NIC",1986,3794157,57.558,5.217
"Nicaragua","NIC",1987,3882164,57.329,5.073
"Nicaragua","NIC",1988,3972320,59.833,4.931
"Nicaragua","NIC",1989,4066476,61.884,4.762
"Nicaragua","NIC",1990,4162559,62.473,4.596
"Nicaragua","NIC",1991,4259637,63.31,4.432
"Nicaragua","NIC",1992,4357026,63.672,4.267
"Nicaragua","NIC",1993,4453732,64.093,4.102
"Nicaragua","NIC",1994,4549316,64.549,3.937
"Nicaragua","NIC",1995,4642931,64.869,3.775
"Nicaragua","NIC",1996,4729974,65.215,3.62
"Nicaragua","NIC",1997,4809573,65.523,3.473
"Nicaragua","NIC",1998,4883655,64.111,3.339
"Nicaragua","NIC",1999,4954018,65.892,3.218
"Nicaragua","NIC",2000,5022633,66.36,3.12
"Nicaragua","NIC",2001,5087825,67.028,2.996
"Nicaragua","NIC",2002,5149909,67.95,2.887
"Nicaragua","NIC",2003,5210963,68.749,2.827
"Nicaragua","NIC",2004,5272912,69.51,2.784
"Nicaragua","NIC",2005,5342105,70.374,2.765
"Nicaragua","NIC",2006,5418855,70.958,2.733
"Nicaragua","NIC",2007,5497243,71.197,2.697
"Nicaragua","NIC",2008,5576593,71.404,2.66
"Nicaragua","NIC",2009,5656601,71.499,2.626
"Nicaragua","NIC",2010,5737450,71.761,2.596
"Nicaragua","NIC",2011,5819051,72.033,2.558
"Nicaragua","NIC",2012,5901287,72.435,2.527
"Nicaragua","NIC",2013,5983845,72.551,2.492
"Nicaragua","NIC",2014,6066492,72.792,2.463
"Nicaragua","NIC",2015,6149417,72.899,2.434
"Nicaragua","NIC",2016,6232666,73.18,2.407
"Nicaragua","NIC",2017,6316231,73.389,2.378
"Nicaragua","NIC",2018,6400080,73.879,2.347
"Nicaragua","NIC",2019,6483657,73.764,2.321
"Nicaragua","NIC",2020,6565267,70.766,2.299
"Nicaragua","NIC",2021,6644741,70.478,2.265
"Nicaragua","NIC",2022,6730654,74.463,2.24
"Nicaragua","NIC",2023,6823613,74.947,2.218
"Niger","NER",1960,3505050,36.193,7.53
"Niger","NER",1961,3608162,36.287,7.512
"Niger","NER",1962,3714520,36.319,7.501
"Niger","NER",1963,3823873,36.437,7.489
"Niger","NER",1964,3935814,36.464,7.48
"Niger","NER",1965,4049695,36.404,7.466
"Niger","NER",1966,4165544,36.331,7.481
"Niger","NER",1967,4283590,36.243,7.49
"Niger","NER",1968,4403637,36.128,7.497
"Niger","NER",1969,4525725,36.003,7.506
"Niger","NER",1970,4650275,35.919,7.514
"Niger","NER",1971,4776225,35.294,7.518
"Niger","NER",1972,4904845,35.813,7.523
"Niger","NER",1973,5037865,35.938,7.529
"Niger","NER",1974,5174953,36.195,7.539
"Niger","NER",1975,5317019,36.568,7.539
"Niger","NER",1976,5464962,37.101,7.563
"Niger","NER",1977,5619716,37.689,7.595
"Niger","NER",1978,5782932,38.267,7.662
"Niger","NER",1979,5955556,38.889,7.722
"Niger","NER",1980,6135971,39.344,7.782
"Niger","NER",1981,6322006,39.637,7.822
"Niger","NER",1982,6512732,39.844,7.862
"Niger","NER",1983,6708644,39.979,7.902
"Niger","NER",1984,6909971,39.989,7.921
"Niger","NER",1985,7118457,40.12,7.932
"Niger","NER",1986,7335811,40.251,7.904
"Niger","NER",1987,7561150,40.468,7.871
"Niger","NER",1988,7793748,40.791,7.841
"Niger","NER",1989,8034780,41.188,7.818
"Niger","NER",1990,8286059,41.732,7.806
"Niger","NER",1991,8546900,42.289,7.798
"Niger","NER",1992,8817633,43.064,7.795
"Niger","NER",1993,9100789,43.838,7.79
"Niger","NER",1994,9398258,44.586,7.786
"Niger","NER",1995,9714529,45.504,7.776
"Niger","NER",1996,10044852,46.313,7.78
"Niger","NER",1997,10383969,47.097,7.802
"Niger","NER",1998,10741413,47.807,7.84
"Niger","NER",1999,11117411,48.48,7.84
"Niger","NER",2000,11509630,49.172,7.829
"Niger","NER",2001,11920647,49.872,7.81
"Niger","NER",2002,12349144,50.645,7.797
"Niger","NER",2003,12796984,51.545,7.789
"Niger","NER",2004,13265836,52.402,7.777
"Niger","NER",2005,13756192,53.32,7.769
"Niger","NER",2006,14268581,54.223,7.744
"Niger","NER",2007,14803610,55.063,7.726
"Niger","NER",2008,15361915,55.852,7.702
"Niger","NER",2009,15943675,56.487,7.679
"Niger","NER",2010,16548835,57.08,7.64
"Niger","NER",2011,17176283,57.6,7.592
"Niger","NER",2012,17836769,57.987,7.527
"Niger","NER",2013,18519898,58.364,7.445
"Niger","NER",2014,19215909,58.693,7.342
"Niger","NER",2015,19939498,58.85,7.215
"Niger","NER",2016,20685753,59.228,7.043
"Niger","NER",2017,21435446,59.524,6.874
"Niger","NER",2018,22188069,59.765,6.706
"Niger","NER",2019,22947757,60.031,6.537
"Niger","NER",2020,23717613,59.89,6.369
"Niger","NER",2021,24502140,59.542,6.2
"Niger","NER",2022,25311973,60.398,6.135
"Niger","NER",2023,26159867,61.183,6.061
"Nigeria","NGA",1960,45053782,37.207,6.364
"Nigeria","NGA",1961,45989310,37.427,6.353
"Nigeria","NGA",1962,46965292,37.606,6.356
"Nigeria","NGA",1963,47973575,37.806,6.349
"Nigeria","NGA",1964,49012016,37.98,6.362
"Nigeria","NGA",1965,50086764,38.221,6.367
"Nigeria","NGA",1966,51188234,38.355,6.386
"Nigeria","NGA",1967,52293065,37.497,6.401
"Nigeria","NGA",1968,53432783,38.642,6.42
"Nigeria","NGA",1969,54631914,38.946,6.438
"Nigeria","NGA",1970,55893838,40.008,6.466
"Nigeria","NGA",1971,57214684,40.606,6.532
"Nigeria","NGA",1972,58601748,41.273,6.579
"Nigeria","NGA",1973,60082139,41.831,6.633
"Nigeria","NGA",1974,61679144,42.489,6.703
"Nigeria","NGA",1975,63410815,43.054,6.773
"Nigeria","NGA",1976,65258009,44.186,6.806
"Nigeria","NGA",1977,67234590,44.847,6.862
"Nigeria","NGA",1978,69326532,45.348,6.921
"Nigeria","NGA",1979,71498242,45.738,6.887
"Nigeria","NGA",1980,73764641,45.959,6.847
"Nigeria","NGA",1981,76068103,46.309,6.82
"Nigeria","NGA",1982,78378701,46.437,6.799
"Nigeria","NGA",1983,80438260,46.442,6.775
"Nigeria","NGA",1984,82526443,46.339,6.701
"Nigeria","NGA",1985,84897973,46.193,6.616
"Nigeria","NGA",1986,87235953,45.953,6.557
"Nigeria","NGA",1987,89591716,45.89,6.504
"Nigeria","NGA",1988,92020090,45.834,6.498
"Nigeria","NGA",1989,94531014,45.83,6.494
"Nigeria","NGA",1990,97120925,45.733,6.459
"Nigeria","NGA",1991,99720162,45.483,6.426
"Nigeria","NGA",1992,102372770,45.587,6.391
"Nigeria","NGA",1993,105122069,45.783,6.354
"Nigeria","NGA",1994,107935714,45.748,6.319
"Nigeria","NGA",1995,110819428,45.87,6.273
"Nigeria","NGA",1996,113754779,45.833,6.217
"Nigeria","NGA",1997,116754792,45.96,6.138
"Nigeria","NGA",1998,119846254,46.148,6.069
"Nigeria","NGA",1999,123047320,46.609,6.082
"Nigeria","NGA",2000,126382494,47.143,6.124
"Nigeria","NGA",2001,129862595,47.549,6.128
"Nigeria","NGA",2002,133471989,48.02,6.116
"Nigeria","NGA",2003,137202644,48.618,6.1
"Nigeria","NGA",2004,141057045,49.148,6.09
"Nigeria","NGA",2005,145017253,49.538,6.063
"Nigeria","NGA",2006,149077334,49.876,6.053
"Nigeria","NGA",2007,153267261,50.381,6.027
"Nigeria","NGA",2008,157595014,50.748,6.024
"Nigeria","NGA",2009,162049464,51.08,5.993
"Nigeria","NGA",2010,166642886,51.315,5.948
"Nigeria","NGA",2011,171379598,51.49,5.893
"Nigeria","NGA",2012,176200625,51.688,5.797
"Nigeria","NGA",2013,181049443,51.827,5.694
"Nigeria","NGA",2014,185896915,51.94,5.622
"Nigeria","NGA",2015,190671878,51.939,5.503
"Nigeria","NGA",2016,195443700,52.189,5.343
"Nigeria","NGA",2017,200254579,52.397,5.182
"Nigeria","NGA",2018,204938755,52.669,5.021
"Nigeria","NGA",2019,209485641,53.009,4.861
"Nigeria","NGA",2020,213996181,53.072,4.7
"Nigeria","NGA",2021,218529286,53.455,4.636
"Nigeria","NGA",2022,223150896,54.079,4.552
"Nigeria","NGA",2023,227882945,54.462,4.482
"North America","NAC",1960,198622564,69.8928809447431,3.66813374560788
"North America","NAC",1961,202005123,70.3674111103082,3.63201562109414
"North America","NAC",1962,205196239,70.2322004358455,3.48089756292059
"North America","NAC",1963,208251340,70.0498732749243,3.34515625898632
"North America","NAC",1964,211260410,70.3125870410997,3.21426362953675
"North America","NAC",1965,214028461,70.3664482428266,2.9315842104351
"North America","NAC",1966,216656534,70.3774745800766,2.72360870168464
"North America","NAC",1967,219173514,70.7137220587,2.55520218544864
"North America","NAC",1968,221500404,70.1757231439513,2.45666564485671
"North America","NAC",1969,223756306,70.6941667067473,2.44445110698431
"North America","NAC",1970,226428124,70.9850542794544,2.458880480005
"North America","NAC",1971,229675639,71.2906105325876,2.2539154241962
"North America","NAC",1972,232167266,71.325889782303,2.00714130327638
"North America","NAC",1973,234453723,71.5291863757895,1.88012802121368
"North America","NAC",1974,236715025,72.0793243629389,1.83523683103097
"North America","NAC",1975,239169404,72.6932766943585,1.77893712306794
"North America","NAC",1976,241538018,72.9528469578295,1.74374906104459
"North America","NAC",1977,244018165,73.3490323734962,1.78918658052099
"North America","NAC",1978,246601634,73.4698455920373,1.76080080719687
"North America","NAC",1979,249310061,73.9076174873992,1.80261317020283
"North America","NAC",1980,251794340,73.7548645377218,1.82954712372149
"North America","NAC",1981,254339912,74.1547309404066,1.80075567125157
"North America","NAC",1982,256835329,74.4941013567384,1.81368498975695
"North America","NAC",1983,259213228,74.6194447243444,1.78708490511878
"North America","NAC",1984,261487222,74.7363519363636,1.7908093348366
"North America","NAC",1985,263821663,74.7359434817121,1.82658666082488
"North America","NAC",1986,266289167,74.7956281535059,1.82123855593193
"North America","NAC",1987,268791866,74.9636321926897,1.85271622980068
"North America","NAC",1988,271347446,74.9722477585484,1.90835624301518
"North America","NAC",1989,274152910,75.2265211544613,1.98906710243302
"North America","NAC",1990,277371697,75.4361985040414,2.05518103599582
"North America","NAC",1991,281076404,75.5878135699287,2.02732259209113
"North America","NAC",1992,284943671,75.837971168818,2.01153078620432
"North America","NAC",1993,288662580,75.6464787218972,1.98574388953226
"North America","NAC",1994,292185857,75.8429823471392,1.96962896425723
"North America","NAC",1995,295639837,75.8554630666128,1.94657086051667
"North America","NAC",1996,299064031,76.2440970663798,1.9407821446047
"North America","NAC",1997,302623125,76.6253579363396,1.93029633691809
"North America","NAC",1998,306069812,76.7819490135195,1.9546128046502
"North America","NAC",1999,309502410,76.8047860395782,1.96138322623082
"North America","NAC",2000,312909691,76.8850332429286,2.00104445286266
"North America","NAC",2001,316051677,77.0883485337654,1.98111559022242
"North America","NAC",2002,319046534,77.1919358768587,1.97003758809819
"North America","NAC",2003,321812780,77.3002796759891,1.9973357672637
"North America","NAC",2004,324806660,77.7343375427686,2.00195357868507
"North America","NAC",2005,327822042,77.7462382909607,2.00891827912543
"North America","NAC",2006,331013939,77.9690402937581,2.05978280204498
"North America","NAC",2007,334183103,78.2395331531403,2.074587380697
"North America","NAC",2008,337404564,78.3038592516027,2.03436462442012
"North America","NAC",2009,340465163,78.6547128363776,1.97033818233665
"North America","NAC",2010,343447854,78.8169547045614,1.90241045540461
"North America","NAC",2011,346242415,78.9234323511493,1.86754587684267
"North America","NAC",2012,349116140,79.0322253270364,1.85497020907638
"North America","NAC",2013,351870848,79.0411295925553,1.83232546339748
"North America","NAC",2014,354755155,79.135655352291,1.83688870286129
"North America","NAC",2015,357583083,79.0036254654542,1.81894736304592
"North America","NAC",2016,360527592,78.8800103845064,1.79727819078773
"North America","NAC",2017,363217262,78.8688036246685,1.74371916045505
"North America","NAC",2018,365666028,78.9607960728398,1.70714584622083
"North America","NAC",2019,367908829,79.1334134419141,1.68176811100914
"North America","NAC",2020,369670740,77.4498099795241,1.61762836473818
"North America","NAC",2021,370404272,76.8657678890549,1.64085343799958
"North America","NAC",2022,373018004,77.8327679594239,1.62238294506643
"North America","NAC",2023,376954413,78.7328213732191,1.57842091532655
"North Macedonia","MKD",1960,1435059,60.5017317073171,3.826
"North Macedonia","MKD",1961,1455171,61.7780975609756,3.615
"North Macedonia","MKD",1962,1471745,59.2847317073171,3.503
"North Macedonia","MKD",1963,1488737,61.3576097560976,3.616
"North Macedonia","MKD",1964,1510900,61.5034146341463,3.56
"North Macedonia","MKD",1965,1533466,62.5633658536586,3.516
"North Macedonia","MKD",1966,1557349,63.4809024390244,3.432
"North Macedonia","MKD",1967,1582492,63.7112926829268,3.332
"North Macedonia","MKD",1968,1608930,64.5210975609756,3.219
"North Macedonia","MKD",1969,1636345,63.9315365853659,3.101
"North Macedonia","MKD",1970,1664208,64.9018292682927,3.012
"North Macedonia","MKD",1971,1691216,65.1379268292683,2.927
"North Macedonia","MKD",1972,1717395,65.5685853658537,2.865
"North Macedonia","MKD",1973,1743816,66.9862682926829,2.719
"North Macedonia","MKD",1974,1770545,67.0261951219512,2.698
"North Macedonia","MKD",1975,1797972,67.1628780487805,2.692
"North Macedonia","MKD",1976,1825830,67.7716829268293,2.623
"North Macedonia","MKD",1977,1853138,68.1356585365854,2.49
"North Macedonia","MKD",1978,1879847,68.9548780487805,2.416
"North Macedonia","MKD",1979,1906523,69.0623658536585,2.401
"North Macedonia","MKD",1980,1933038,68.9679756097561,2.363
"North Macedonia","MKD",1981,1959065,69.3280975609756,2.293
"North Macedonia","MKD",1982,1978956,69.7328536585366,2.286
"North Macedonia","MKD",1983,1991901,69.6072926829268,2.25
"North Macedonia","MKD",1984,2003399,70.0617804878049,2.24
"North Macedonia","MKD",1985,2014331,70.0877804878049,2.252
"North Macedonia","MKD",1986,2024732,70.1540975609756,2.253
"North Macedonia","MKD",1987,2035157,70.2638048780488,2.315
"North Macedonia","MKD",1988,2045737,70.3136097560976,2.324
"North Macedonia","MKD",1989,2055649,70.9574634146342,2.25
"North Macedonia","MKD",1990,2063689,71.1720975609756,2.269
"North Macedonia","MKD",1991,2055994,71.5829024390244,2.31
"North Macedonia","MKD",1992,2032523,71.1484634146342,2.281
"North Macedonia","MKD",1993,2006854,71.5965609756098,2.26
"North Macedonia","MKD",1994,1992666,71.6926829268293,2.232
"North Macedonia","MKD",1995,1998534,71.8487804878049,2.13
"North Macedonia","MKD",1996,2012553,72.4951219512195,2.059
"North Macedonia","MKD",1997,1996869,72.4463414634146,1.916
"North Macedonia","MKD",1998,2007523,72.2975609756098,1.89
"North Macedonia","MKD",1999,2017142,72.790243902439,1.77
"North Macedonia","MKD",2000,2026350,72.9463414634147,1.863
"North Macedonia","MKD",2001,2034882,73.4365853658537,1.729
"North Macedonia","MKD",2002,2020157,73.0390243902439,1.786
"North Macedonia","MKD",2003,2022725,73.2414634146342,1.745
"North Macedonia","MKD",2004,2016186,73.5975609756098,1.524
"North Macedonia","MKD",2005,2005330,73.6975609756098,1.5
"North Macedonia","MKD",2006,1994287,73.8951219512195,1.46
"North Macedonia","MKD",2007,1982933,73.8,1.46
"North Macedonia","MKD",2008,1971493,74.4,1.47
"North Macedonia","MKD",2009,1958782,74.4463414634146,1.5
"North Macedonia","MKD",2010,1946298,74.9975609756098,1.6
"North Macedonia","MKD",2011,1937398,75.1,1.46
"North Macedonia","MKD",2012,1929821,74.9024390243903,1.5
"North Macedonia","MKD",2013,1922716,75.4,1.5
"North Macedonia","MKD",2014,1917557,75.4512195121951,1.5
"North Macedonia","MKD",2015,1912430,75.4024390243902,1.49
"North Macedonia","MKD",2016,1906313,75.4,1.5
"North Macedonia","MKD",2017,1898657,75.9536585365854,1.43
"North Macedonia","MKD",2018,1889051,76.6487804878049,1.42
"North Macedonia","MKD",2019,1876262,76.6024390243903,1.34
"North Macedonia","MKD",2020,1856124,74.3951219512195,1.31
"North Macedonia","MKD",2021,1837114,73.2463414634146,1.6
"North Macedonia","MKD",2022,1831712,74.4248780487805,1.6
"North Macedonia","MKD",2023,1827816,75.3160975609756,1.5
"Norway","NOR",1960,3581239,73.549756097561,2.85
"Norway","NOR",1961,3609800,73.5504878048781,2.94
"Norway","NOR",1962,3638918,73.4480487804878,2.91
"Norway","NOR",1963,3666537,73.0775609756098,2.93
"Norway","NOR",1964,3694339,73.5958536585366,2.98
"Norway","NOR",1965,3723168,73.7231707317073,2.94
"Norway","NOR",1966,3753012,73.9953658536585,2.9
"Norway","NOR",1967,3784539,74.0665853658537,2.81
"Norway","NOR",1968,3816486,73.9419512195122,2.75
"Norway","NOR",1969,3847707,73.6634146341463,2.7
"Norway","NOR",1970,3875763,74.0880487804878,2.5
"Norway","NOR",1971,3903039,74.1792682926829,2.49
"Norway","NOR",1972,3933004,74.3446341463415,2.38
"Norway","NOR",1973,3960612,74.4421951219512,2.23
"Norway","NOR",1974,3985258,74.7536585365854,2.13
"Norway","NOR",1975,4007313,74.8175609756098,1.98
"Norway","NOR",1976,4026152,75.039512195122,1.86
"Norway","NOR",1977,4043205,75.3868292682927,1.75
"Norway","NOR",1978,4058671,75.4185365853659,1.77
"Norway","NOR",1979,4072517,75.4139024390244,1.75
"Norway","NOR",1980,4085620,75.6717073170732,1.72
"Norway","NOR",1981,4099702,75.8690243902439,1.7
"Norway","NOR",1982,4114787,76.0109756097561,1.71
"Norway","NOR",1983,4128432,76.0668292682927,1.66
"Norway","NOR",1984,4140099,76.2243902439024,1.66
"Norway","NOR",1985,4152516,75.9168292682927,1.68
"Norway","NOR",1986,4167354,76.2412195121951,1.71
"Norway","NOR",1987,4186905,76.0817073170732,1.74
"Norway","NOR",1988,4209488,76.2204878048781,1.84
"Norway","NOR",1989,4226901,76.500487804878,1.89
"Norway","NOR",1990,4241473,76.5373170731707,1.93
"Norway","NOR",1991,4261732,76.9807317073171,1.92
"Norway","NOR",1992,4286401,77.1843902439025,1.88
"Norway","NOR",1993,4311991,77.1517073170732,1.86
"Norway","NOR",1994,4336613,77.689756097561,1.87
"Norway","NOR",1995,4359184,77.7365853658537,1.87
"Norway","NOR",1996,4381336,78.1504878048781,1.89
"Norway","NOR",1997,4405157,78.1426829268293,1.86
"Norway","NOR",1998,4431464,78.3292682926829,1.81
"Norway","NOR",1999,4461913,78.2829268292683,1.85
"Norway","NOR",2000,4490967,78.6341463414634,1.85
"Norway","NOR",2001,4513751,78.7853658536585,1.78
"Norway","NOR",2002,4538159,78.9878048780488,1.75
"Norway","NOR",2003,4564855,79.390243902439,1.8
"Norway","NOR",2004,4591910,79.8414634146342,1.83
"Norway","NOR",2005,4623291,80.0414634146342,1.84
"Norway","NOR",2006,4660677,80.3439024390244,1.9
"Norway","NOR",2007,4709153,80.3951219512195,1.9
"Norway","NOR",2008,4768212,80.5926829268293,1.96
"Norway","NOR",2009,4828726,80.7951219512195,1.98
"Norway","NOR",2010,4889252,80.9975609756098,1.95
"Norway","NOR",2011,4953088,81.2951219512195,1.88
"Norway","NOR",2012,5018573,81.4512195121951,1.85
"Norway","NOR",2013,5079623,81.7512195121951,1.78
"Norway","NOR",2014,5137232,82.1,1.75
"Norway","NOR",2015,5188607,82.3048780487805,1.72
"Norway","NOR",2016,5234519,82.4073170731707,1.71
"Norway","NOR",2017,5276968,82.609756097561,1.62
"Norway","NOR",2018,5311916,82.7585365853659,1.56
"Norway","NOR",2019,5347896,82.9585365853659,1.53
"Norway","NOR",2020,5379475,83.209756097561,1.48
"Norway","NOR",2021,5408320,83.1634146341463,1.55
"Norway","NOR",2022,5457127,82.509756097561,1.41
"Norway","NOR",2023,5519601,83.1121951219512,1.4
"OECD members","OED",1960,809580211,67.214675804737,3.29166295110634
"OECD members","OED",1961,820795966,67.6239161043531,3.29402698110936
"OECD members","OED",1962,832227425,67.634730644146,3.25798848327678
"OECD members","OED",1963,843650775,67.8322296440742,3.24049738179773
"OECD members","OED",1964,855135046,68.2408325847987,3.22414424921038
"OECD members","OED",1965,866300939,68.3636268247411,3.13394734453346
"OECD members","OED",1966,877030636,68.5822045163458,2.98158605876005
"OECD members","OED",1967,887553832,69.025105031354,2.99629359355646
"OECD members","OED",1968,897869478,68.8914030370739,2.91725068434988
"OECD members","OED",1969,908238681,69.0385118621778,2.87748595113742
"OECD members","OED",1970,918489195,69.3365985983267,2.84209798002931
"OECD members","OED",1971,930596384,69.6364527131522,2.77600904814107
"OECD members","OED",1972,941467841,69.9184179691612,2.63921208443236
"OECD members","OED",1973,952000973,70.0952045478606,2.55091136899146
"OECD members","OED",1974,962281658,70.4973625348169,2.49021013596252
"OECD members","OED",1975,972242932,70.8130519668422,2.39708301306012
"OECD members","OED",1976,981612322,71.1195410157041,2.33094581227784
"OECD members","OED",1977,990951247,71.5352131238266,2.29224918369634
"OECD members","OED",1978,1000355869,71.7226081084638,2.24327126183776
"OECD members","OED",1979,1009880602,72.0878760519218,2.23831295346555
"OECD members","OED",1980,1019332414,72.152259840394,2.21569108575995
"OECD members","OED",1981,1028615740,72.5185547374403,2.1654293820472
"OECD members","OED",1982,1037419356,72.868508853242,2.1463006685449
"OECD members","OED",1983,1046094679,73.0046213132604,2.10218258413935
"OECD members","OED",1984,1054395892,73.2977077375509,2.06685066946888
"OECD members","OED",1985,1062728299,73.3462328831744,2.05683203658878
"OECD members","OED",1986,1071222636,73.6956598540526,2.02983829885506
"OECD members","OED",1987,1079813087,73.9828600223715,2.01221010842114
"OECD members","OED",1988,1088587717,74.1284019607245,2.01439023876189
"OECD members","OED",1989,1097876374,74.3750880767806,2.00429799546611
"OECD members","OED",1990,1107695519,74.538567072286,2.01068908264717
"OECD members","OED",1991,1118410105,74.7215702802415,1.98660819799179
"OECD members","OED",1992,1129039882,74.9803149628922,1.96230165600952
"OECD members","OED",1993,1139203498,75.0829574190709,1.92788878896953
"OECD members","OED",1994,1148779736,75.3716055852652,1.90586739279464
"OECD members","OED",1995,1158068699,75.4722903820898,1.86678622675595
"OECD members","OED",1996,1167149370,75.8475207335284,1.85445902962881
"OECD members","OED",1997,1176191803,76.179185888832,1.84061039237384
"OECD members","OED",1998,1184928348,76.3849265675108,1.83385661284465
"OECD members","OED",1999,1193682861,76.4944403452378,1.82151158689551
"OECD members","OED",2000,1202226474,76.8195165967813,1.83459775158699
"OECD members","OED",2001,1211109104,77.1207466135963,1.80289177371102
"OECD members","OED",2002,1220101353,77.2833606924084,1.78192463550939
"OECD members","OED",2003,1229012217,77.4260355491099,1.78502980323359
"OECD members","OED",2004,1237896576,77.8261405899935,1.78984663868265
"OECD members","OED",2005,1246656490,77.9539871455081,1.78381673612008
"OECD members","OED",2006,1255746646,78.2501352258837,1.81362469163865
"OECD members","OED",2007,1264728255,78.4729454763553,1.82970853791825
"OECD members","OED",2008,1274711058,78.6146332445559,1.83387500814556
"OECD members","OED",2009,1283973216,78.8670589595977,1.80424351640786
"OECD members","OED",2010,1292701737,79.0473008520596,1.7911408975842
"OECD members","OED",2011,1299644689,79.2685938676768,1.76778605469718
"OECD members","OED",2012,1307733583,79.4298859829549,1.77018851627096
"OECD members","OED",2013,1315427979,79.6249276178205,1.74592119792157
"OECD members","OED",2014,1323459714,79.8766518985509,1.75280691193862
"OECD members","OED",2015,1331675197,79.761947694534,1.74071911641155
"OECD members","OED",2016,1340142055,79.8914226918913,1.72744452882059
"OECD members","OED",2017,1348127258,79.931058371801,1.69375695872475
"OECD members","OED",2018,1356470975,80.0281711116686,1.66586365002996
"OECD members","OED",2019,1364146219,80.2450659060679,1.63129333058851
"OECD members","OED",2020,1369310195,78.958005085165,1.58243469670758
"OECD members","OED",2021,1371785073,78.5885513303119,1.58722997136128
"OECD members","OED",2022,1378565677,79.5212545784247,1.54712421028136
"OECD members","OED",2023,1387897706,80.1614352591851,1.49140708441198
"Other small states","OSS",1960,5297024,57.3246011555205,4.43553319926391
"Other small states","OSS",1961,5374964,57.7577598444902,4.44231830252624
"Other small states","OSS",1962,5476102,58.1741626013736,4.41616769116931
"Other small states","OSS",1963,5578740,58.1155622199942,4.41312019150741
"Other small states","OSS",1964,5680872,58.6037919634521,4.37588020986634
"Other small states","OSS",1965,5779625,59.3300542658213,4.29245629927385
"Other small states","OSS",1966,5872358,59.5359347141302,4.26246217577661
"Other small states","OSS",1967,5959394,59.7749511158881,4.13496236671409
"Other small states","OSS",1968,6047701,59.9537700201021,4.13848464302128
"Other small states","OSS",1969,6141108,60.1471892722958,4.07673900918692
"Other small states","OSS",1970,6240826,60.5214761075053,4.04582781244828
"Other small states","OSS",1971,6348289,60.7453202074203,4.0179841246719
"Other small states","OSS",1972,6460753,60.9768371384053,3.98188798026398
"Other small states","OSS",1973,6573195,61.3380750180236,3.83047216403652
"Other small states","OSS",1974,6679456,59.8467563322778,3.85788799764731
"Other small states","OSS",1975,6790788,60.3488722806292,3.83089799283177
"Other small states","OSS",1976,6913443,60.6333722123236,3.84499769346951
"Other small states","OSS",1977,7044675,60.7796533206685,3.80577844531966
"Other small states","OSS",1978,7176063,60.748617166034,3.79541435028169
"Other small states","OSS",1979,7309677,61.0748824858755,3.8004249100833
"Other small states","OSS",1980,7444817,61.9013466490488,3.81850996493011
"Other small states","OSS",1981,7577614,62.156949190062,3.8163209455894
"Other small states","OSS",1982,7711694,62.5909352102746,3.82519148214846
"Other small states","OSS",1983,7843045,62.763713174576,3.82322447971302
"Other small states","OSS",1984,7975015,63.2256221043334,3.78721508534243
"Other small states","OSS",1985,8118973,63.4782035877973,3.74623187036365
"Other small states","OSS",1986,8271747,63.8199486245255,3.73884459605047
"Other small states","OSS",1987,8429468,64.2525039136168,3.74454820807941
"Other small states","OSS",1988,8592255,64.4049864822448,3.75290210269595
"Other small states","OSS",1989,8765561,65.130828157496,3.72478010436665
"Other small states","OSS",1990,8949306,65.0247123780379,3.69560131554265
"Other small states","OSS",1991,9131087,65.0261916750851,3.62255640517387
"Other small states","OSS",1992,9201490,64.9885654346304,3.58664201169041
"Other small states","OSS",1993,9249106,64.9694843018552,3.44912460438731
"Other small states","OSS",1994,9328189,64.7556285715005,3.37323117787559
"Other small states","OSS",1995,9389918,64.8449297144334,3.27655452975608
"Other small states","OSS",1996,9493131,65.1970463137825,3.21764719518544
"Other small states","OSS",1997,9618823,65.1946385702487,3.13161648579753
"Other small states","OSS",1998,9746302,65.02521574486,3.06378256198961
"Other small states","OSS",1999,9758520,65.1053065248799,2.99152108219451
"Other small states","OSS",2000,9788238,66.4385365444731,2.92483162722691
"Other small states","OSS",2001,9961679,66.6129499326785,2.86914988750943
"Other small states","OSS",2002,10136134,66.8105993387088,2.84792307313871
"Other small states","OSS",2003,10269557,67.0073081269231,2.81507532453356
"Other small states","OSS",2004,10371059,67.2249688020829,2.79320088978675
"Other small states","OSS",2005,10479844,67.5574840535073,2.75075169301355
"Other small states","OSS",2006,10601352,67.8310957913256,2.7102878305936
"Other small states","OSS",2007,10730365,68.1699901591827,2.68571770492518
"Other small states","OSS",2008,10862640,68.5798272966725,2.66460894391143
"Other small states","OSS",2009,10989567,69.0687004196222,2.62743564380249
"Other small states","OSS",2010,11112466,69.566524844548,2.57095295288463
"Other small states","OSS",2011,11226214,69.9373436903887,2.51572458697964
"Other small states","OSS",2012,11346082,70.3920318149408,2.47415250758784
"Other small states","OSS",2013,11466589,70.8040790092001,2.41214520398858
"Other small states","OSS",2014,11591200,71.0998162246591,2.37681894447154
"Other small states","OSS",2015,11722398,71.4795830574543,2.32407446918621
"Other small states","OSS",2016,11851918,71.7745690542754,2.29653293083321
"Other small states","OSS",2017,11989367,72.1237658150048,2.2491444099905
"Other small states","OSS",2018,12135267,72.4217850423792,2.20897466383732
"Other small states","OSS",2019,12281907,72.6570116424877,2.16819081899787
"Other small states","OSS",2020,12417333,72.5097097789427,2.14273949716796
"Other small states","OSS",2021,12541889,71.7699719301416,2.12507691475074
"Other small states","OSS",2022,12699005,72.9049248661262,2.06679748542533
"Other small states","OSS",2023,12822134,73.5594214776897,2.03877833272652
"Pacific island small states","PSS",1960,912120,54.9327690183309,6.73252609084681
"Pacific island small states","PSS",1961,938244,55.4739194346034,6.68692128878523
"Pacific island small states","PSS",1962,965430,56.0633400443326,6.6309512157966
"Pacific island small states","PSS",1963,993524,56.6347430751547,6.56011023452287
"Pacific island small states","PSS",1964,1022081,56.8174632470421,6.48655735163829
"Pacific island small states","PSS",1965,1051140,57.8822152586715,6.37294933436513
"Pacific island small states","PSS",1966,1079689,58.2811202716708,6.25356171815875
"Pacific island small states","PSS",1967,1105889,58.583216013542,6.13191629600786
"Pacific island small states","PSS",1968,1130851,59.0753240444586,6.0013774379391
"Pacific island small states","PSS",1969,1156327,59.2707784484839,5.88179501305971
"Pacific island small states","PSS",1970,1181537,59.7238453421264,5.75774198305635
"Pacific island small states","PSS",1971,1205879,60.0905410435044,5.62580491610765
"Pacific island small states","PSS",1972,1229695,60.33925414676,5.49075937567606
"Pacific island small states","PSS",1973,1253169,60.2171181628336,5.37386832349666
"Pacific island small states","PSS",1974,1277600,60.7610584071697,5.29230450344522
"Pacific island small states","PSS",1975,1303608,60.9573558684819,5.27330656860281
"Pacific island small states","PSS",1976,1331351,61.7153836020704,5.24568436561601
"Pacific island small states","PSS",1977,1360619,62.1451428313143,5.19841334686475
"Pacific island small states","PSS",1978,1390784,62.6361500980742,5.15568258118052
"Pacific island small states","PSS",1979,1422234,62.558034413465,5.10626892152422
"Pacific island small states","PSS",1980,1454476,62.7968232016204,5.04994891007165
"Pacific island small states","PSS",1981,1487561,62.9126548854131,4.99439421063257
"Pacific island small states","PSS",1982,1521261,63.0472054302319,4.93990849745445
"Pacific island small states","PSS",1983,1555284,63.5345023789867,4.87836243059184
"Pacific island small states","PSS",1984,1590058,63.8161524409801,4.80830063966044
"Pacific island small states","PSS",1985,1625654,64.2798024591949,4.70694958024276
"Pacific island small states","PSS",1986,1660533,64.2700212799143,4.607044442129
"Pacific island small states","PSS",1987,1692234,64.6139925518575,4.53354416250919
"Pacific island small states","PSS",1988,1721206,65.1117846695863,4.46780919248984
"Pacific island small states","PSS",1989,1748900,65.4218695734462,4.40934287958665
"Pacific island small states","PSS",1990,1775607,65.4079695743484,4.36207209943173
"Pacific island small states","PSS",1991,1801531,65.712646615018,4.31127844965516
"Pacific island small states","PSS",1992,1827395,65.8184307733139,4.25954187033857
"Pacific island small states","PSS",1993,1853148,65.9809205557246,4.21340625097476
"Pacific island small states","PSS",1994,1878007,66.2175038703264,4.16950131434112
"Pacific island small states","PSS",1995,1901782,66.3962764207464,4.13821481391389
"Pacific island small states","PSS",1996,1926342,66.5580295814554,4.09927768167576
"Pacific island small states","PSS",1997,1954642,66.6807208082094,4.02698846443694
"Pacific island small states","PSS",1998,1984859,66.8765066591632,3.95406182461895
"Pacific island small states","PSS",1999,2014289,66.999001761912,3.88111353640641
"Pacific island small states","PSS",2000,2042274,66.8914832838297,3.81671595073823
"Pacific island small states","PSS",2001,2069097,67.0167243338519,3.77032425634367
"Pacific island small states","PSS",2002,2095273,66.7584824574172,3.72782313604195
"Pacific island small states","PSS",2003,2120592,66.9599297545214,3.68834695321623
"Pacific island small states","PSS",2004,2145505,67.1038169577792,3.65298369000911
"Pacific island small states","PSS",2005,2170029,67.2332794133166,3.620763176744
"Pacific island small states","PSS",2006,2194265,67.3577049121232,3.60508810121026
"Pacific island small states","PSS",2007,2218230,67.3668379536838,3.58890472455203
"Pacific island small states","PSS",2008,2240739,67.5747311016589,3.56930676629901
"Pacific island small states","PSS",2009,2262456,67.4527929020498,3.54391950880304
"Pacific island small states","PSS",2010,2289399,67.9059171883101,3.51570587097517
"Pacific island small states","PSS",2011,2320899,68.0222810195532,3.48820562877606
"Pacific island small states","PSS",2012,2351924,67.6660532253593,3.47172473933368
"Pacific island small states","PSS",2013,2382931,68.0054625635405,3.45654427789758
"Pacific island small states","PSS",2014,2414338,68.0376132124002,3.44819359331922
"Pacific island small states","PSS",2015,2445989,68.1166096033138,3.41085700200253
"Pacific island small states","PSS",2016,2477794,68.2856508563666,3.35982740867531
"Pacific island small states","PSS",2017,2509999,68.5192875005129,3.29401840298443
"Pacific island small states","PSS",2018,2542009,68.5825887890247,3.2372619244172
"Pacific island small states","PSS",2019,2568656,68.6421578303985,3.17968996269514
"Pacific island small states","PSS",2020,2595522,68.3568108792759,3.1447759920452
"Pacific island small states","PSS",2021,2625493,67.4810209240703,3.10974098279504
"Pacific island small states","PSS",2022,2656049,69.1004348993561,3.06729870639623
"Pacific island small states","PSS",2023,2689224,69.2745949035856,3.02800394339178
"Pakistan","PAK",1960,45709310,44.101,6.8
"Pakistan","PAK",1961,46921277,44.956,6.8
"Pakistan","PAK",1962,48156128,45.85,6.8
"Pakistan","PAK",1963,49447776,46.761,6.8
"Pakistan","PAK",1964,50799999,47.831,6.8
"Pakistan","PAK",1965,52209010,48.495,6.8
"Pakistan","PAK",1966,53678667,49.797,6.8
"Pakistan","PAK",1967,55214768,50.763,6.8
"Pakistan","PAK",1968,56810507,51.624,6.8
"Pakistan","PAK",1969,58460939,52.316,6.8
"Pakistan","PAK",1970,60166719,52.943,6.801
"Pakistan","PAK",1971,61847899,49.002,6.802
"Pakistan","PAK",1972,63583194,53.824,6.805
"Pakistan","PAK",1973,65461912,54.09,6.808
"Pakistan","PAK",1974,67415487,54.266,6.811
"Pakistan","PAK",1975,69461175,54.722,6.812
"Pakistan","PAK",1976,71620254,55.069,6.808
"Pakistan","PAK",1977,73901827,55.482,6.799
"Pakistan","PAK",1978,76307379,56.072,6.783
"Pakistan","PAK",1979,78997039,56.614,6.761
"Pakistan","PAK",1980,82291010,57.199,6.734
"Pakistan","PAK",1981,85802049,57.764,6.704
"Pakistan","PAK",1982,89089246,58.291,6.674
"Pakistan","PAK",1983,92227711,58.663,6.644
"Pakistan","PAK",1984,95164936,58.921,6.615
"Pakistan","PAK",1985,98229285,59.075,6.585
"Pakistan","PAK",1986,101606764,59.167,6.554
"Pakistan","PAK",1987,105130717,59.222,6.518
"Pakistan","PAK",1988,108724739,59.36,6.476
"Pakistan","PAK",1989,112336629,59.528,6.425
"Pakistan","PAK",1990,116155576,59.728,6.364
"Pakistan","PAK",1991,120060406,59.864,6.291
"Pakistan","PAK",1992,123546848,59.983,6.207
"Pakistan","PAK",1993,127020117,60.083,6.112
"Pakistan","PAK",1994,130748083,60.197,6.008
"Pakistan","PAK",1995,134582253,60.273,5.894
"Pakistan","PAK",1996,138557092,60.466,5.771
"Pakistan","PAK",1997,142531804,60.623,5.642
"Pakistan","PAK",1998,146522356,61.134,5.507
"Pakistan","PAK",1999,150565377,61.54,5.462
"Pakistan","PAK",2000,154879127,61.903,5.352
"Pakistan","PAK",2001,159270907,62.241,5.182
"Pakistan","PAK",2002,163222549,62.556,5.012
"Pakistan","PAK",2003,167110248,62.834,4.894
"Pakistan","PAK",2004,171286000,63.097,4.685
"Pakistan","PAK",2005,175453212,62.416,4.595
"Pakistan","PAK",2006,179682690,63.624,4.589
"Pakistan","PAK",2007,184493231,63.807,4.554
"Pakistan","PAK",2008,189499113,64.002,4.515
"Pakistan","PAK",2009,194376534,64.206,4.465
"Pakistan","PAK",2010,199239047,64.378,4.398
"Pakistan","PAK",2011,203746065,64.659,4.305
"Pakistan","PAK",2012,207667125,64.883,4.204
"Pakistan","PAK",2013,211073978,65.129,4.125
"Pakistan","PAK",2014,214264647,65.374,4.055
"Pakistan","PAK",2015,217290883,65.641,3.988
"Pakistan","PAK",2016,220138869,65.943,3.902
"Pakistan","PAK",2017,223273967,66.223,3.9
"Pakistan","PAK",2018,226928892,66.481,3.855
"Pakistan","PAK",2019,230800899,66.729,3.81
"Pakistan","PAK",2020,235001746,65.701,3.765
"Pakistan","PAK",2021,239477801,65.773,3.72
"Pakistan","PAK",2022,243700667,67.417,3.662
"Pakistan","PAK",2023,247504495,67.649,3.605
"Panama","PAN",1960,1126005,60.278,5.829
"Panama","PAN",1961,1159870,60.914,5.865
"Panama","PAN",1962,1195301,61.428,5.872
"Panama","PAN",1963,1232124,61.814,5.865
"Panama","PAN",1964,1270065,62.101,5.808
"Panama","PAN",1965,1308835,62.337,5.728
"Panama","PAN",1966,1348388,62.629,5.649
"Panama","PAN",1967,1388628,62.887,5.534
"Panama","PAN",1968,1429447,63.242,5.411
"Panama","PAN",1969,1470886,63.66,5.287
"Panama","PAN",1970,1513070,64.068,5.175
"Panama","PAN",1971,1556081,64.666,5.054
"Panama","PAN",1972,1599723,65.183,4.908
"Panama","PAN",1973,1643690,65.783,4.741
"Panama","PAN",1974,1687926,66.552,4.576
"Panama","PAN",1975,1732389,67.243,4.414
"Panama","PAN",1976,1776935,67.794,4.264
"Panama","PAN",1977,1821543,68.252,4.118
"Panama","PAN",1978,1866311,68.687,3.984
"Panama","PAN",1979,1911552,69.09,3.884
"Panama","PAN",1980,1957534,69.451,3.796
"Panama","PAN",1981,2004418,69.79,3.723
"Panama","PAN",1982,2052271,69.9,3.659
"Panama","PAN",1983,2101106,70.133,3.601
"Panama","PAN",1984,2150782,70.403,3.519
"Panama","PAN",1985,2200915,70.544,3.427
"Panama","PAN",1986,2251325,70.669,3.339
"Panama","PAN",1987,2301970,70.811,3.251
"Panama","PAN",1988,2352848,70.945,3.173
"Panama","PAN",1989,2403820,70.137,3.121
"Panama","PAN",1990,2455583,71.266,3.072
"Panama","PAN",1991,2508265,71.331,2.999
"Panama","PAN",1992,2561336,71.461,2.95
"Panama","PAN",1993,2615099,71.805,2.909
"Panama","PAN",1994,2669546,71.943,2.877
"Panama","PAN",1995,2724557,71.994,2.852
"Panama","PAN",1996,2780227,72.199,2.83
"Panama","PAN",1997,2836695,72.541,2.81
"Panama","PAN",1998,2893914,72.785,2.789
"Panama","PAN",1999,2951822,73.124,2.767
"Panama","PAN",2000,3010369,73.443,2.744
"Panama","PAN",2001,3069537,73.82,2.72
"Panama","PAN",2002,3129344,74.195,2.698
"Panama","PAN",2003,3189807,74.567,2.679
"Panama","PAN",2004,3251155,74.845,2.68
"Panama","PAN",2005,3313026,75.16,2.643
"Panama","PAN",2006,3375024,75.429,2.62
"Panama","PAN",2007,3437490,75.675,2.612
"Panama","PAN",2008,3500648,75.937,2.608
"Panama","PAN",2009,3564381,76.228,2.593
"Panama","PAN",2010,3628535,76.417,2.587
"Panama","PAN",2011,3693505,76.659,2.604
"Panama","PAN",2012,3759256,76.877,2.591
"Panama","PAN",2013,3825329,77.129,2.569
"Panama","PAN",2014,3892101,77.365,2.552
"Panama","PAN",2015,3960035,77.583,2.53
"Panama","PAN",2016,4029086,77.772,2.502
"Panama","PAN",2017,4098707,77.901,2.462
"Panama","PAN",2018,4167860,78.266,2.402
"Panama","PAN",2019,4234700,78.514,2.288
"Panama","PAN",2020,4293261,76.33,2.184
"Panama","PAN",2021,4345405,77.004,2.152
"Panama","PAN",2022,4400773,79.324,2.139
"Panama","PAN",2023,4458759,79.594,2.119
"Papua New Guinea","PNG",1960,1995110,45.805,6.018
"Papua New Guinea","PNG",1961,2046127,46.425,6.074
"Papua New Guinea","PNG",1962,2093919,46.706,6.135
"Papua New Guinea","PNG",1963,2141376,47.674,6.153
"Papua New Guinea","PNG",1964,2188325,48.295,6.191
"Papua New Guinea","PNG",1965,2235820,48.927,6.203
"Papua New Guinea","PNG",1966,2285774,49.566,6.232
"Papua New Guinea","PNG",1967,2337532,50.247,6.242
"Papua New Guinea","PNG",1968,2390803,50.884,6.252
"Papua New Guinea","PNG",1969,2446927,51.523,6.258
"Papua New Guinea","PNG",1970,2505628,52.144,6.25
"Papua New Guinea","PNG",1971,2566421,52.593,6.229
"Papua New Guinea","PNG",1972,2628432,53.25,6.197
"Papua New Guinea","PNG",1973,2690629,53.853,6.16
"Papua New Guinea","PNG",1974,2752671,54.441,6.114
"Papua New Guinea","PNG",1975,2814820,54.984,6.065
"Papua New Guinea","PNG",1976,2877327,55.53,6.018
"Papua New Guinea","PNG",1977,2940327,56.05,5.957
"Papua New Guinea","PNG",1978,3003714,56.523,5.879
"Papua New Guinea","PNG",1979,3067341,56.967,5.785
"Papua New Guinea","PNG",1980,3131512,57.391,5.705
"Papua New Guinea","PNG",1981,3197019,57.76,5.645
"Papua New Guinea","PNG",1982,3264291,58.075,5.587
"Papua New Guinea","PNG",1983,3333633,58.294,5.563
"Papua New Guinea","PNG",1984,3405198,58.583,5.514
"Papua New Guinea","PNG",1985,3478936,58.804,5.47
"Papua New Guinea","PNG",1986,3554793,59.017,5.415
"Papua New Guinea","PNG",1987,3632543,59.232,5.359
"Papua New Guinea","PNG",1988,3711880,59.381,5.302
"Papua New Guinea","PNG",1989,3796078,59.598,5.243
"Papua New Guinea","PNG",1990,3896481,59.778,5.18
"Papua New Guinea","PNG",1991,4021837,59.94,5.109
"Papua New Guinea","PNG",1992,4166699,60.26,5.033
"Papua New Guinea","PNG",1993,4320872,60.466,4.962
"Papua New Guinea","PNG",1994,4480208,60.726,4.87
"Papua New Guinea","PNG",1995,4644278,60.929,4.78
"Papua New Guinea","PNG",1996,4813361,61.071,4.728
"Papua New Guinea","PNG",1997,4987883,61.27,4.679
"Papua New Guinea","PNG",1998,5166390,60.435,4.632
"Papua New Guinea","PNG",1999,5349333,61.505,4.587
"Papua New Guinea","PNG",2000,5537064,61.609,4.525
"Papua New Guinea","PNG",2001,5728435,61.647,4.469
"Papua New Guinea","PNG",2002,5924003,61.643,4.419
"Papua New Guinea","PNG",2003,6123997,61.741,4.362
"Papua New Guinea","PNG",2004,6328041,61.795,4.283
"Papua New Guinea","PNG",2005,6535905,61.868,4.22
"Papua New Guinea","PNG",2006,6747720,62.018,4.148
"Papua New Guinea","PNG",2007,6963345,62.211,4.076
"Papua New Guinea","PNG",2008,7183002,62.511,4.015
"Papua New Guinea","PNG",2009,7406438,62.772,3.941
"Papua New Guinea","PNG",2010,7633523,63.056,3.883
"Papua New Guinea","PNG",2011,7859346,63.382,3.816
"Papua New Guinea","PNG",2012,8081390,63.639,3.746
"Papua New Guinea","PNG",2013,8302698,63.927,3.684
"Papua New Guinea","PNG",2014,8523441,64.198,3.625
"Papua New Guinea","PNG",2015,8743246,64.473,3.558
"Papua New Guinea","PNG",2016,8961718,64.7,3.495
"Papua New Guinea","PNG",2017,9178714,64.923,3.432
"Papua New Guinea","PNG",2018,9394513,65.114,3.382
"Papua New Guinea","PNG",2019,9609010,65.331,3.322
"Papua New Guinea","PNG",2020,9815746,65.075,3.274
"Papua New Guinea","PNG",2021,10012896,64.358,3.215
"Papua New Guinea","PNG",2022,10203169,65.274,3.165
"Papua New Guinea","PNG",2023,10389635,66.134,3.099
"Paraguay","PRY",1960,1883514,60.197,6.5
"Paraguay","PRY",1961,1927394,60.517,6.489
"Paraguay","PRY",1962,1973130,60.816,6.472
"Paraguay","PRY",1963,2021909,61.101,6.447
"Paraguay","PRY",1964,2073119,61.368,6.421
"Paraguay","PRY",1965,2125177,61.606,6.345
"Paraguay","PRY",1966,2177584,61.832,6.231
"Paraguay","PRY",1967,2229994,62.025,6.097
"Paraguay","PRY",1968,2282391,62.208,5.972
"Paraguay","PRY",1969,2334992,62.385,5.837
"Paraguay","PRY",1970,2388028,62.554,5.718
"Paraguay","PRY",1971,2442537,62.726,5.591
"Paraguay","PRY",1972,2499881,62.89,5.458
"Paraguay","PRY",1973,2561102,63.059,5.351
"Paraguay","PRY",1974,2625621,63.231,5.272
"Paraguay","PRY",1975,2691648,63.435,5.177
"Paraguay","PRY",1976,2758836,63.654,5.117
"Paraguay","PRY",1977,2827874,63.86,5.078
"Paraguay","PRY",1978,2899269,64.078,5.036
"Paraguay","PRY",1979,2973968,64.298,5.062
"Paraguay","PRY",1980,3053235,64.553,5.102
"Paraguay","PRY",1981,3137604,64.811,5.153
"Paraguay","PRY",1982,3226189,65.076,5.126
"Paraguay","PRY",1983,3318068,65.293,5.087
"Paraguay","PRY",1984,3412936,65.609,5.037
"Paraguay","PRY",1985,3510671,65.893,4.974
"Paraguay","PRY",1986,3611474,66.172,4.929
"Paraguay","PRY",1987,3714889,66.454,4.847
"Paraguay","PRY",1988,3820546,66.71,4.774
"Paraguay","PRY",1989,3927802,66.922,4.681
"Paraguay","PRY",1990,4035747,67.341,4.565
"Paraguay","PRY",1991,4144364,67.676,4.481
"Paraguay","PRY",1992,4253600,67.961,4.402
"Paraguay","PRY",1993,4362696,68.234,4.282
"Paraguay","PRY",1994,4471417,68.504,4.196
"Paraguay","PRY",1995,4579806,68.778,4.108
"Paraguay","PRY",1996,4687543,69.05,4.014
"Paraguay","PRY",1997,4794412,69.284,3.911
"Paraguay","PRY",1998,4900025,69.507,3.798
"Paraguay","PRY",1999,5003135,69.774,3.67
"Paraguay","PRY",2000,5100868,70.026,3.508
"Paraguay","PRY",2001,5187689,70.281,3.361
"Paraguay","PRY",2002,5261328,70.539,3.233
"Paraguay","PRY",2003,5326436,70.795,3.123
"Paraguay","PRY",2004,5388175,71.054,3.053
"Paraguay","PRY",2005,5448097,71.317,2.973
"Paraguay","PRY",2006,5505148,71.584,2.889
"Paraguay","PRY",2007,5559386,71.817,2.823
"Paraguay","PRY",2008,5613574,72.047,2.792
"Paraguay","PRY",2009,5671236,72.282,2.757
"Paraguay","PRY",2010,5737971,72.551,2.695
"Paraguay","PRY",2011,5814626,72.787,2.667
"Paraguay","PRY",2012,5897008,73.105,2.658
"Paraguay","PRY",2013,5982445,73.292,2.636
"Paraguay","PRY",2014,6069811,73.415,2.646
"Paraguay","PRY",2015,6159103,73.454,2.645
"Paraguay","PRY",2016,6249126,73.487,2.624
"Paraguay","PRY",2017,6338660,73.45,2.591
"Paraguay","PRY",2018,6427382,73.627,2.561
"Paraguay","PRY",2019,6515058,73.668,2.525
"Paraguay","PRY",2020,6603739,72.72,2.497
"Paraguay","PRY",2021,6684182,68.108,2.469
"Paraguay","PRY",2022,6760464,72.319,2.444
"Paraguay","PRY",2023,6844146,73.844,2.422
"Peru","PER",1960,10174127,50.597,6.941
"Peru","PER",1961,10475123,51.192,6.923
"Peru","PER",1962,10784612,51.532,6.895
"Peru","PER",1963,11102099,52.597,6.858
"Peru","PER",1964,11427978,53.302,6.81
"Peru","PER",1965,11761085,53.871,6.75
"Peru","PER",1966,12101297,54.4,6.68
"Peru","PER",1967,12448814,54.893,6.6
"Peru","PER",1968,12803993,55.384,6.513
"Peru","PER",1969,13166767,55.816,6.418
"Peru","PER",1970,13501237,47.728,6.316
"Peru","PER",1971,13838067,56.493,6.207
"Peru","PER",1972,14210147,56.989,6.091
"Peru","PER",1973,14582867,57.333,5.968
"Peru","PER",1974,14956552,57.769,5.841
"Peru","PER",1975,15333957,58.205,5.709
"Peru","PER",1976,15716809,58.57,5.575
"Peru","PER",1977,16109806,58.895,5.44
"Peru","PER",1978,16516059,59.261,5.305
"Peru","PER",1979,16933139,59.624,5.171
"Peru","PER",1980,17360949,59.982,5.041
"Peru","PER",1981,17798805,60.325,4.915
"Peru","PER",1982,18246503,60.559,4.795
"Peru","PER",1983,18705957,60.764,4.68
"Peru","PER",1984,19174716,61.066,4.568
"Peru","PER",1985,19648204,61.71,4.46
"Peru","PER",1986,20117122,62.154,4.354
"Peru","PER",1987,20582320,62.544,4.247
"Peru","PER",1988,21054702,62.995,4.138
"Peru","PER",1989,21532589,63.405,4.026
"Peru","PER",1990,22014771,63.979,3.912
"Peru","PER",1991,22483775,64.248,3.794
"Peru","PER",1992,22946340,65.031,3.673
"Peru","PER",1993,23413783,65.732,3.552
"Peru","PER",1994,23881493,66.544,3.432
"Peru","PER",1995,24348919,67.22,3.315
"Peru","PER",1996,24811171,67.85,3.203
"Peru","PER",1997,25274147,68.324,3.099
"Peru","PER",1998,25738095,68.724,3.002
"Peru","PER",1999,26186504,69.302,2.917
"Peru","PER",2000,26598331,69.821,2.845
"Peru","PER",2001,26964601,70.315,2.744
"Peru","PER",2002,27288217,70.815,2.693
"Peru","PER",2003,27580490,71.278,2.661
"Peru","PER",2004,27852190,71.447,2.673
"Peru","PER",2005,28101180,71.988,2.643
"Peru","PER",2006,28324491,72.337,2.619
"Peru","PER",2007,28530699,72.746,2.583
"Peru","PER",2008,28719041,72.743,2.528
"Peru","PER",2009,28896811,72.631,2.48
"Peru","PER",2010,29086019,72.886,2.421
"Peru","PER",2011,29304086,73.327,2.413
"Peru","PER",2012,29550366,73.979,2.356
"Peru","PER",2013,29817919,74.591,2.317
"Peru","PER",2014,30115826,75.26,2.271
"Peru","PER",2015,30457600,75.732,2.229
"Peru","PER",2016,30866494,75.951,2.189
"Peru","PER",2017,31324637,75.958,2.152
"Peru","PER",2018,31897584,76.018,2.118
"Peru","PER",2019,32449303,76.275,2.086
"Peru","PER",2020,32838579,73.832,2.056
"Peru","PER",2021,33155882,71.596,2.029
"Peru","PER",2022,33475438,76.834,2.004
"Peru","PER",2023,33845617,77.74,1.98
"Philippines","PHL",1960,27891897,59.175,6.996
"Philippines","PHL",1961,28792621,59.469,6.994
"Philippines","PHL",1962,29723536,59.755,6.98
"Philippines","PHL",1963,30674731,60.018,6.952
"Philippines","PHL",1964,31643032,60.13,6.886
"Philippines","PHL",1965,32625316,60.41,6.799
"Philippines","PHL",1966,33617170,60.623,6.691
"Philippines","PHL",1967,34621320,60.804,6.572
"Philippines","PHL",1968,35638342,60.917,6.448
"Philippines","PHL",1969,36660799,60.981,6.333
"Philippines","PHL",1970,37622204,60.827,6.218
"Philippines","PHL",1971,38518659,61.065,6.083
"Philippines","PHL",1972,39408560,60.911,5.937
"Philippines","PHL",1973,40294130,60.741,5.787
"Philippines","PHL",1974,41174341,60.816,5.693
"Philippines","PHL",1975,42120826,60.904,5.596
"Philippines","PHL",1976,43201488,60.869,5.505
"Philippines","PHL",1977,44367962,61.431,5.442
"Philippines","PHL",1978,45575281,61.531,5.393
"Philippines","PHL",1979,46807103,61.727,5.255
"Philippines","PHL",1980,48043740,61.884,5.108
"Philippines","PHL",1981,49311727,61.942,4.973
"Philippines","PHL",1982,50695707,62.175,4.917
"Philippines","PHL",1983,52194620,62.349,4.867
"Philippines","PHL",1984,53726181,62.426,4.77
"Philippines","PHL",1985,55213006,62.735,4.664
"Philippines","PHL",1986,56645077,62.875,4.563
"Philippines","PHL",1987,58157496,63.299,4.509
"Philippines","PHL",1988,59739052,63.711,4.449
"Philippines","PHL",1989,61265260,64.105,4.365
"Philippines","PHL",1990,62854666,64.382,4.322
"Philippines","PHL",1991,64382249,64.622,4.273
"Philippines","PHL",1992,65926125,65.353,4.161
"Philippines","PHL",1993,67530621,65.661,4.098
"Philippines","PHL",1994,69019291,66,4.079
"Philippines","PHL",1995,70546246,66.311,4.067
"Philippines","PHL",1996,72190242,66.691,4.004
"Philippines","PHL",1997,73908810,66.994,3.943
"Philippines","PHL",1998,75791024,67.212,3.884
"Philippines","PHL",1999,77753257,67.503,3.825
"Philippines","PHL",2000,79625397,67.789,3.754
"Philippines","PHL",2001,81401488,67.829,3.719
"Philippines","PHL",2002,83068889,67.886,3.651
"Philippines","PHL",2003,84731835,68.049,3.591
"Philippines","PHL",2004,86394504,68.301,3.524
"Philippines","PHL",2005,88015962,68.423,3.448
"Philippines","PHL",2006,89508986,68.172,3.466
"Philippines","PHL",2007,91075184,68.549,3.403
"Philippines","PHL",2008,92699095,68.643,3.401
"Philippines","PHL",2009,94384250,68.631,3.376
"Philippines","PHL",2010,96337125,68.883,3.315
"Philippines","PHL",2011,98248614,69.096,3.236
"Philippines","PHL",2012,100175512,69.237,3.143
"Philippines","PHL",2013,102076336,69.283,3.042
"Philippines","PHL",2014,103767130,69.311,2.894
"Philippines","PHL",2015,105312992,69.45,2.829
"Philippines","PHL",2016,106735719,69.49,2.679
"Philippines","PHL",2017,108119693,69.966,2.525
"Philippines","PHL",2018,109465287,69.761,2.378
"Philippines","PHL",2019,110804683,69.68,2.215
"Philippines","PHL",2020,112081264,70.097,2.075
"Philippines","PHL",2021,113100950,66.675,1.95
"Philippines","PHL",2022,113964338,69.472,1.929
"Philippines","PHL",2023,114891199,69.833,1.916
"Poland","POL",1960,29637450,67.6804878048781,2.98
"Poland","POL",1961,29964000,67.7780487804878,2.83
"Poland","POL",1962,30308500,67.4268292682927,2.72
"Poland","POL",1963,30712000,68.3756097560976,2.7
"Poland","POL",1964,31139450,68.6292682926829,2.57
"Poland","POL",1965,31444950,69.4292682926829,2.52
"Poland","POL",1966,31681000,69.8268292682927,2.34
"Poland","POL",1967,31987155,69.4243902439024,2.33
"Poland","POL",1968,32294655,70.219512195122,2.24
"Poland","POL",1969,32548300,69.719512195122,2.2
"Poland","POL",1970,32664300,69.8682926829268,2.2
"Poland","POL",1971,32783500,69.6121951219512,2.25
"Poland","POL",1972,33055650,70.6658536585366,2.24
"Poland","POL",1973,33357200,70.6634146341463,2.26
"Poland","POL",1974,33678899,71.1170731707317,2.26
"Poland","POL",1975,34015199,70.5609756097561,2.27
"Poland","POL",1976,34356300,70.6560975609756,2.3
"Poland","POL",1977,34689050,70.4024390243902,2.23
"Poland","POL",1978,34965600,70.3512195121951,2.21
"Poland","POL",1979,35247217,70.7512195121951,2.28
"Poland","POL",1980,35574150,70.0975609756098,2.28
"Poland","POL",1981,35898587,71.0512195121951,2.24
"Poland","POL",1982,36230481,71.1024390243903,2.34
"Poland","POL",1983,36571808,71,2.42
"Poland","POL",1984,36904134,70.8,2.37
"Poland","POL",1985,37201885,70.5487804878049,2.33
"Poland","POL",1986,37456119,70.8487804878049,2.22
"Poland","POL",1987,37668045,70.8975609756098,2.15
"Poland","POL",1988,37824487,71.3317073170732,2.13
"Poland","POL",1989,37961529,71.0439024390244,2.08
"Poland","POL",1990,38110782,70.890243902439,2.06
"Poland","POL",1991,38246193,70.5878048780488,2.07
"Poland","POL",1992,38363667,71.090243902439,1.95
"Poland","POL",1993,38461408,71.5951219512195,1.87
"Poland","POL",1994,38542652,71.6951219512195,1.81
"Poland","POL",1995,38594998,71.8926829268293,1.62
"Poland","POL",1996,38624370,72.2463414634146,1.59
"Poland","POL",1997,38649660,72.6463414634146,1.51
"Poland","POL",1998,38663481,72.9975609756098,1.44
"Poland","POL",1999,38660271,73.0439024390244,1.37
"Poland","POL",2000,38258629,73.7487804878049,1.37
"Poland","POL",2001,38248076,74.2,1.31
"Poland","POL",2002,38230364,74.4975609756098,1.25
"Poland","POL",2003,38204570,74.5975609756098,1.22
"Poland","POL",2004,38182222,74.8463414634146,1.23
"Poland","POL",2005,38165445,74.9951219512195,1.24
"Poland","POL",2006,38141267,75.1439024390244,1.27
"Poland","POL",2007,38120560,75.2439024390244,1.31
"Poland","POL",2008,38125759,75.5439024390244,1.39
"Poland","POL",2009,38151603,75.6951219512195,1.4
"Poland","POL",2010,38042794,76.2463414634146,1.41
"Poland","POL",2011,38063255,76.6951219512195,1.33
"Poland","POL",2012,38063164,76.7463414634146,1.33
"Poland","POL",2013,38040196,77,1.29
"Poland","POL",2014,38011735,77.6024390243903,1.32
"Poland","POL",2015,37986412,77.4512195121951,1.32
"Poland","POL",2016,37970087,77.8512195121951,1.39
"Poland","POL",2017,37974826,77.7536585365854,1.48
"Poland","POL",2018,37974750,77.6024390243903,1.46
"Poland","POL",2019,37965475,77.9048780487805,1.44
"Poland","POL",2020,37515748,76.4,1.39
"Poland","POL",2021,36981559,75.3512195121951,1.33
"Poland","POL",2022,36821749,77.1560975609756,1.29
"Poland","POL",2023,36687353,78.5073170731707,1.158
"Portugal","PRT",1960,8857716,64.0074634146342,3.16
"Portugal","PRT",1961,8929316,62.666512195122,3.21
"Portugal","PRT",1962,8993985,64.1810243902439,3.23
"Portugal","PRT",1963,9030355,64.7883902439024,3.12
"Portugal","PRT",1964,9035365,64.9833902439024,3.21
"Portugal","PRT",1965,8998595,65.9604634146341,3.15
"Portugal","PRT",1966,8930990,65.4876585365854,3.16
"Portugal","PRT",1967,8874520,66.3340731707317,3.16
"Portugal","PRT",1968,8836650,66.6781951219512,3.12
"Portugal","PRT",1969,8757705,66.2781707317073,3.12
"Portugal","PRT",1970,8680431,67.0731707317073,3.01
"Portugal","PRT",1971,8643756,66.7707317073171,3
"Portugal","PRT",1972,8630430,68.3243902439024,2.86
"Portugal","PRT",1973,8633100,67.5243902439024,2.77
"Portugal","PRT",1974,8754365,68.019512195122,2.7
"Portugal","PRT",1975,9093470,68.309756097561,2.75
"Portugal","PRT",1976,9355810,68.8609756097561,2.82
"Portugal","PRT",1977,9455675,70.0121951219512,2.69
"Portugal","PRT",1978,9558250,70.3170731707317,2.45
"Portugal","PRT",1979,9661265,71.1682926829268,2.31
"Portugal","PRT",1980,9766312,71.2146341463415,2.25
"Portugal","PRT",1981,9851362,71.6146341463415,2.13
"Portugal","PRT",1982,9911771,72.4146341463415,2.07
"Portugal","PRT",1983,9957865,72.2658536585366,1.95
"Portugal","PRT",1984,9996232,72.5146341463415,1.9
"Portugal","PRT",1985,10023613,72.8146341463415,1.72
"Portugal","PRT",1986,10032734,73.2658536585366,1.66
"Portugal","PRT",1987,10030031,73.6658536585366,1.62
"Portugal","PRT",1988,10019610,73.7146341463415,1.61
"Portugal","PRT",1989,10005000,74.2658536585366,1.57
"Portugal","PRT",1990,9983218,73.9658536585366,1.56
"Portugal","PRT",1991,9960235,74.0146341463415,1.56
"Portugal","PRT",1992,9952494,74.3121951219512,1.54
"Portugal","PRT",1993,9964675,74.5121951219512,1.52
"Portugal","PRT",1994,9991525,74.9146341463415,1.45
"Portugal","PRT",1995,10026176,75.3121951219512,1.41
"Portugal","PRT",1996,10063945,75.2609756097561,1.44
"Portugal","PRT",1997,10108977,75.4121951219512,1.47
"Portugal","PRT",1998,10160196,75.7121951219512,1.47
"Portugal","PRT",1999,10217828,75.9634146341463,1.5
"Portugal","PRT",2000,10289898,76.3146341463415,1.55
"Portugal","PRT",2001,10362722,76.8146341463415,1.45
"Portugal","PRT",2002,10419631,77.0658536585366,1.46
"Portugal","PRT",2003,10458821,77.219512195122,1.44
"Portugal","PRT",2004,10483861,77.6707317073171,1.4
"Portugal","PRT",2005,10503330,78.0707317073171,1.41
"Portugal","PRT",2006,10522288,78.419512195122,1.37
"Portugal","PRT",2007,10542964,78.3219512195122,1.35
"Portugal","PRT",2008,10558177,78.5243902439025,1.39
"Portugal","PRT",2009,10568247,78.7268292682927,1.34
"Portugal","PRT",2010,10573100,79.0268292682927,1.39
"Portugal","PRT",2011,10557560,80.4707317073171,1.35
"Portugal","PRT",2012,10514844,80.3731707317073,1.28
"Portugal","PRT",2013,10457295,80.7219512195122,1.21
"Portugal","PRT",2014,10401062,81.1219512195122,1.24
"Portugal","PRT",2015,10358076,81.1243902439025,1.31
"Portugal","PRT",2016,10325452,81.1243902439025,1.37
"Portugal","PRT",2017,10300300,81.4243902439025,1.38
"Portugal","PRT",2018,10283822,81.3243902439024,1.42
"Portugal","PRT",2019,10286263,81.6756097560976,1.44
"Portugal","PRT",2020,10297081,81.3292682926829,1.42
"Portugal","PRT",2021,10361831,81.3780487804878,1.35
"Portugal","PRT",2022,10434332,81.6317073170732,1.43
"Portugal","PRT",2023,10578174,82.2804878048781,1.44
"Post-demographic dividend","PST",1960,756359099,68.8399200533405,2.90442808882196
"Post-demographic dividend","PST",1961,765442136,69.2688281977515,2.89913330836884
"Post-demographic dividend","PST",1962,774678780,69.2703494749647,2.85868750998633
"Post-demographic dividend","PST",1963,783736508,69.444966986002,2.83396459231029
"Post-demographic dividend","PST",1964,792735136,69.8899746188658,2.81292153515288
"Post-demographic dividend","PST",1965,801451274,69.9655681168663,2.71519645053927
"Post-demographic dividend","PST",1966,809623605,70.1417541718071,2.56529050732116
"Post-demographic dividend","PST",1967,817437528,70.5859707055814,2.58088773510042
"Post-demographic dividend","PST",1968,825029113,70.3989176622243,2.50353514456318
"Post-demographic dividend","PST",1969,832633761,70.5519226992632,2.46607953720604
"Post-demographic dividend","PST",1970,840190480,70.8485134676882,2.43590113001576
"Post-demographic dividend","PST",1971,849553629,71.1394974898806,2.37263596195446
"Post-demographic dividend","PST",1972,857513072,71.3541322725004,2.23465110023601
"Post-demographic dividend","PST",1973,865015884,71.5095030685449,2.14412983918634
"Post-demographic dividend","PST",1974,872247955,71.8692328583235,2.09130536346732
"Post-demographic dividend","PST",1975,879088327,72.155310229648,1.99967534949052
"Post-demographic dividend","PST",1976,885244462,72.4149061630143,1.93674477332401
"Post-demographic dividend","PST",1977,891301791,72.8043725845809,1.90320318841547
"Post-demographic dividend","PST",1978,897398355,72.9422374499268,1.8565118042829
"Post-demographic dividend","PST",1979,903773491,73.2767101491464,1.86239640401873
"Post-demographic dividend","PST",1980,909919829,73.3189938394268,1.85162766864119
"Post-demographic dividend","PST",1981,916024683,73.6518467661203,1.80682020985859
"Post-demographic dividend","PST",1982,921558505,73.9750726994584,1.79855404036469
"Post-demographic dividend","PST",1983,926768139,74.0735190567252,1.76680323023348
"Post-demographic dividend","PST",1984,931624894,74.3583522324779,1.74013455194628
"Post-demographic dividend","PST",1985,936480384,74.4975404732636,1.73770173077924
"Post-demographic dividend","PST",1986,941566838,74.7603390194632,1.72607851153094
"Post-demographic dividend","PST",1987,946817118,75.0383219389569,1.72046748079298
"Post-demographic dividend","PST",1988,952284317,75.1354402525022,1.74027507110101
"Post-demographic dividend","PST",1989,958176572,75.3645532807694,1.73303543191527
"Post-demographic dividend","PST",1990,964371624,75.473991731623,1.75107145787354
"Post-demographic dividend","PST",1991,971291914,75.6090759076253,1.72476315621837
"Post-demographic dividend","PST",1992,978087877,75.7166150305185,1.70294656872951
"Post-demographic dividend","PST",1993,984398082,75.7231520791668,1.66313837131592
"Post-demographic dividend","PST",1994,990028770,76.0312406656581,1.64181281287822
"Post-demographic dividend","PST",1995,995338472,76.0734629753437,1.60941269327432
"Post-demographic dividend","PST",1996,1000836719,76.4365491203333,1.60338102612505
"Post-demographic dividend","PST",1997,1006102041,76.7755552244692,1.59424123197257
"Post-demographic dividend","PST",1998,1011086034,76.9698452316563,1.59084682406829
"Post-demographic dividend","PST",1999,1015990094,77.092735203919,1.58592177338232
"Post-demographic dividend","PST",2000,1021150563,77.3513756471437,1.61569056232377
"Post-demographic dividend","PST",2001,1026105872,77.6340698596268,1.5889209744441
"Post-demographic dividend","PST",2002,1031302538,77.771842585777,1.58132965799612
"Post-demographic dividend","PST",2003,1036498631,77.8873480039422,1.5982496478935
"Post-demographic dividend","PST",2004,1041890752,78.3070690267903,1.61251200971927
"Post-demographic dividend","PST",2005,1047140108,78.410884260835,1.61201140715546
"Post-demographic dividend","PST",2006,1052866351,78.7291498117515,1.65744164035342
"Post-demographic dividend","PST",2007,1059147302,78.9805173339684,1.68545174832742
"Post-demographic dividend","PST",2008,1065603711,79.1456240590947,1.6981163842684
"Post-demographic dividend","PST",2009,1071118156,79.4684041481196,1.67245587489248
"Post-demographic dividend","PST",2010,1076208648,79.6785405516336,1.66079042885459
"Post-demographic dividend","PST",2011,1079468050,79.9443824717695,1.64471429950164
"Post-demographic dividend","PST",2012,1084193277,80.088710974095,1.65174368416002
"Post-demographic dividend","PST",2013,1088424167,80.273441566298,1.62525844766027
"Post-demographic dividend","PST",2014,1093025476,80.5390454613178,1.63301821125915
"Post-demographic dividend","PST",2015,1097890139,80.4400997313335,1.62854493072054
"Post-demographic dividend","PST",2016,1102966925,80.6112411501517,1.62213289586339
"Post-demographic dividend","PST",2017,1107161559,80.6650553844053,1.58009944745016
"Post-demographic dividend","PST",2018,1111377470,80.7442826647034,1.55005381832355
"Post-demographic dividend","PST",2019,1114898817,80.9700846681541,1.51889873006556
"Post-demographic dividend","PST",2020,1117007476,80.0658791727843,1.47500260810084
"Post-demographic dividend","PST",2021,1116582773,79.7955238788416,1.48939885979816
"Post-demographic dividend","PST",2022,1117394729,80.1977878300116,1.44161265388636
"Post-demographic dividend","PST",2023,1121315547,80.8230563837636,1.39633943731236
"Pre-demographic dividend","PRE",1960,188920253,39.8872149694242,6.56663079057346
"Pre-demographic dividend","PRE",1961,193342737,40.1557412424342,6.60056282288313
"Pre-demographic dividend","PRE",1962,198004977,40.7161322580846,6.66554982017786
"Pre-demographic dividend","PRE",1963,202879347,41.06419109333,6.68490768728291
"Pre-demographic dividend","PRE",1964,207958469,41.3703078886871,6.70899134271062
"Pre-demographic dividend","PRE",1965,213246024,41.6972828877457,6.73234881150903
"Pre-demographic dividend","PRE",1966,218721527,42.0778101587916,6.76225351570689
"Pre-demographic dividend","PRE",1967,224392810,42.2000933707412,6.78822131417673
"Pre-demographic dividend","PRE",1968,230300956,42.7826088727482,6.81389335021748
"Pre-demographic dividend","PRE",1969,236419165,43.1232769220592,6.83528520191932
"Pre-demographic dividend","PRE",1970,242769169,43.7102244877231,6.85661292958595
"Pre-demographic dividend","PRE",1971,249344292,44.104567856428,6.88554504403508
"Pre-demographic dividend","PRE",1972,256080715,44.345172469231,6.90535140571379
"Pre-demographic dividend","PRE",1973,263238228,45.0180748962647,6.921354426594
"Pre-demographic dividend","PRE",1974,270820390,45.4490386388226,6.94421242244305
"Pre-demographic dividend","PRE",1975,278656584,45.843188724588,6.96177471585441
"Pre-demographic dividend","PRE",1976,286692896,46.4668620873082,6.96805793793158
"Pre-demographic dividend","PRE",1977,295051411,46.9506847635445,6.97899157948676
"Pre-demographic dividend","PRE",1978,304240149,47.2172678324254,6.9858551446378
"Pre-demographic dividend","PRE",1979,313887702,47.53657400238,6.97064613260597
"Pre-demographic dividend","PRE",1980,322965422,47.6860850129492,6.950424385054
"Pre-demographic dividend","PRE",1981,330988678,47.8424148985604,6.92571076184722
"Pre-demographic dividend","PRE",1982,339575832,48.0051328622085,6.89656078546331
"Pre-demographic dividend","PRE",1983,349226289,47.8502512738123,6.86542416875854
"Pre-demographic dividend","PRE",1984,359259708,47.7209668228089,6.8211124553382
"Pre-demographic dividend","PRE",1985,369570962,47.9318212814566,6.77437821569904
"Pre-demographic dividend","PRE",1986,379883689,48.5260421553925,6.73396755848408
"Pre-demographic dividend","PRE",1987,390374024,48.5337121371196,6.69074452643641
"Pre-demographic dividend","PRE",1988,400820214,48.4936755343681,6.65339161490655
"Pre-demographic dividend","PRE",1989,411682495,48.9435219331854,6.61434069242485
"Pre-demographic dividend","PRE",1990,422471117,48.9344439307457,6.56676366735469
"Pre-demographic dividend","PRE",1991,433111892,48.8506822009196,6.51776173973853
"Pre-demographic dividend","PRE",1992,445411988,49.0261459098267,6.46778165110045
"Pre-demographic dividend","PRE",1993,459529211,49.5803557864203,6.41737839205679
"Pre-demographic dividend","PRE",1994,475022693,50.0168569585538,6.36462643799093
"Pre-demographic dividend","PRE",1995,490118620,50.1315595013713,6.31834840573293
"Pre-demographic dividend","PRE",1996,503373634,50.1556883221142,6.26999854852709
"Pre-demographic dividend","PRE",1997,516729805,50.4042012355219,6.22460764800979
"Pre-demographic dividend","PRE",1998,531450214,50.3291415313175,6.178605455
"Pre-demographic dividend","PRE",1999,546890075,51.0387224062605,6.14353406765779
"Pre-demographic dividend","PRE",2000,562428025,51.7515478288284,6.10872389646364
"Pre-demographic dividend","PRE",2001,578587390,52.2521572447682,6.06052137677241
"Pre-demographic dividend","PRE",2002,596114535,52.7423973946282,6.0119936926566
"Pre-demographic dividend","PRE",2003,614269146,53.2939035756388,5.96757211145267
"Pre-demographic dividend","PRE",2004,632445407,53.8000182623905,5.93282990613316
"Pre-demographic dividend","PRE",2005,651320620,54.3659843800477,5.8926989008652
"Pre-demographic dividend","PRE",2006,670229212,54.971924730304,5.85861642222348
"Pre-demographic dividend","PRE",2007,688722596,55.5507681291351,5.81458531212335
"Pre-demographic dividend","PRE",2008,708796270,56.1357406037774,5.77972624005359
"Pre-demographic dividend","PRE",2009,730293963,56.5093390786225,5.73818132762642
"Pre-demographic dividend","PRE",2010,752046672,57.1219983597813,5.68740273604675
"Pre-demographic dividend","PRE",2011,774567417,57.3118533177816,5.6239192829338
"Pre-demographic dividend","PRE",2012,798002725,58.0153462397337,5.544521264971
"Pre-demographic dividend","PRE",2013,822138419,58.4503631169364,5.45905893914915
"Pre-demographic dividend","PRE",2014,846420736,58.6086588197397,5.37430522910213
"Pre-demographic dividend","PRE",2015,870587800,58.93626650033,5.27734326238515
"Pre-demographic dividend","PRE",2016,895239872,59.2363562400827,5.17618890709919
"Pre-demographic dividend","PRE",2017,920568701,59.5402350736624,5.07605390683731
"Pre-demographic dividend","PRE",2018,946317177,60.2074724802348,4.97262971584117
"Pre-demographic dividend","PRE",2019,972302503,60.5568008955552,4.87014287162415
"Pre-demographic dividend","PRE",2020,998624261,60.501207001444,4.77404152669624
"Pre-demographic dividend","PRE",2021,1024960313,60.2752505117259,4.70240952953725
"Pre-demographic dividend","PRE",2022,1051201551,61.3832880029503,4.62841373246017
"Pre-demographic dividend","PRE",2023,1078224044,62.1636298902791,4.55928980464074
"Puerto Rico (US)","PRI",1960,2358000,68.627,4.796
"Puerto Rico (US)","PRI",1961,2399722,68.528,4.51
"Puerto Rico (US)","PRI",1962,2450322,68.863,4.359
"Puerto Rico (US)","PRI",1963,2504530,68.727,4.525
"Puerto Rico (US)","PRI",1964,2554066,68.242,4.108
"Puerto Rico (US)","PRI",1965,2594000,69.289,4.044
"Puerto Rico (US)","PRI",1966,2624995,70.223,3.817
"Puerto Rico (US)","PRI",1967,2645674,70.699,3.569
"Puerto Rico (US)","PRI",1968,2662064,70.566,3.381
"Puerto Rico (US)","PRI",1969,2684150,70.511,3.315
"Puerto Rico (US)","PRI",1970,2718000,70.352,3.243
"Puerto Rico (US)","PRI",1971,2762190,71.084,3.291
"Puerto Rico (US)","PRI",1972,2817256,70.813,3.058
"Puerto Rico (US)","PRI",1973,2878786,70.949,2.93
"Puerto Rico (US)","PRI",1974,2939299,71.324,2.882
"Puerto Rico (US)","PRI",1975,2994000,71.963,2.772
"Puerto Rico (US)","PRI",1976,3043854,72.08,2.863
"Puerto Rico (US)","PRI",1977,3088690,72.401,2.923
"Puerto Rico (US)","PRI",1978,3129421,72.528,2.9
"Puerto Rico (US)","PRI",1979,3168088,72.718,2.846
"Puerto Rico (US)","PRI",1980,3206000,73.101,2.815
"Puerto Rico (US)","PRI",1981,3242552,72.981,2.711
"Puerto Rico (US)","PRI",1982,3277453,72.949,2.613
"Puerto Rico (US)","PRI",1983,3311138,73.375,2.456
"Puerto Rico (US)","PRI",1984,3344190,73.427,2.353
"Puerto Rico (US)","PRI",1985,3377000,72.633,2.351
"Puerto Rico (US)","PRI",1986,3409554,73.272,2.355
"Puerto Rico (US)","PRI",1987,3441850,73.402,2.328
"Puerto Rico (US)","PRI",1988,3473898,73.153,2.307
"Puerto Rico (US)","PRI",1989,3505650,72.479,2.386
"Puerto Rico (US)","PRI",1990,3537000,72.827,2.378
"Puerto Rico (US)","PRI",1991,3562110,73.877,2.302
"Puerto Rico (US)","PRI",1992,3585176,73.387,2.29
"Puerto Rico (US)","PRI",1993,3615497,73.309,2.307
"Puerto Rico (US)","PRI",1994,3649237,73.622,2.278
"Puerto Rico (US)","PRI",1995,3683103,73.571,2.248
"Puerto Rico (US)","PRI",1996,3724655,73.995,1.94
"Puerto Rico (US)","PRI",1997,3759430,74.674,1.9
"Puerto Rico (US)","PRI",1998,3781101,74.556,1.9
"Puerto Rico (US)","PRI",1999,3800081,75.278,2
"Puerto Rico (US)","PRI",2000,3810605,75.514,2.0485
"Puerto Rico (US)","PRI",2001,3818774,75.972,1.9346
"Puerto Rico (US)","PRI",2002,3823701,76.819,1.8317
"Puerto Rico (US)","PRI",2003,3826095,76.941,1.7624
"Puerto Rico (US)","PRI",2004,3826878,76.913,1.7822
"Puerto Rico (US)","PRI",2005,3821362,76.703,1.7702
"Puerto Rico (US)","PRI",2006,3805214,77.561,1.7123
"Puerto Rico (US)","PRI",2007,3782995,77.659,1.6505
"Puerto Rico (US)","PRI",2008,3760866,78.111,1.6516
"Puerto Rico (US)","PRI",2009,3740410,78.377,1.6528
"Puerto Rico (US)","PRI",2010,3724465,78.717,1.6235
"Puerto Rico (US)","PRI",2011,3693464,78.766,1.5965
"Puerto Rico (US)","PRI",2012,3661045,79.258,1.5425
"Puerto Rico (US)","PRI",2013,3631427,80.318,1.47
"Puerto Rico (US)","PRI",2014,3585017,80.039,1.432
"Puerto Rico (US)","PRI",2015,3535167,80.677,1.3365
"Puerto Rico (US)","PRI",2016,3480432,80.355,1.2425
"Puerto Rico (US)","PRI",2017,3410837,79.07,1.101
"Puerto Rico (US)","PRI",2018,3290690,81.086,1.035
"Puerto Rico (US)","PRI",2019,3302691,81.438,0.982
"Puerto Rico (US)","PRI",2020,3281590,80.009,0.922
"Puerto Rico (US)","PRI",2021,3262711,79.77,0.907
"Puerto Rico (US)","PRI",2022,3220137,79.427,0.914
"Puerto Rico (US)","PRI",2023,3203792,81.69,0.92
"Romania","ROU",1960,18406905,65.8605365853659,2.34
"Romania","ROU",1961,18555250,65.8771463414634,2.17
"Romania","ROU",1962,18676550,65.2556585365854,2.04
"Romania","ROU",1963,18797850,67.0717073170732,2.01
"Romania","ROU",1964,18919126,67.8451219512195,1.96
"Romania","ROU",1965,19031576,67.7072682926829,1.91
"Romania","ROU",1966,19215450,68.8976585365854,1.9
"Romania","ROU",1967,19534242,67.5159512195122,3.66
"Romania","ROU",1968,19799831,67.5603658536585,3.63
"Romania","ROU",1969,20009141,66.6920731707317,3.19
"Romania","ROU",1970,20250398,67.4824146341464,2.89
"Romania","ROU",1971,20461567,68.5041463414634,2.67
"Romania","ROU",1972,20657957,68.470243902439,2.55
"Romania","ROU",1973,20835681,69.0056097560976,2.44
"Romania","ROU",1974,21029429,69.499756097561,2.71
"Romania","ROU",1975,21293583,69.6139024390244,2.59
"Romania","ROU",1976,21551634,69.6987804878049,2.54
"Romania","ROU",1977,21756096,69.7419512195122,2.57
"Romania","ROU",1978,21951464,69.4804878048781,2.52
"Romania","ROU",1979,22090488,69.1531707317073,2.49
"Romania","ROU",1980,22207282,69.0909756097561,2.43
"Romania","ROU",1981,22353070,69.3682926829268,2.36
"Romania","ROU",1982,22475741,69.5317073170732,2.17
"Romania","ROU",1983,22560478,69.7263414634147,2.06
"Romania","ROU",1984,22640547,69.6587804878049,2.26
"Romania","ROU",1985,22732999,69.7068292682927,2.31
"Romania","ROU",1986,22836841,69.4963414634146,2.39
"Romania","ROU",1987,22949430,69.2268292682927,2.38
"Romania","ROU",1988,23057662,69.3880487804878,2.3
"Romania","ROU",1989,23161458,69.5307317073171,2.22
"Romania","ROU",1990,23201835,69.7412195121951,1.83
"Romania","ROU",1991,23001155,69.7843902439024,1.59
"Romania","ROU",1992,22794284,69.7843902439024,1.51
"Romania","ROU",1993,22763280,69.5634146341464,1.43
"Romania","ROU",1994,22730211,69.509756097561,1.4
"Romania","ROU",1995,22684270,69.4560975609756,1.33
"Romania","ROU",1996,22619004,69.1048780487805,1.3
"Romania","ROU",1997,22553978,69.0048780487805,1.32
"Romania","ROU",1998,22507344,69.8073170731708,1.32
"Romania","ROU",1999,22472040,70.5121951219512,1.3
"Romania","ROU",2000,22442971,71.1634146341463,1.31
"Romania","ROU",2001,22131970,71.1609756097561,1.27
"Romania","ROU",2002,21730496,71.009756097561,1.27
"Romania","ROU",2003,21574326,71.309756097561,1.3
"Romania","ROU",2004,21451748,71.5609756097561,1.33
"Romania","ROU",2005,21319685,71.9121951219512,1.4
"Romania","ROU",2006,21193760,72.1634146341463,1.42
"Romania","ROU",2007,20882982,72.5658536585366,1.45
"Romania","ROU",2008,20537875,72.5658536585366,1.6
"Romania","ROU",2009,20367487,73.309756097561,1.66
"Romania","ROU",2010,20246871,73.4585365853659,1.59
"Romania","ROU",2011,20147528,74.409756097561,1.47
"Romania","ROU",2012,20058035,74.4121951219512,1.52
"Romania","ROU",2013,19983693,75.0634146341463,1.46
"Romania","ROU",2014,19908979,74.909756097561,1.56
"Romania","ROU",2015,19815616,74.9121951219512,1.62
"Romania","ROU",2016,19702267,75.209756097561,1.69
"Romania","ROU",2017,19588715,75.209756097561,1.78
"Romania","ROU",2018,19473970,75.3585365853659,1.76
"Romania","ROU",2019,19371648,75.6073170731707,1.77
"Romania","ROU",2020,19265250,74.2536585365854,1.8
"Romania","ROU",2021,19122059,72.809756097561,1.81
"Romania","ROU",2022,19048502,75.1536585365854,1.71
"Romania","ROU",2023,19061062,76.6073170731707,1.71
"Russian Federation","RUS",1960,119897000,67.5261219512195,2.52
"Russian Federation","RUS",1961,121236000,67.7827317073171,2.45
"Russian Federation","RUS",1962,122591000,67.6988536585366,2.36
"Russian Federation","RUS",1963,123960000,68.2745853658537,2.27
"Russian Federation","RUS",1964,125345000,68.7147317073171,2.18
"Russian Federation","RUS",1965,126745000,68.5063902439025,2.13
"Russian Federation","RUS",1966,127468000,68.5857073170732,2.1
"Russian Federation","RUS",1967,128196000,68.4269024390244,2.04
"Russian Federation","RUS",1968,128928000,68.3152926829268,1.99
"Russian Federation","RUS",1969,129664000,67.9122682926829,1.97
"Russian Federation","RUS",1970,130404000,68.1336585365854,1.99
"Russian Federation","RUS",1971,131155000,68.3765853658537,2.03
"Russian Federation","RUS",1972,131909000,68.3085365853659,2.04
"Russian Federation","RUS",1973,132669000,68.2946341463415,2.01
"Russian Federation","RUS",1974,133432000,68.320243902439,2
"Russian Federation","RUS",1975,134200000,67.7239024390244,1.98
"Russian Federation","RUS",1976,135147000,67.4875609756098,1.97
"Russian Federation","RUS",1977,136100000,67.3763414634146,1.95
"Russian Federation","RUS",1978,137060000,67.3909756097561,1.92
"Russian Federation","RUS",1979,138027000,67.1143902439024,1.9
"Russian Federation","RUS",1980,139010000,67.0339024390244,1.89
"Russian Federation","RUS",1981,139941000,67.2639024390244,1.91
"Russian Federation","RUS",1982,140823000,67.8060975609756,2.04
"Russian Federation","RUS",1983,141668000,67.6526829268293,2.11
"Russian Federation","RUS",1984,142745000,67.2026829268293,2.06
"Russian Federation","RUS",1985,143858000,67.8568292682927,2.05
"Russian Federation","RUS",1986,144894000,69.389756097561,2.15
"Russian Federation","RUS",1987,145908000,69.44,2.22
"Russian Federation","RUS",1988,146857000,69.4643902439024,2.12
"Russian Federation","RUS",1989,147721000,69.1717073170732,2.01
"Russian Federation","RUS",1990,147969406,68.8860975609756,1.892
"Russian Federation","RUS",1991,148394216,68.4743902439024,1.732
"Russian Federation","RUS",1992,148538197,66.8731707317073,1.552
"Russian Federation","RUS",1993,148458777,64.9358536585366,1.385
"Russian Federation","RUS",1994,148407912,64.4670731707317,1.4
"Russian Federation","RUS",1995,148375787,64.6907317073171,1.337
"Russian Federation","RUS",1996,148160129,65.8541463414634,1.27
"Russian Federation","RUS",1997,147915361,66.6987804878049,1.218
"Russian Federation","RUS",1998,147670784,67.029756097561,1.232
"Russian Federation","RUS",1999,147214776,65.9821951219512,1.157
"Russian Federation","RUS",2000,146596869,65.4836585365854,1.195
"Russian Federation","RUS",2001,145976482,65.3834146341463,1.223
"Russian Federation","RUS",2002,145306497,65.1287804878049,1.286
"Russian Federation","RUS",2003,144648618,65.0275609756098,1.319
"Russian Federation","RUS",2004,144067316,65.4709756097561,1.344
"Russian Federation","RUS",2005,143518814,65.529756097561,1.294
"Russian Federation","RUS",2006,143049637,66.7275609756098,1.305
"Russian Federation","RUS",2007,142805114,67.5868292682927,1.416
"Russian Federation","RUS",2008,142742366,67.9492682926829,1.502
"Russian Federation","RUS",2009,142785348,68.6846341463415,1.542
"Russian Federation","RUS",2010,142849468,68.8412195121951,1.567
"Russian Federation","RUS",2011,143018195,69.6839024390244,1.582
"Russian Federation","RUS",2012,143378447,70.0721951219512,1.691
"Russian Federation","RUS",2013,143805638,70.5787804878049,1.707
"Russian Federation","RUS",2014,144237223,70.7436585365854,1.75
"Russian Federation","RUS",2015,144640716,71.1834146341463,1.777
"Russian Federation","RUS",2016,145015460,71.6512195121951,1.762
"Russian Federation","RUS",2017,145293260,72.4514634146342,1.621
"Russian Federation","RUS",2018,145398106,72.6621951219512,1.579
"Russian Federation","RUS",2019,145453291,73.0839024390244,1.504
"Russian Federation","RUS",2020,145245148,71.3387804878049,1.505
"Russian Federation","RUS",2021,144746762,69.900243902439,1.505
"Russian Federation","RUS",2022,144236933,72.5456097560976,1.416
"Russian Federation","RUS",2023,143826130,73.2546341463415,1.41
"Rwanda","RWA",1960,3022294,47.022,8.283
"Rwanda","RWA",1961,3106779,47.458,8.279
"Rwanda","RWA",1962,3186025,47.802,8.271
"Rwanda","RWA",1963,3258890,43.998,8.269
"Rwanda","RWA",1964,3334834,48.131,8.266
"Rwanda","RWA",1965,3423210,48.203,8.249
"Rwanda","RWA",1966,3521626,48.084,8.23
"Rwanda","RWA",1967,3629577,47.987,8.211
"Rwanda","RWA",1968,3744010,47.731,8.187
"Rwanda","RWA",1969,3861271,47.437,8.176
"Rwanda","RWA",1970,3980669,47.116,8.145
"Rwanda","RWA",1971,4100044,46.755,8.092
"Rwanda","RWA",1972,4220335,46.343,8.089
"Rwanda","RWA",1973,4345047,45.944,8.092
"Rwanda","RWA",1974,4474228,45.566,8.102
"Rwanda","RWA",1975,4607728,45.324,8.096
"Rwanda","RWA",1976,4745954,45.312,8.122
"Rwanda","RWA",1977,4888240,45.579,8.138
"Rwanda","RWA",1978,5035171,46.165,8.157
"Rwanda","RWA",1979,5189541,47.087,8.13
"Rwanda","RWA",1980,5353259,48.122,8.115
"Rwanda","RWA",1981,5527230,49.216,8.102
"Rwanda","RWA",1982,5711549,50.188,8.064
"Rwanda","RWA",1983,5905311,50.944,8.001
"Rwanda","RWA",1984,6107627,51.445,7.913
"Rwanda","RWA",1985,6317228,51.704,7.786
"Rwanda","RWA",1986,6531881,51.706,7.612
"Rwanda","RWA",1987,6749493,51.465,7.426
"Rwanda","RWA",1988,6968071,50.914,7.234
"Rwanda","RWA",1989,7184706,49.485,7.029
"Rwanda","RWA",1990,7375307,47.763,6.803
"Rwanda","RWA",1991,7526966,46.243,6.622
"Rwanda","RWA",1992,7683266,44.397,6.539
"Rwanda","RWA",1993,7981132,42.937,6.479
"Rwanda","RWA",1994,6792352,12.158,6.415
"Rwanda","RWA",1995,5674118,41.518,6.345
"Rwanda","RWA",1996,6708764,42.486,6.289
"Rwanda","RWA",1997,7755238,41.978,6.235
"Rwanda","RWA",1998,8081681,43.099,6.171
"Rwanda","RWA",1999,8147912,45.749,6.059
"Rwanda","RWA",2000,8213931,47.798,5.967
"Rwanda","RWA",2001,8287094,49.49,5.893
"Rwanda","RWA",2002,8400180,51.262,5.816
"Rwanda","RWA",2003,8586875,53.529,5.737
"Rwanda","RWA",2004,8816844,55.52,5.64
"Rwanda","RWA",2005,9054528,56.968,5.5
"Rwanda","RWA",2006,9299246,58.342,5.335
"Rwanda","RWA",2007,9549933,59.504,5.141
"Rwanda","RWA",2008,9804269,60.641,4.922
"Rwanda","RWA",2009,10060432,61.813,4.707
"Rwanda","RWA",2010,10317553,62.804,4.522
"Rwanda","RWA",2011,10573733,63.476,4.332
"Rwanda","RWA",2012,10829901,64.189,4.201
"Rwanda","RWA",2013,11093340,64.651,4.136
"Rwanda","RWA",2014,11364757,65.088,4.117
"Rwanda","RWA",2015,11640022,65.419,4.108
"Rwanda","RWA",2016,11919183,65.733,4.106
"Rwanda","RWA",2017,12202060,66.14,4.084
"Rwanda","RWA",2018,12487996,66.354,4.047
"Rwanda","RWA",2019,12776103,66.691,3.985
"Rwanda","RWA",2020,13065837,66.953,3.913
"Rwanda","RWA",2021,13355260,66.85,3.841
"Rwanda","RWA",2022,13651030,67.528,3.778
"Rwanda","RWA",2023,13954471,67.785,3.698
"Saudi Arabia","SAU",1960,2435403,45.31,7.626
"Saudi Arabia","SAU",1961,2526347,45.88,7.634
"Saudi Arabia","SAU",1962,2620910,46.469,7.636
"Saudi Arabia","SAU",1963,2719341,47.086,7.654
"Saudi Arabia","SAU",1964,2821968,47.732,7.672
"Saudi Arabia","SAU",1965,2928771,48.436,7.658
"Saudi Arabia","SAU",1966,3039887,49.187,7.655
"Saudi Arabia","SAU",1967,3157242,49.994,7.658
"Saudi Arabia","SAU",1968,3282711,50.857,7.627
"Saudi Arabia","SAU",1969,3417114,51.773,7.597
"Saudi Arabia","SAU",1970,3562470,52.729,7.583
"Saudi Arabia","SAU",1971,3724031,53.727,7.556
"Saudi Arabia","SAU",1972,3905722,54.742,7.539
"Saudi Arabia","SAU",1973,4106344,55.765,7.484
"Saudi Arabia","SAU",1974,4323632,56.785,7.426
"Saudi Arabia","SAU",1975,4556287,57.78,7.37
"Saudi Arabia","SAU",1976,4807933,58.782,7.33
"Saudi Arabia","SAU",1977,5083048,59.749,7.295
"Saudi Arabia","SAU",1978,5381902,60.685,7.263
"Saudi Arabia","SAU",1979,5703698,61.518,7.227
"Saudi Arabia","SAU",1980,6047997,62.444,7.145
"Saudi Arabia","SAU",1981,6420551,63.252,7.067
"Saudi Arabia","SAU",1982,6824486,64.008,6.979
"Saudi Arabia","SAU",1983,7252941,64.719,6.875
"Saudi Arabia","SAU",1984,7697307,65.391,6.776
"Saudi Arabia","SAU",1985,8151779,66.027,6.649
"Saudi Arabia","SAU",1986,8628639,66.648,6.517
"Saudi Arabia","SAU",1987,9130194,67.242,6.343
"Saudi Arabia","SAU",1988,9629165,67.814,6.15
"Saudi Arabia","SAU",1989,10128394,68.359,5.975
"Saudi Arabia","SAU",1990,10640691,68.874,5.804
"Saudi Arabia","SAU",1991,11160744,69.341,5.644
"Saudi Arabia","SAU",1992,11686676,69.799,5.489
"Saudi Arabia","SAU",1993,12215862,70.208,5.326
"Saudi Arabia","SAU",1994,12750040,70.587,5.161
"Saudi Arabia","SAU",1995,13289245,70.944,4.986
"Saudi Arabia","SAU",1996,13831009,71.288,4.812
"Saudi Arabia","SAU",1997,14374943,71.624,4.656
"Saudi Arabia","SAU",1998,14922185,71.957,4.524
"Saudi Arabia","SAU",1999,15472075,72.29,4.354
"Saudi Arabia","SAU",2000,16177722,72.607,4.206
"Saudi Arabia","SAU",2001,17041397,72.951,3.964
"Saudi Arabia","SAU",2002,17910910,73.296,3.709
"Saudi Arabia","SAU",2003,18786767,73.657,3.465
"Saudi Arabia","SAU",2004,19669480,74.027,3.264
"Saudi Arabia","SAU",2005,20559890,74.4,3.161
"Saudi Arabia","SAU",2006,21459144,74.762,3.176
"Saudi Arabia","SAU",2007,22368313,75.066,3.185
"Saudi Arabia","SAU",2008,23287877,75.301,3.074
"Saudi Arabia","SAU",2009,24217654,75.447,2.95
"Saudi Arabia","SAU",2010,23978487,75.616,2.81
"Saudi Arabia","SAU",2011,25091867,75.808,2.8
"Saudi Arabia","SAU",2012,26168861,76.09,2.78
"Saudi Arabia","SAU",2013,27624004,76.517,2.67
"Saudi Arabia","SAU",2014,28309273,77.116,2.68
"Saudi Arabia","SAU",2015,29816382,77.776,2.63
"Saudi Arabia","SAU",2016,30954198,78.354,2.65
"Saudi Arabia","SAU",2017,30977355,78.721,2.67
"Saudi Arabia","SAU",2018,30196281,78.75,2.67
"Saudi Arabia","SAU",2019,30063799,78.313,2.49
"Saudi Arabia","SAU",2020,31552510,77.596,2.27
"Saudi Arabia","SAU",2021,30784383,77.089,2.17
"Saudi Arabia","SAU",2022,32175224,77.31,2.14
"Saudi Arabia","SAU",2023,33702731,78.732,2.28
"Senegal","SEN",1960,3340907,39.668,6.996
"Senegal","SEN",1961,3436375,39.715,7.038
"Senegal","SEN",1962,3534686,39.738,7.079
"Senegal","SEN",1963,3635876,39.745,7.12
"Senegal","SEN",1964,3740535,39.755,7.157
"Senegal","SEN",1965,3849788,39.761,7.19
"Senegal","SEN",1966,3964299,39.848,7.217
"Senegal","SEN",1967,4083870,39.992,7.237
"Senegal","SEN",1968,4207587,40.15,7.251
"Senegal","SEN",1969,4334974,40.398,7.259
"Senegal","SEN",1970,4466328,40.789,7.262
"Senegal","SEN",1971,4601864,41.243,7.261
"Senegal","SEN",1972,4741631,41.77,7.258
"Senegal","SEN",1973,4885181,42.429,7.255
"Senegal","SEN",1974,5029437,43.104,7.252
"Senegal","SEN",1975,5170810,43.938,7.252
"Senegal","SEN",1976,5308564,44.809,7.258
"Senegal","SEN",1977,5439549,45.714,7.268
"Senegal","SEN",1978,5568096,46.596,7.279
"Senegal","SEN",1979,5702895,47.478,7.29
"Senegal","SEN",1980,5845638,48.294,7.292
"Senegal","SEN",1981,5997160,49.083,7.279
"Senegal","SEN",1982,6156961,49.863,7.245
"Senegal","SEN",1983,6324504,50.811,7.189
"Senegal","SEN",1984,6499364,51.694,7.111
"Senegal","SEN",1985,6683287,52.586,7.013
"Senegal","SEN",1986,6878192,53.718,6.902
"Senegal","SEN",1987,7081530,54.632,6.785
"Senegal","SEN",1988,7289618,55.546,6.577
"Senegal","SEN",1989,7502207,56.209,6.479
"Senegal","SEN",1990,7720523,56.674,6.396
"Senegal","SEN",1991,7943085,57.037,6.267
"Senegal","SEN",1992,8168395,57.287,6.149
"Senegal","SEN",1993,8396288,57.348,6.049
"Senegal","SEN",1994,8624078,57.479,5.915
"Senegal","SEN",1995,8848101,57.336,5.819
"Senegal","SEN",1996,9067014,57.129,5.723
"Senegal","SEN",1997,9283495,57.107,5.639
"Senegal","SEN",1998,9502952,57.076,5.581
"Senegal","SEN",1999,9730887,57.315,5.573
"Senegal","SEN",2000,9968260,57.615,5.498
"Senegal","SEN",2001,10212942,58.158,5.397
"Senegal","SEN",2002,10466214,58.912,5.301
"Senegal","SEN",2003,10721176,59.474,5.246
"Senegal","SEN",2004,10975704,60.308,5.192
"Senegal","SEN",2005,11235472,60.98,5.133
"Senegal","SEN",2006,11500094,61.801,5.064
"Senegal","SEN",2007,11770344,62.653,5.018
"Senegal","SEN",2008,12048959,63.201,5.024
"Senegal","SEN",2009,12337389,63.751,5.025
"Senegal","SEN",2010,12635413,64.221,5.055
"Senegal","SEN",2011,12958897,64.799,5.099
"Senegal","SEN",2012,13310495,65.229,5.129
"Senegal","SEN",2013,13710849,65.638,5.049
"Senegal","SEN",2014,14152102,66.001,4.884
"Senegal","SEN",2015,14593331,66.451,4.751
"Senegal","SEN",2016,15034521,66.724,4.648
"Senegal","SEN",2017,15475002,67.059,4.489
"Senegal","SEN",2018,15914498,67.379,4.294
"Senegal","SEN",2019,16352922,67.668,4.1
"Senegal","SEN",2020,16789219,67.496,4.003
"Senegal","SEN",2021,17220867,66.868,3.936
"Senegal","SEN",2022,17651103,67.788,3.864
"Senegal","SEN",2023,18077573,68.683,3.818
"Serbia","SRB",1960,6638992,65.5898536585366,2.155
"Serbia","SRB",1961,6689077,66.1841951219512,2.133
"Serbia","SRB",1962,6740264,66.9230487804878,2.109
"Serbia","SRB",1963,6787950,67.2328780487805,2.084
"Serbia","SRB",1964,6832855,67.879,2.067
"Serbia","SRB",1965,6876624,68.6011463414634,2.057
"Serbia","SRB",1966,6927969,69.3070731707317,2.041
"Serbia","SRB",1967,6966522,69.9707317073171,2.02
"Serbia","SRB",1968,7007586,69.9547804878049,2.005
"Serbia","SRB",1969,7123249,69.9095609756098,1.986
"Serbia","SRB",1970,7164993,69.6292926829268,1.973
"Serbia","SRB",1971,7211716,69.6149024390244,1.96
"Serbia","SRB",1972,7252012,69.8716341463415,1.952
"Serbia","SRB",1973,7283902,70.381487804878,1.94
"Serbia","SRB",1974,7326043,71.0062926829268,1.93
"Serbia","SRB",1975,7368717,71.4935853658537,1.923
"Serbia","SRB",1976,7418973,71.7468536585366,1.913
"Serbia","SRB",1977,7462783,71.6648780487805,1.901
"Serbia","SRB",1978,7504017,71.3456829268293,1.889
"Serbia","SRB",1979,7541997,71.0845853658537,1.875
"Serbia","SRB",1980,7709544,70.9969756097561,1.863
"Serbia","SRB",1981,7736787,71.0449268292683,1.852
"Serbia","SRB",1982,7763335,70.9744634146341,1.842
"Serbia","SRB",1983,7788100,71.032512195122,1.832
"Serbia","SRB",1984,7813549,71.0908780487805,1.814
"Serbia","SRB",1985,7835902,71.3633414634146,1.8
"Serbia","SRB",1986,7853824,71.5618292682927,1.778
"Serbia","SRB",1987,7868027,71.7754878048781,1.749
"Serbia","SRB",1988,7884218,71.9700487804878,1.72
"Serbia","SRB",1989,7893787,72.258756097561,1.685
"Serbia","SRB",1990,7897937,72.1552682926829,1.649
"Serbia","SRB",1991,7595636,71.8760487804878,1.612
"Serbia","SRB",1992,7604063,71.5688292682927,1.573
"Serbia","SRB",1993,7614328,71.7946829268293,1.544
"Serbia","SRB",1994,7622711,72.2040243902439,1.505
"Serbia","SRB",1995,7628264,72.6157317073171,1.468
"Serbia","SRB",1996,7622185,72.7948536585366,1.436
"Serbia","SRB",1997,7598538,72.8280975609756,1.398
"Serbia","SRB",1998,7567745,72.1948780487805,1.37
"Serbia","SRB",1999,7540401,69.9271463414634,1.354
"Serbia","SRB",2000,7516346,71.5829268292683,1.48
"Serbia","SRB",2001,7503433,72.2341463414634,1.58
"Serbia","SRB",2002,7500031,72.2853658536585,1.57
"Serbia","SRB",2003,7480591,72.4365853658537,1.59
"Serbia","SRB",2004,7463157,72.6829268292683,1.57
"Serbia","SRB",2005,7440769,72.8341463414634,1.45
"Serbia","SRB",2006,7411569,73.3853658536585,1.43
"Serbia","SRB",2007,7381579,73.6317073170732,1.38
"Serbia","SRB",2008,7350222,73.8853658536585,1.4
"Serbia","SRB",2009,7320807,73.9853658536585,1.44
"Serbia","SRB",2010,7291436,74.3365853658537,1.4
"Serbia","SRB",2011,7236519,74.5365853658537,1.4
"Serbia","SRB",2012,7201497,74.8365853658537,1.45
"Serbia","SRB",2013,7166553,75.1853658536585,1.43
"Serbia","SRB",2014,7131787,75.3365853658537,1.46
"Serbia","SRB",2015,7095383,75.2878048780488,1.46
"Serbia","SRB",2016,7058322,75.6878048780488,1.46
"Serbia","SRB",2017,7020858,75.5390243902439,1.49
"Serbia","SRB",2018,6982604,75.890243902439,1.49
"Serbia","SRB",2019,6945235,75.9365853658537,1.52
"Serbia","SRB",2020,6899126,74.4780487804878,1.48
"Serbia","SRB",2021,6834326,72.780487804878,1.52
"Serbia","SRB",2022,6664449,75.2365853658537,1.59
"Serbia","SRB",2023,6623183,76.2209756097561,1.61
"Sierra Leone","SLE",1960,2268356,33.09,6.175
"Sierra Leone","SLE",1961,2304227,33.633,6.205
"Sierra Leone","SLE",1962,2342242,34.155,6.222
"Sierra Leone","SLE",1963,2382258,34.705,6.261
"Sierra Leone","SLE",1964,2424390,35.298,6.294
"Sierra Leone","SLE",1965,2468666,35.93,6.311
"Sierra Leone","SLE",1966,2514638,36.64,6.345
"Sierra Leone","SLE",1967,2562384,37.281,6.383
"Sierra Leone","SLE",1968,2611532,37.761,6.385
"Sierra Leone","SLE",1969,2661365,38.23,6.393
"Sierra Leone","SLE",1970,2712286,38.619,6.411
"Sierra Leone","SLE",1971,2763222,39.104,6.429
"Sierra Leone","SLE",1972,2814388,39.505,6.447
"Sierra Leone","SLE",1973,2866955,39.96,6.473
"Sierra Leone","SLE",1974,2920459,40.412,6.534
"Sierra Leone","SLE",1975,2974657,40.99,6.546
"Sierra Leone","SLE",1976,3028820,41.425,6.553
"Sierra Leone","SLE",1977,3085354,41.826,6.568
"Sierra Leone","SLE",1978,3145517,42.192,6.591
"Sierra Leone","SLE",1979,3207499,42.53,6.582
"Sierra Leone","SLE",1980,3272089,42.839,6.562
"Sierra Leone","SLE",1981,3338940,43.086,6.554
"Sierra Leone","SLE",1982,3408183,43.302,6.563
"Sierra Leone","SLE",1983,3481646,43.455,6.573
"Sierra Leone","SLE",1984,3558758,43.561,6.592
"Sierra Leone","SLE",1985,3638438,43.556,6.592
"Sierra Leone","SLE",1986,3728380,43.502,6.597
"Sierra Leone","SLE",1987,3829718,43.748,6.609
"Sierra Leone","SLE",1988,3934517,43.765,6.588
"Sierra Leone","SLE",1989,4034037,43.741,6.571
"Sierra Leone","SLE",1990,4196828,43.72,6.567
"Sierra Leone","SLE",1991,4246267,43.287,6.553
"Sierra Leone","SLE",1992,4166366,43.451,6.555
"Sierra Leone","SLE",1993,4157130,43.428,6.569
"Sierra Leone","SLE",1994,4173105,42.808,6.557
"Sierra Leone","SLE",1995,4179179,42.579,6.555
"Sierra Leone","SLE",1996,4199210,43.528,6.552
"Sierra Leone","SLE",1997,4253716,43.649,6.531
"Sierra Leone","SLE",1998,4295785,42.714,6.495
"Sierra Leone","SLE",1999,4318043,41.962,6.423
"Sierra Leone","SLE",2000,4423611,44.834,6.355
"Sierra Leone","SLE",2001,4692716,45.448,6.305
"Sierra Leone","SLE",2002,4971435,46.174,6.23
"Sierra Leone","SLE",2003,5177687,46.784,6.087
"Sierra Leone","SLE",2004,5355717,47.485,5.919
"Sierra Leone","SLE",2005,5501712,48.306,5.807
"Sierra Leone","SLE",2006,5624466,49.547,5.737
"Sierra Leone","SLE",2007,5749352,50.024,5.643
"Sierra Leone","SLE",2008,5894722,50.693,5.563
"Sierra Leone","SLE",2009,6055646,51.312,5.448
"Sierra Leone","SLE",2010,6222714,51.927,5.327
"Sierra Leone","SLE",2011,6387251,52.594,5.209
"Sierra Leone","SLE",2012,6551080,53.159,5.064
"Sierra Leone","SLE",2013,6714051,54.051,4.873
"Sierra Leone","SLE",2014,6876385,54.281,4.703
"Sierra Leone","SLE",2015,7037655,55.454,4.548
"Sierra Leone","SLE",2016,7205328,56.937,4.466
"Sierra Leone","SLE",2017,7379299,57.761,4.389
"Sierra Leone","SLE",2018,7554563,59.059,4.294
"Sierra Leone","SLE",2019,7731991,59.593,4.192
"Sierra Leone","SLE",2020,7912558,59.694,4.08
"Sierra Leone","SLE",2021,8094602,60.26,3.978
"Sierra Leone","SLE",2022,8276807,61.275,3.876
"Sierra Leone","SLE",2023,8460512,61.786,3.791
"Singapore","SGP",1960,1646400,65.5621951219512,5.76
"Singapore","SGP",1961,1702400,65.9597073170732,5.41
"Singapore","SGP",1962,1750200,66.3726341463415,5.21
"Singapore","SGP",1963,1795000,66.7795365853659,5.16
"Singapore","SGP",1964,1841600,67.0024146341463,4.97
"Singapore","SGP",1965,1886900,67.2328536585366,4.66
"Singapore","SGP",1966,1934400,67.5478292682927,4.46
"Singapore","SGP",1967,1977600,67.6523902439025,3.91
"Singapore","SGP",1968,2012000,67.9807804878049,3.53
"Singapore","SGP",1969,2042500,68.3339756097561,3.22
"Singapore","SGP",1970,2074507,68.724756097561,3.07
"Singapore","SGP",1971,2112900,69.0002195121951,3.02
"Singapore","SGP",1972,2152400,69.1635609756098,3.04
"Singapore","SGP",1973,2193000,69.5304634146342,2.79
"Singapore","SGP",1974,2229800,69.894512195122,2.35
"Singapore","SGP",1975,2262600,70.405512195122,2.07
"Singapore","SGP",1976,2293300,70.7470487804878,2.11
"Singapore","SGP",1977,2325300,71.0261219512195,1.82
"Singapore","SGP",1978,2353600,71.2835609756098,1.79
"Singapore","SGP",1979,2383500,71.461756097561,1.79
"Singapore","SGP",1980,2413945,72.190243902439,1.82
"Singapore","SGP",1981,2532835,72.5878048780488,1.78
"Singapore","SGP",1982,2646466,72.6878048780488,1.74
"Singapore","SGP",1983,2681061,73.0365853658537,1.61
"Singapore","SGP",1984,2732221,73.290243902439,1.62
"Singapore","SGP",1985,2735957,73.890243902439,1.61
"Singapore","SGP",1986,2733373,74.2463414634146,1.43
"Singapore","SGP",1987,2774789,74.5487804878049,1.62
"Singapore","SGP",1988,2846108,74.6975609756098,1.96
"Singapore","SGP",1989,2930901,74.9463414634146,1.75
"Singapore","SGP",1990,3047132,75.2951219512195,1.83
"Singapore","SGP",1991,3135083,75.6463414634146,1.73
"Singapore","SGP",1992,3230698,75.9463414634146,1.72
"Singapore","SGP",1993,3313471,76.0463414634146,1.74
"Singapore","SGP",1994,3419048,76.1975609756098,1.71
"Singapore","SGP",1995,3524506,76.2951219512195,1.67
"Singapore","SGP",1996,3670704,76.5951219512195,1.66
"Singapore","SGP",1997,3796038,76.8975609756097,1.61
"Singapore","SGP",1998,3927213,77.3,1.48
"Singapore","SGP",1999,3958723,77.5512195121951,1.47
"Singapore","SGP",2000,4027887,77.9512195121951,1.6
"Singapore","SGP",2001,4138012,78.2512195121951,1.41
"Singapore","SGP",2002,4175950,78.5512195121951,1.37
"Singapore","SGP",2003,4114826,79.0390243902439,1.27
"Singapore","SGP",2004,4166664,79.490243902439,1.26
"Singapore","SGP",2005,4265762,79.990243902439,1.26
"Singapore","SGP",2006,4401365,80.1414634146341,1.28
"Singapore","SGP",2007,4588599,80.4414634146342,1.29
"Singapore","SGP",2008,4839396,80.790243902439,1.28
"Singapore","SGP",2009,4987573,81.2414634146342,1.22
"Singapore","SGP",2010,5076732,81.5414634146342,1.15
"Singapore","SGP",2011,5183688,81.7439024390244,1.2
"Singapore","SGP",2012,5312437,81.9951219512195,1.29
"Singapore","SGP",2013,5399162,82.2463414634147,1.19
"Singapore","SGP",2014,5469724,82.4951219512195,1.25
"Singapore","SGP",2015,5535002,82.7439024390244,1.24
"Singapore","SGP",2016,5607283,82.8463414634146,1.2
"Singapore","SGP",2017,5612253,83.0951219512195,1.16
"Singapore","SGP",2018,5638676,83.2975609756098,1.14
"Singapore","SGP",2019,5703569,83.5951219512195,1.14
"Singapore","SGP",2020,5685807,83.5439024390244,1.1
"Singapore","SGP",2021,5453566,83.0926829268293,1.12
"Singapore","SGP",2022,5637022,82.8951219512195,1.04
"Singapore","SGP",2023,5917648,82.8951219512195,0.97
"Slovak Republic","SVK",1960,4068095,70.2697804878049,3.04
"Slovak Republic","SVK",1961,4191667,70.7239024390244,2.96
"Slovak Republic","SVK",1962,4238188,70.2702926829268,2.83
"Slovak Republic","SVK",1963,4282017,70.6334146341463,2.92
"Slovak Republic","SVK",1964,4327341,71.0198780487805,2.89
"Slovak Republic","SVK",1965,4370983,70.2352682926829,2.78
"Slovak Republic","SVK",1966,4411666,70.3774390243903,2.66
"Slovak Republic","SVK",1967,4449367,70.9255853658537,2.48
"Slovak Republic","SVK",1968,4483915,70.436756097561,2.39
"Slovak Republic","SVK",1969,4518607,69.7953902439024,2.43
"Slovak Republic","SVK",1970,4538223,69.7125853658537,2.41
"Slovak Republic","SVK",1971,4557449,69.8625609756098,2.43
"Slovak Republic","SVK",1972,4596622,70.2982195121951,2.49
"Slovak Republic","SVK",1973,4641445,70.0213902439024,2.56
"Slovak Republic","SVK",1974,4689623,70.1781707317073,2.61
"Slovak Republic","SVK",1975,4739105,70.3050487804878,2.55
"Slovak Republic","SVK",1976,4789507,70.4631951219512,2.55
"Slovak Republic","SVK",1977,4840501,70.4231219512195,2.49
"Slovak Republic","SVK",1978,4890125,70.4264390243902,2.47
"Slovak Republic","SVK",1979,4938973,70.7447317073171,2.45
"Slovak Republic","SVK",1980,4979815,70.4085365853659,2.32
"Slovak Republic","SVK",1981,5016105,70.6292682926829,2.29
"Slovak Republic","SVK",1982,5055099,70.6890243902439,2.28
"Slovak Republic","SVK",1983,5091971,70.4790243902439,2.28
"Slovak Republic","SVK",1984,5127097,70.7509756097561,2.26
"Slovak Republic","SVK",1985,5161768,70.7346341463415,2.26
"Slovak Republic","SVK",1986,5193838,71.0212195121951,2.2
"Slovak Republic","SVK",1987,5222840,71.0887804878049,2.14
"Slovak Republic","SVK",1988,5250596,71.2078048780488,2.13
"Slovak Republic","SVK",1989,5275942,71.0263414634146,2.07
"Slovak Republic","SVK",1990,5299187,70.9326829268293,2.09
"Slovak Republic","SVK",1991,5303294,70.8829268292683,2.05
"Slovak Republic","SVK",1992,5305016,71.7951219512195,1.93
"Slovak Republic","SVK",1993,5325305,72.4487804878049,1.87
"Slovak Republic","SVK",1994,5346331,72.3,1.67
"Slovak Republic","SVK",1995,5361999,72.2536585365854,1.52
"Slovak Republic","SVK",1996,5373361,72.6536585365854,1.47
"Slovak Republic","SVK",1997,5383291,72.7048780487805,1.43
"Slovak Republic","SVK",1998,5390516,72.5512195121951,1.37
"Slovak Republic","SVK",1999,5396020,72.9024390243902,1.33
"Slovak Republic","SVK",2000,5388720,73.0512195121951,1.3
"Slovak Republic","SVK",2001,5378867,73.4024390243903,1.2
"Slovak Republic","SVK",2002,5376912,73.6048780487805,1.19
"Slovak Republic","SVK",2003,5373374,73.6048780487805,1.2
"Slovak Republic","SVK",2004,5372280,73.9585365853659,1.25
"Slovak Republic","SVK",2005,5372807,73.9048780487805,1.27
"Slovak Republic","SVK",2006,5373054,74.2048780487805,1.25
"Slovak Republic","SVK",2007,5374622,74.2073170731707,1.27
"Slovak Republic","SVK",2008,5379233,74.7048780487805,1.34
"Slovak Republic","SVK",2009,5386406,74.909756097561,1.44
"Slovak Republic","SVK",2010,5391428,75.1121951219512,1.43
"Slovak Republic","SVK",2011,5398384,75.9585365853659,1.45
"Slovak Republic","SVK",2012,5407579,76.109756097561,1.34
"Slovak Republic","SVK",2013,5413393,76.4121951219512,1.34
"Slovak Republic","SVK",2014,5418649,76.8121951219512,1.37
"Slovak Republic","SVK",2015,5423801,76.5634146341463,1.4
"Slovak Republic","SVK",2016,5430798,77.1658536585366,1.48
"Slovak Republic","SVK",2017,5439232,77.1658536585366,1.52
"Slovak Republic","SVK",2018,5446771,77.2658536585366,1.54
"Slovak Republic","SVK",2019,5454147,77.6658536585366,1.57
"Slovak Republic","SVK",2020,5458827,76.8658536585366,1.59
"Slovak Republic","SVK",2021,5447247,74.6146341463415,1.63
"Slovak Republic","SVK",2022,5431752,76.9658536585366,1.57
"Slovak Republic","SVK",2023,5426740,78.0170731707317,1.49
"Slovenia","SVN",1960,1584720,68.9780487804878,2.185
"Slovenia","SVN",1961,1594131,68.9780487804878,2.27
"Slovenia","SVN",1962,1603649,68.9780487804878,2.276
"Slovenia","SVN",1963,1616971,68.6219512195122,2.269
"Slovenia","SVN",1964,1632114,68.6634146341463,2.305
"Slovenia","SVN",1965,1649160,68.3658536585366,2.432
"Slovenia","SVN",1966,1669905,69.0121951219512,2.465
"Slovenia","SVN",1967,1689528,69.3658536585366,2.37
"Slovenia","SVN",1968,1704546,68.9170731707317,2.253
"Slovenia","SVN",1969,1713874,68.3609756097561,2.174
"Slovenia","SVN",1970,1724891,68.609756097561,2.109
"Slovenia","SVN",1971,1738335,68.8341463414634,2.157
"Slovenia","SVN",1972,1752233,69.0585365853659,2.165
"Slovenia","SVN",1973,1766697,69.4048780487805,2.204
"Slovenia","SVN",1974,1776132,70.1609756097561,2.125
"Slovenia","SVN",1975,1793581,70.3585365853659,2.175
"Slovenia","SVN",1976,1820249,70.3073170731707,2.201
"Slovenia","SVN",1977,1842377,70.5560975609756,2.166
"Slovenia","SVN",1978,1862548,70.7024390243902,2.196
"Slovenia","SVN",1979,1882599,70.8536585365854,2.215
"Slovenia","SVN",1980,1901315,71.1048780487805,2.11
"Slovenia","SVN",1981,1906531,71.2048780487805,1.961
"Slovenia","SVN",1982,1910334,71.0536585365854,1.93
"Slovenia","SVN",1983,1922321,70.5414634146342,1.81
"Slovenia","SVN",1984,1932154,70.9024390243903,1.74
"Slovenia","SVN",1985,1941641,71.3512195121951,1.71
"Slovenia","SVN",1986,1965964,71.8024390243903,1.67
"Slovenia","SVN",1987,1989776,72.0024390243902,1.65
"Slovenia","SVN",1988,1995196,72.4463414634146,1.63
"Slovenia","SVN",1989,1996351,72.7048780487805,1.52
"Slovenia","SVN",1990,1998161,73.2048780487805,1.46
"Slovenia","SVN",1991,1999429,73.3536585365854,1.42
"Slovenia","SVN",1992,1996498,73.3048780487805,1.33
"Slovenia","SVN",1993,1991746,73.2536585365854,1.33
"Slovenia","SVN",1994,1989443,73.4048780487805,1.32
"Slovenia","SVN",1995,1989872,73.9585365853659,1.29
"Slovenia","SVN",1996,1988628,74.4585365853658,1.28
"Slovenia","SVN",1997,1985956,74.7073170731707,1.25
"Slovenia","SVN",1998,1981629,74.8073170731708,1.23
"Slovenia","SVN",1999,1983045,75.009756097561,1.21
"Slovenia","SVN",2000,1988925,75.4121951219512,1.26
"Slovenia","SVN",2001,1992060,75.7585365853659,1.21
"Slovenia","SVN",2002,1994530,76.0073170731707,1.21
"Slovenia","SVN",2003,1995733,76.8585365853659,1.2
"Slovenia","SVN",2004,1997012,77.2073170731707,1.25
"Slovenia","SVN",2005,2000474,77.6121951219512,1.26
"Slovenia","SVN",2006,2006868,78.0865853658537,1.31
"Slovenia","SVN",2007,2018122,78.5609756097561,1.38
"Slovenia","SVN",2008,2021316,78.7658536585366,1.53
"Slovenia","SVN",2009,2039669,78.9707317073171,1.53
"Slovenia","SVN",2010,2048583,79.4219512195122,1.57
"Slovenia","SVN",2011,2052843,79.9707317073171,1.56
"Slovenia","SVN",2012,2057159,80.1243902439024,1.58
"Slovenia","SVN",2013,2059953,80.3219512195122,1.55
"Slovenia","SVN",2014,2061980,81.0780487804878,1.58
"Slovenia","SVN",2015,2063531,80.7756097560976,1.57
"Slovenia","SVN",2016,2065042,81.1756097560976,1.58
"Slovenia","SVN",2017,2066388,81.0292682926829,1.62
"Slovenia","SVN",2018,2073894,81.3780487804878,1.6
"Slovenia","SVN",2019,2088385,81.5292682926829,1.61
"Slovenia","SVN",2020,2102419,80.5317073170732,1.59
"Slovenia","SVN",2021,2108079,80.6756097560976,1.64
"Slovenia","SVN",2022,2112076,81.2829268292683,1.55
"Slovenia","SVN",2023,2120461,81.9780487804878,1.51
"Small states","SST",1960,8767492,57.9428427174179,5.04865766924653
"Small states","SST",1961,8927466,58.3708628859276,5.03552907582376
"Small states","SST",1962,9111719,58.886099310976,5.01009234007915
"Small states","SST",1963,9300542,59.0139253746901,4.98391911037869
"Small states","SST",1964,9487757,59.4425202422448,4.92530495955916
"Small states","SST",1965,9670463,60.0823514450236,4.82802742986413
"Small states","SST",1966,9846482,60.3250553722639,4.7555031639122
"Small states","SST",1967,10014042,60.5692100501792,4.60550269524895
"Small states","SST",1968,10181338,60.7982686012724,4.55001710049727
"Small states","SST",1969,10353360,60.9909845150376,4.44721007001787
"Small states","SST",1970,10526671,61.3076956756887,4.37005595239641
"Small states","SST",1971,10702728,61.5237472166203,4.30925214651874
"Small states","SST",1972,10876065,61.7485263354406,4.23924938770938
"Small states","SST",1973,11041388,62.0012122479617,4.09088509587017
"Small states","SST",1974,11199859,61.2298049170236,4.04985715649814
"Small states","SST",1975,11364129,61.6081624215837,3.98859891326763
"Small states","SST",1976,11541204,61.9357697665411,3.95773790107696
"Small states","SST",1977,11728016,62.1259964339902,3.90278679936425
"Small states","SST",1978,11915233,62.1986460787079,3.86255603053692
"Small states","SST",1979,12105153,62.4396806469697,3.843059029561
"Small states","SST",1980,12298380,63.0023015664447,3.83058669809155
"Small states","SST",1981,12490529,63.208566296824,3.8136283267269
"Small states","SST",1982,12683850,63.5128513789948,3.80782486272886
"Small states","SST",1983,12874950,63.6894763823,3.792366089428
"Small states","SST",1984,13067491,64.0785702762979,3.74141500977054
"Small states","SST",1985,13275197,64.3273770015488,3.69547865502722
"Small states","SST",1986,13492150,64.5590631654757,3.65884390189411
"Small states","SST",1987,13707720,64.903647442077,3.63096284157512
"Small states","SST",1988,13924070,65.0979559983539,3.60554374927883
"Small states","SST",1989,14148870,65.6276190934717,3.56789282222232
"Small states","SST",1990,14379862,65.585573984719,3.53052336823988
"Small states","SST",1991,14610383,65.6629094328245,3.46400893271946
"Small states","SST",1992,14735408,65.6862994591054,3.4270075506452
"Small states","SST",1993,14837410,65.7266880347173,3.31970069180441
"Small states","SST",1994,14970002,65.6344676001217,3.25463711851323
"Small states","SST",1995,15087617,65.7224503098331,3.17971560650481
"Small states","SST",1996,15248657,65.9790280185203,3.12582680837849
"Small states","SST",1997,15435138,66.018781748514,3.05681584144018
"Small states","SST",1998,15624755,65.9979318054306,2.99377495180415
"Small states","SST",1999,15698038,66.1245021369021,2.93832626785539
"Small states","SST",2000,15786741,66.9881018420458,2.88338396405506
"Small states","SST",2001,16017863,67.1751397089871,2.83397156846564
"Small states","SST",2002,16250203,67.320533039585,2.79808658297244
"Small states","SST",2003,16441139,67.5137796957376,2.7597362627718
"Small states","SST",2004,16597133,67.7344645790668,2.73096021826351
"Small states","SST",2005,16699341,68.0184220231352,2.70114835906174
"Small states","SST",2006,16868546,68.2773677005452,2.67308581805192
"Small states","SST",2007,17047450,68.5761118394504,2.65643240427313
"Small states","SST",2008,17228345,68.9208192339965,2.64077949261718
"Small states","SST",2009,17398922,69.2706797451225,2.61377707791796
"Small states","SST",2010,17575200,69.6933118913694,2.56685568430678
"Small states","SST",2011,17748220,70.0014375655617,2.52532929458697
"Small states","SST",2012,17926451,70.2725959153837,2.49706301177046
"Small states","SST",2013,18107202,70.6156980246326,2.45556739582781
"Small states","SST",2014,18292084,70.8536154373809,2.42980556625023
"Small states","SST",2015,18482578,71.1242805019157,2.3864907368306
"Small states","SST",2016,18671045,71.3759850327933,2.35638987105492
"Small states","SST",2017,18865506,71.6556194082547,2.31126714318552
"Small states","SST",2018,19084934,71.8640735615265,2.27509654521267
"Small states","SST",2019,19293697,72.0009607335469,2.23544844472644
"Small states","SST",2020,19472157,71.8255552822673,2.21067702634513
"Small states","SST",2021,19646549,70.7756825891382,2.18868232624234
"Small states","SST",2022,19852364,72.3794678577605,2.14684043316307
"Small states","SST",2023,20031262,72.8966788653862,2.12339487150431
"Somalia, Fed. Rep.","SOM",1960,2876331,43.543,7.25
"Somalia, Fed. Rep.","SOM",1961,2952054,43.667,7.252
"Somalia, Fed. Rep.","SOM",1962,3030091,43.972,7.255
"Somalia, Fed. Rep.","SOM",1963,3110361,44.194,7.258
"Somalia, Fed. Rep.","SOM",1964,3192796,44.393,7.261
"Somalia, Fed. Rep.","SOM",1965,3277874,44.631,7.261
"Somalia, Fed. Rep.","SOM",1966,3365106,44.843,7.257
"Somalia, Fed. Rep.","SOM",1967,3454537,45.051,7.248
"Somalia, Fed. Rep.","SOM",1968,3546590,45.254,7.231
"Somalia, Fed. Rep.","SOM",1969,3641015,45.453,7.209
"Somalia, Fed. Rep.","SOM",1970,3738448,45.644,7.182
"Somalia, Fed. Rep.","SOM",1971,3837691,45.837,7.151
"Somalia, Fed. Rep.","SOM",1972,3939436,46.032,7.118
"Somalia, Fed. Rep.","SOM",1973,4045592,46.224,7.086
"Somalia, Fed. Rep.","SOM",1974,4151842,44.259,7.057
"Somalia, Fed. Rep.","SOM",1975,4257535,44.49,7.033
"Somalia, Fed. Rep.","SOM",1976,4365812,44.727,7.016
"Somalia, Fed. Rep.","SOM",1977,4484050,47.004,7.004
"Somalia, Fed. Rep.","SOM",1978,4814892,47.013,7.13
"Somalia, Fed. Rep.","SOM",1979,5449117,47.405,7.161
"Somalia, Fed. Rep.","SOM",1980,5936154,47.611,7.178
"Somalia, Fed. Rep.","SOM",1981,5982849,47.817,7.227
"Somalia, Fed. Rep.","SOM",1982,6003840,48.02,7.252
"Somalia, Fed. Rep.","SOM",1983,6198430,48.23,7.277
"Somalia, Fed. Rep.","SOM",1984,6428389,48.438,7.3
"Somalia, Fed. Rep.","SOM",1985,6693289,48.279,7.327
"Somalia, Fed. Rep.","SOM",1986,6974788,48.431,7.349
"Somalia, Fed. Rep.","SOM",1987,7228302,49.002,7.373
"Somalia, Fed. Rep.","SOM",1988,7235360,43.933,7.398
"Somalia, Fed. Rep.","SOM",1989,7114817,46.648,7.424
"Somalia, Fed. Rep.","SOM",1990,7082811,46.896,7.44
"Somalia, Fed. Rep.","SOM",1991,6813760,25.418,7.47
"Somalia, Fed. Rep.","SOM",1992,6495107,25.034,7.5
"Somalia, Fed. Rep.","SOM",1993,6681399,50.551,7.526
"Somalia, Fed. Rep.","SOM",1994,7026797,50.303,7.544
"Somalia, Fed. Rep.","SOM",1995,7285007,50.65,7.581
"Somalia, Fed. Rep.","SOM",1996,7554474,50.524,7.621
"Somalia, Fed. Rep.","SOM",1997,7824525,50.278,7.662
"Somalia, Fed. Rep.","SOM",1998,8155417,50.755,7.656
"Somalia, Fed. Rep.","SOM",1999,8492059,50.611,7.657
"Somalia, Fed. Rep.","SOM",2000,8838713,50.747,7.645
"Somalia, Fed. Rep.","SOM",2001,9198493,50.829,7.636
"Somalia, Fed. Rep.","SOM",2002,9550063,50.82,7.626
"Somalia, Fed. Rep.","SOM",2003,9909157,50.721,7.603
"Somalia, Fed. Rep.","SOM",2004,10280998,50.685,7.568
"Somalia, Fed. Rep.","SOM",2005,10644228,50.894,7.527
"Somalia, Fed. Rep.","SOM",2006,10975502,50.915,7.49
"Somalia, Fed. Rep.","SOM",2007,11322582,50.885,7.457
"Somalia, Fed. Rep.","SOM",2008,11663084,51.456,7.415
"Somalia, Fed. Rep.","SOM",2009,11961201,52.101,7.376
"Somalia, Fed. Rep.","SOM",2010,12261756,48.9,7.322
"Somalia, Fed. Rep.","SOM",2011,12348830,32.453,7.268
"Somalia, Fed. Rep.","SOM",2012,12461160,49.138,7.211
"Somalia, Fed. Rep.","SOM",2013,12869594,54.016,7.14
"Somalia, Fed. Rep.","SOM",2014,13339491,54.442,7.061
"Somalia, Fed. Rep.","SOM",2015,13806963,55.056,6.975
"Somalia, Fed. Rep.","SOM",2016,14348740,55.283,6.878
"Somalia, Fed. Rep.","SOM",2017,14916629,52.19,6.766
"Somalia, Fed. Rep.","SOM",2018,15452487,54.767,6.662
"Somalia, Fed. Rep.","SOM",2019,16030971,57.249,6.56
"Somalia, Fed. Rep.","SOM",2020,16651191,57.095,6.453
"Somalia, Fed. Rep.","SOM",2021,17271431,55.703,6.353
"Somalia, Fed. Rep.","SOM",2022,17801897,53.931,6.255
"Somalia, Fed. Rep.","SOM",2023,18358615,58.816,6.132
"South Africa","ZAF",1960,16440172,52.575,6.105
"South Africa","ZAF",1961,16908035,53.067,6.08
"South Africa","ZAF",1962,17418522,53.566,6.046
"South Africa","ZAF",1963,17954564,53.895,6.012
"South Africa","ZAF",1964,18511361,54.215,5.955
"South Africa","ZAF",1965,19089380,54.427,5.892
"South Africa","ZAF",1966,19690087,54.731,5.907
"South Africa","ZAF",1967,20314066,54.955,5.852
"South Africa","ZAF",1968,20957287,55.191,5.782
"South Africa","ZAF",1969,21614676,55.44,5.719
"South Africa","ZAF",1970,22279984,55.681,5.634
"South Africa","ZAF",1971,22942143,56.02,5.569
"South Africa","ZAF",1972,23609456,56.377,5.49
"South Africa","ZAF",1973,24294263,56.72,5.413
"South Africa","ZAF",1974,24989108,57.11,5.298
"South Africa","ZAF",1975,25690940,57.591,5.191
"South Africa","ZAF",1976,26395450,58,5.071
"South Africa","ZAF",1977,27118952,58.48,4.942
"South Africa","ZAF",1978,27869507,58.991,4.853
"South Africa","ZAF",1979,28634162,59.472,4.818
"South Africa","ZAF",1980,29518857,59.961,4.78
"South Africa","ZAF",1981,30541044,60.445,4.712
"South Africa","ZAF",1982,31615339,60.936,4.696
"South Africa","ZAF",1983,32739304,61.393,4.626
"South Africa","ZAF",1984,33892788,61.837,4.566
"South Africa","ZAF",1985,35042093,62.195,4.495
"South Africa","ZAF",1986,36180515,62.421,4.409
"South Africa","ZAF",1987,37326190,62.694,4.352
"South Africa","ZAF",1988,38480649,62.902,4.18
"South Africa","ZAF",1989,39628575,63.017,3.983
"South Africa","ZAF",1990,40746268,62.942,3.724
"South Africa","ZAF",1991,41687898,62.983,3.618
"South Africa","ZAF",1992,42443509,62.839,3.479
"South Africa","ZAF",1993,43297156,62.618,3.372
"South Africa","ZAF",1994,44004139,62.069,3.258
"South Africa","ZAF",1995,44541554,61.603,3.172
"South Africa","ZAF",1996,45123018,61.079,2.991
"South Africa","ZAF",1997,45666838,60.538,2.734
"South Africa","ZAF",1998,46223880,59.912,2.63
"South Africa","ZAF",1999,46730335,59.19,2.559
"South Africa","ZAF",2000,47159719,58.368,2.413
"South Africa","ZAF",2001,47566800,57.161,2.373
"South Africa","ZAF",2002,48019415,55.58,2.324
"South Africa","ZAF",2003,48500348,54.245,2.358
"South Africa","ZAF",2004,48991421,53.963,2.436
"South Africa","ZAF",2005,49490033,53.914,2.512
"South Africa","ZAF",2006,49998277,54.22,2.548
"South Africa","ZAF",2007,50528584,54.948,2.545
"South Africa","ZAF",2008,51114599,55.982,2.679
"South Africa","ZAF",2009,51728516,57.413,2.501
"South Africa","ZAF",2010,52344051,58.886,2.445
"South Africa","ZAF",2011,52995205,60.602,2.436
"South Africa","ZAF",2012,53782567,61.737,2.447
"South Africa","ZAF",2013,54678791,62.388,2.428
"South Africa","ZAF",2014,55594838,63.184,2.424
"South Africa","ZAF",2015,56723537,64.053,2.359
"South Africa","ZAF",2016,57259551,64.749,2.261
"South Africa","ZAF",2017,57635162,65.422,2.283
"South Africa","ZAF",2018,58613001,65.726,2.27
"South Africa","ZAF",2019,59587885,66.071,2.264
"South Africa","ZAF",2020,60562381,65.15,2.257
"South Africa","ZAF",2021,61502603,62.01,2.248
"South Africa","ZAF",2022,62378410,65.454,2.227
"South Africa","ZAF",2023,63212384,66.139,2.216
"South Asia","SAS",1960,507919318,45.5847588043855,5.99643314493816
"South Asia","SAS",1961,520416897,45.8783720172752,6.01292550013622
"South Asia","SAS",1962,533162544,46.2503760431791,6.02832846438143
"South Asia","SAS",1963,546111213,46.5383740922089,6.0398677590804
"South Asia","SAS",1964,559361410,46.9081118471866,6.04572178301191
"South Asia","SAS",1965,572498343,45.8384667855239,6.008650221683
"South Asia","SAS",1966,585381018,46.3047754098716,5.95428427460588
"South Asia","SAS",1967,598618725,46.625128808535,5.90764870193796
"South Asia","SAS",1968,612171905,48.1648330098961,5.84957895939763
"South Asia","SAS",1969,625773349,48.4984203842372,5.78200152561332
"South Asia","SAS",1970,640078209,48.1392393573673,5.73113650750894
"South Asia","SAS",1971,654081362,46.6849157165649,5.67694375572139
"South Asia","SAS",1972,668383197,49.4510270246545,5.60130386870779
"South Asia","SAS",1973,684000704,49.8567012037096,5.52599428260385
"South Asia","SAS",1974,700247383,50.3588160401222,5.45583178561272
"South Asia","SAS",1975,717092514,50.9170029754766,5.33807896974918
"South Asia","SAS",1976,734217635,51.4312144791619,5.27444137494508
"South Asia","SAS",1977,751760482,51.9303839573028,5.15974663561678
"South Asia","SAS",1978,769329109,52.4943779205513,5.05130631651815
"South Asia","SAS",1979,787440583,53.0633065883042,4.97314912067142
"South Asia","SAS",1980,806369775,53.6107546114151,4.93210389308236
"South Asia","SAS",1981,825638560,54.1561519201744,4.85508043055275
"South Asia","SAS",1982,845349352,54.6883182010921,4.76963779583485
"South Asia","SAS",1983,865442337,55.2088462287673,4.69716379179166
"South Asia","SAS",1984,885894499,55.7095935881379,4.63543091770381
"South Asia","SAS",1985,906622025,56.1693922205464,4.54089790157858
"South Asia","SAS",1986,927646189,56.6763008968854,4.48421257180628
"South Asia","SAS",1987,948802143,57.1271988267727,4.38245113866164
"South Asia","SAS",1988,970044151,57.5562821301481,4.28044288663876
"South Asia","SAS",1989,991571016,57.9676675968098,4.18658328511583
"South Asia","SAS",1990,1013297018,58.406615379707,4.09079809478255
"South Asia","SAS",1991,1035058149,58.5496193401874,3.98965383518945
"South Asia","SAS",1992,1057074570,59.2393230868812,3.89236745569418
"South Asia","SAS",1993,1079256381,59.6399172274896,3.80300535566384
"South Asia","SAS",1994,1101305517,60.0784359785787,3.72552810756277
"South Asia","SAS",1995,1123515559,60.4870544448028,3.64485252790157
"South Asia","SAS",1996,1145998648,60.9188482954284,3.57154357867819
"South Asia","SAS",1997,1168625898,61.3682134088457,3.50744412442615
"South Asia","SAS",1998,1191405930,61.8215419198501,3.43651880803499
"South Asia","SAS",1999,1214263809,62.2946275399582,3.37233736803084
"South Asia","SAS",2000,1237185482,62.8036305165364,3.33395356090725
"South Asia","SAS",2001,1260149056,63.2621106390743,3.28308388400588
"South Asia","SAS",2002,1282584796,63.7751981046195,3.19828354094027
"South Asia","SAS",2003,1304347790,64.2408303344517,3.10343433102198
"South Asia","SAS",2004,1325950587,64.5911610689622,3.02541628348848
"South Asia","SAS",2005,1346886384,65.131596636791,2.93687989722614
"South Asia","SAS",2006,1367187349,65.5691020177667,2.84697285381899
"South Asia","SAS",2007,1386949456,65.9890229742236,2.75669654521409
"South Asia","SAS",2008,1406047164,66.4314116387286,2.68905082515755
"South Asia","SAS",2009,1425370200,66.84109704634,2.64443180727681
"South Asia","SAS",2010,1444967010,67.3525068406787,2.56574779030977
"South Asia","SAS",2011,1464372623,67.8108394834024,2.50022514366302
"South Asia","SAS",2012,1483553073,68.2629615309516,2.44177823996936
"South Asia","SAS",2013,1501661991,68.6853288301062,2.37827206529081
"South Asia","SAS",2014,1519839246,69.1208563538772,2.28396274115946
"South Asia","SAS",2015,1537370078,69.5110334122263,2.27891070577889
"South Asia","SAS",2016,1555111864,69.9184707063298,2.2733060135155
"South Asia","SAS",2017,1572520427,70.2904723380061,2.19158171903298
"South Asia","SAS",2018,1589164714,70.6523573971364,2.18134059924297
"South Asia","SAS",2019,1605412986,70.9975623145981,2.12407623256393
"South Asia","SAS",2020,1621073417,70.3622206982499,2.06019382226457
"South Asia","SAS",2021,1634785356,67.8215299767513,2.03102990361988
"South Asia","SAS",2022,1648009565,72.0115731308447,2.01401171309975
"South Asia","SAS",2023,1662580579,72.3247648783903,1.99556441998933
"South Asia (IDA & IBRD)","TSA",1960,507919318,45.5847588043855,5.99643314493816
"South Asia (IDA & IBRD)","TSA",1961,520416897,45.8783720172752,6.01292550013622
"South Asia (IDA & IBRD)","TSA",1962,533162544,46.2503760431791,6.02832846438143
"South Asia (IDA & IBRD)","TSA",1963,546111213,46.5383740922089,6.0398677590804
"South Asia (IDA & IBRD)","TSA",1964,559361410,46.9081118471866,6.04572178301191
"South Asia (IDA & IBRD)","TSA",1965,572498343,45.8384667855239,6.008650221683
"South Asia (IDA & IBRD)","TSA",1966,585381018,46.3047754098716,5.95428427460588
"South Asia (IDA & IBRD)","TSA",1967,598618725,46.625128808535,5.90764870193796
"South Asia (IDA & IBRD)","TSA",1968,612171905,48.1648330098961,5.84957895939763
"South Asia (IDA & IBRD)","TSA",1969,625773349,48.4984203842372,5.78200152561332
"South Asia (IDA & IBRD)","TSA",1970,640078209,48.1392393573673,5.73113650750894
"South Asia (IDA & IBRD)","TSA",1971,654081362,46.6849157165649,5.67694375572139
"South Asia (IDA & IBRD)","TSA",1972,668383197,49.4510270246546,5.60130386870779
"South Asia (IDA & IBRD)","TSA",1973,684000704,49.8567012037096,5.52599428260384
"South Asia (IDA & IBRD)","TSA",1974,700247383,50.3588160401222,5.45583178561272
"South Asia (IDA & IBRD)","TSA",1975,717092514,50.9170029754766,5.33807896974918
"South Asia (IDA & IBRD)","TSA",1976,734217635,51.4312144791619,5.27444137494508
"South Asia (IDA & IBRD)","TSA",1977,751760482,51.9303839573028,5.15974663561678
"South Asia (IDA & IBRD)","TSA",1978,769329109,52.4943779205513,5.05130631651815
"South Asia (IDA & IBRD)","TSA",1979,787440583,53.0633065883042,4.97314912067142
"South Asia (IDA & IBRD)","TSA",1980,806369775,53.6107546114151,4.93210389308236
"South Asia (IDA & IBRD)","TSA",1981,825638560,54.1561519201744,4.85508043055275
"South Asia (IDA & IBRD)","TSA",1982,845349352,54.6883182010921,4.76963779583485
"South Asia (IDA & IBRD)","TSA",1983,865442337,55.2088462287673,4.69716379179166
"South Asia (IDA & IBRD)","TSA",1984,885894499,55.7095935881379,4.63543091770381
"South Asia (IDA & IBRD)","TSA",1985,906622025,56.1693922205464,4.54089790157858
"South Asia (IDA & IBRD)","TSA",1986,927646189,56.6763008968854,4.48421257180628
"South Asia (IDA & IBRD)","TSA",1987,948802143,57.1271988267727,4.38245113866164
"South Asia (IDA & IBRD)","TSA",1988,970044151,57.5562821301481,4.28044288663875
"South Asia (IDA & IBRD)","TSA",1989,991571016,57.9676675968098,4.18658328511583
"South Asia (IDA & IBRD)","TSA",1990,1013297018,58.406615379707,4.09079809478255
"South Asia (IDA & IBRD)","TSA",1991,1035058149,58.5496193401874,3.98965383518945
"South Asia (IDA & IBRD)","TSA",1992,1057074570,59.2393230868812,3.89236745569418
"South Asia (IDA & IBRD)","TSA",1993,1079256381,59.6399172274896,3.80300535566384
"South Asia (IDA & IBRD)","TSA",1994,1101305517,60.0784359785787,3.72552810756277
"South Asia (IDA & IBRD)","TSA",1995,1123515559,60.4870544448028,3.64485252790157
"South Asia (IDA & IBRD)","TSA",1996,1145998648,60.9188482954284,3.57154357867819
"South Asia (IDA & IBRD)","TSA",1997,1168625898,61.3682134088457,3.50744412442615
"South Asia (IDA & IBRD)","TSA",1998,1191405930,61.8215419198501,3.43651880803499
"South Asia (IDA & IBRD)","TSA",1999,1214263809,62.2946275399582,3.37233736803084
"South Asia (IDA & IBRD)","TSA",2000,1237185482,62.8036305165364,3.33395356090725
"South Asia (IDA & IBRD)","TSA",2001,1260149056,63.2621106390743,3.28308388400588
"South Asia (IDA & IBRD)","TSA",2002,1282584796,63.7751981046195,3.19828354094027
"South Asia (IDA & IBRD)","TSA",2003,1304347790,64.2408303344517,3.10343433102198
"South Asia (IDA & IBRD)","TSA",2004,1325950587,64.5911610689622,3.02541628348848
"South Asia (IDA & IBRD)","TSA",2005,1346886384,65.131596636791,2.93687989722614
"South Asia (IDA & IBRD)","TSA",2006,1367187349,65.5691020177667,2.84697285381899
"South Asia (IDA & IBRD)","TSA",2007,1386949456,65.9890229742236,2.75669654521409
"South Asia (IDA & IBRD)","TSA",2008,1406047164,66.4314116387286,2.68905082515755
"South Asia (IDA & IBRD)","TSA",2009,1425370200,66.84109704634,2.64443180727681
"South Asia (IDA & IBRD)","TSA",2010,1444967010,67.3525068406787,2.56574779030977
"South Asia (IDA & IBRD)","TSA",2011,1464372623,67.8108394834024,2.50022514366302
"South Asia (IDA & IBRD)","TSA",2012,1483553073,68.2629615309516,2.44177823996936
"South Asia (IDA & IBRD)","TSA",2013,1501661991,68.6853288301062,2.37827206529081
"South Asia (IDA & IBRD)","TSA",2014,1519839246,69.1208563538772,2.28396274115946
"South Asia (IDA & IBRD)","TSA",2015,1537370078,69.5110334122263,2.27891070577889
"South Asia (IDA & IBRD)","TSA",2016,1555111864,69.9184707063298,2.2733060135155
"South Asia (IDA & IBRD)","TSA",2017,1572520427,70.2904723380061,2.19158171903298
"South Asia (IDA & IBRD)","TSA",2018,1589164714,70.6523573971364,2.18134059924297
"South Asia (IDA & IBRD)","TSA",2019,1605412986,70.9975623145981,2.12407623256393
"South Asia (IDA & IBRD)","TSA",2020,1621073417,70.3622206982499,2.06019382226457
"South Asia (IDA & IBRD)","TSA",2021,1634785356,67.8215299767513,2.03102990361988
"South Asia (IDA & IBRD)","TSA",2022,1648009565,72.0115731308447,2.01401171309975
"South Asia (IDA & IBRD)","TSA",2023,1662580579,72.3247648783903,1.99556441998933
"South Sudan","SSD",1960,2931559,28.054,7.161
"South Sudan","SSD",1961,2976724,28.278,7.178
"South Sudan","SSD",1962,3024308,28.506,7.195
"South Sudan","SSD",1963,3072669,28.249,7.196
"South Sudan","SSD",1964,3129918,32.458,7.22
"South Sudan","SSD",1965,3189835,28.781,7.222
"South Sudan","SSD",1966,3236423,25.633,7.254
"South Sudan","SSD",1967,3277648,25.858,7.257
"South Sudan","SSD",1968,3321528,26.103,7.264
"South Sudan","SSD",1969,3365533,25.396,7.281
"South Sudan","SSD",1970,3409614,25.632,7.286
"South Sudan","SSD",1971,3468646,30.993,7.296
"South Sudan","SSD",1972,3542497,31.291,7.311
"South Sudan","SSD",1973,3627383,36.277,7.311
"South Sudan","SSD",1974,3723259,36.589,7.314
"South Sudan","SSD",1975,3821494,36.867,7.326
"South Sudan","SSD",1976,3921910,37.092,7.331
"South Sudan","SSD",1977,4024032,37.397,7.325
"South Sudan","SSD",1978,4127657,37.592,7.329
"South Sudan","SSD",1979,4232605,37.805,7.32
"South Sudan","SSD",1980,4339030,38.034,7.328
"South Sudan","SSD",1981,4447272,38.313,7.332
"South Sudan","SSD",1982,4557686,38.677,7.343
"South Sudan","SSD",1983,4661574,34.733,7.342
"South Sudan","SSD",1984,4750627,31.788,7.346
"South Sudan","SSD",1985,4834296,32.36,7.357
"South Sudan","SSD",1986,4921240,32.816,7.378
"South Sudan","SSD",1987,4962395,20.721,7.386
"South Sudan","SSD",1988,4848029,10.989,7.376
"South Sudan","SSD",1989,4713229,28.217,7.374
"South Sudan","SSD",1990,4737633,28.628,7.377
"South Sudan","SSD",1991,4836677,29.185,7.377
"South Sudan","SSD",1992,4909749,21.938,7.37
"South Sudan","SSD",1993,4956002,22.263,7.36
"South Sudan","SSD",1994,5071184,44.858,7.346
"South Sudan","SSD",1995,5225836,31.51,7.337
"South Sudan","SSD",1996,5356925,32.124,7.321
"South Sudan","SSD",1997,5509136,33.068,7.199
"South Sudan","SSD",1998,5620068,19.048,7.078
"South Sudan","SSD",1999,5771628,44.537,6.937
"South Sudan","SSD",2000,6032267,47.591,6.803
"South Sudan","SSD",2001,6308391,48.55,6.654
"South Sudan","SSD",2002,6596806,49.394,6.515
"South Sudan","SSD",2003,6903127,52.324,6.353
"South Sudan","SSD",2004,7233041,53.052,6.19
"South Sudan","SSD",2005,7590143,53.965,6.022
"South Sudan","SSD",2006,7976526,54.653,5.853
"South Sudan","SSD",2007,8388788,55.425,5.704
"South Sudan","SSD",2008,8817647,56.28,5.569
"South Sudan","SSD",2009,9243556,56.848,5.446
"South Sudan","SSD",2010,9745953,57.485,5.318
"South Sudan","SSD",2011,10288109,57.674,5.193
"South Sudan","SSD",2012,10756240,58.241,5.061
"South Sudan","SSD",2013,11166275,58.285,4.939
"South Sudan","SSD",2014,11235073,45.625,4.818
"South Sudan","SSD",2015,11107561,39.757,4.695
"South Sudan","SSD",2016,10830102,36.72,4.579
"South Sudan","SSD",2017,10259154,35.351,4.483
"South Sudan","SSD",2018,10122977,51.905,4.37
"South Sudan","SSD",2019,10423384,58.129,4.26
"South Sudan","SSD",2020,10698467,57.648,4.16
"South Sudan","SSD",2021,10865780,57.047,4.047
"South Sudan","SSD",2022,11021177,57.203,3.964
"South Sudan","SSD",2023,11483374,57.617,3.864
"Spain","ESP",1960,30455000,69.1092682926829,2.86
"Spain","ESP",1961,30739250,69.4804878048781,2.77
"Spain","ESP",1962,31023366,69.5190243902439,2.8
"Spain","ESP",1963,31296651,69.6812195121951,2.88
"Spain","ESP",1964,31609195,70.399756097561,3.01
"Spain","ESP",1965,31954292,70.8092682926829,2.94
"Spain","ESP",1966,32283194,71.0551219512195,2.91
"Spain","ESP",1967,32682947,71.2529268292683,2.94
"Spain","ESP",1968,33113134,71.5378048780488,2.87
"Spain","ESP",1969,33441054,71.0575609756098,2.86
"Spain","ESP",1970,33814531,72.0273170731707,2.84
"Spain","ESP",1971,34224490,71.630243902439,2.9
"Spain","ESP",1972,34604469,72.8180487804878,2.87
"Spain","ESP",1973,34988947,72.6107317073171,2.84
"Spain","ESP",1974,35373335,72.969756097561,2.88
"Spain","ESP",1975,35757900,73.3187804878049,2.77
"Spain","ESP",1976,36137812,73.6426829268293,2.77
"Spain","ESP",1977,36511638,74.1319512195122,2.65
"Spain","ESP",1978,36864898,74.2956097560976,2.54
"Spain","ESP",1979,37191330,74.8187804878049,2.37
"Spain","ESP",1980,37491165,75.3492682926829,2.22
"Spain","ESP",1981,37758631,75.5285365853659,2.04
"Spain","ESP",1982,37986012,76.1341463414634,1.94
"Spain","ESP",1983,38171525,75.9090243902439,1.8
"Spain","ESP",1984,38330364,76.2953658536586,1.73
"Spain","ESP",1985,38469512,76.259512195122,1.64
"Spain","ESP",1986,38584624,76.5104878048781,1.56
"Spain","ESP",1987,38684815,76.7280487804878,1.49
"Spain","ESP",1988,38766939,76.7470731707317,1.45
"Spain","ESP",1989,38827764,76.8136585365854,1.4
"Spain","ESP",1990,38867322,76.8375609756098,1.36
"Spain","ESP",1991,38966376,76.9712195121951,1.33
"Spain","ESP",1992,39157685,77.41,1.31
"Spain","ESP",1993,39361262,77.5465853658537,1.26
"Spain","ESP",1994,39549108,77.9014634146342,1.19
"Spain","ESP",1995,39724050,77.9807317073171,1.16
"Spain","ESP",1996,39889852,78.1204878048781,1.14
"Spain","ESP",1997,40057389,78.6041463414634,1.15
"Spain","ESP",1998,40223509,78.6658536585366,1.13
"Spain","ESP",1999,40386875,78.7170731707317,1.17
"Spain","ESP",2000,40567864,78.9658536585366,1.22
"Spain","ESP",2001,40850412,79.3682926829268,1.23
"Spain","ESP",2002,41431558,79.5682926829268,1.25
"Spain","ESP",2003,42187645,79.619512195122,1.3
"Spain","ESP",2004,42921895,79.8707317073171,1.31
"Spain","ESP",2005,43653155,80.1707317073171,1.33
"Spain","ESP",2006,44397319,80.8219512195122,1.36
"Spain","ESP",2007,45226803,80.8731707317073,1.38
"Spain","ESP",2008,45954106,81.1756097560976,1.45
"Spain","ESP",2009,46362946,81.4756097560976,1.38
"Spain","ESP",2010,46576897,81.6268292682927,1.37
"Spain","ESP",2011,46742697,82.4756097560976,1.34
"Spain","ESP",2012,46773055,82.4268292682927,1.32
"Spain","ESP",2013,46604197,83.0780487804878,1.27
"Spain","ESP",2014,46460733,83.2292682926829,1.32
"Spain","ESP",2015,46422303,82.8317073170732,1.33
"Spain","ESP",2016,46458139,83.3292682926829,1.33
"Spain","ESP",2017,46571232,83.2829268292683,1.31
"Spain","ESP",2018,46782011,83.4317073170732,1.26
"Spain","ESP",2019,47118501,83.8317073170732,1.23
"Spain","ESP",2020,47359424,82.2317073170732,1.18
"Spain","ESP",2021,47443821,83.1780487804878,1.18
"Spain","ESP",2022,47786102,83.1341463414634,1.16
"Spain","ESP",2023,48352528,83.8829268292683,1.12
"Sri Lanka","LKA",1960,9661389,60.602,5.352
"Sri Lanka","LKA",1961,9899372,61.158,5.24
"Sri Lanka","LKA",1962,10143754,61.627,5.177
"Sri Lanka","LKA",1963,10395040,62.031,5.118
"Sri Lanka","LKA",1964,10653397,62.376,5.057
"Sri Lanka","LKA",1965,10916965,62.793,4.934
"Sri Lanka","LKA",1966,11183928,63.156,4.828
"Sri Lanka","LKA",1967,11457328,63.556,4.787
"Sri Lanka","LKA",1968,11736088,63.869,4.658
"Sri Lanka","LKA",1969,12013858,64.138,4.499
"Sri Lanka","LKA",1970,12287110,64.352,4.387
"Sri Lanka","LKA",1971,12551910,64.24,4.266
"Sri Lanka","LKA",1972,12809205,64.625,4.156
"Sri Lanka","LKA",1973,13060916,64.785,4.001
"Sri Lanka","LKA",1974,13305693,64.966,3.855
"Sri Lanka","LKA",1975,13548984,65.355,3.816
"Sri Lanka","LKA",1976,13796770,65.84,3.783
"Sri Lanka","LKA",1977,14049371,66.391,3.741
"Sri Lanka","LKA",1978,14310128,66.844,3.81
"Sri Lanka","LKA",1979,14579614,67.514,3.822
"Sri Lanka","LKA",1980,14847974,68.006,3.725
"Sri Lanka","LKA",1981,15099414,68.38,3.649
"Sri Lanka","LKA",1982,15286567,68.665,3.32
"Sri Lanka","LKA",1983,15388794,68.726,3.114
"Sri Lanka","LKA",1984,15441860,68.761,3.006
"Sri Lanka","LKA",1985,15544154,68.881,2.895
"Sri Lanka","LKA",1986,15731256,68.962,2.743
"Sri Lanka","LKA",1987,15916576,69.009,2.644
"Sri Lanka","LKA",1988,16078621,68.995,2.565
"Sri Lanka","LKA",1989,16248557,67.284,2.578
"Sri Lanka","LKA",1990,16352458,69.239,2.541
"Sri Lanka","LKA",1991,16475354,69.131,2.514
"Sri Lanka","LKA",1992,16739284,69.619,2.487
"Sri Lanka","LKA",1993,17025918,70.049,2.438
"Sri Lanka","LKA",1994,17275773,70.211,2.405
"Sri Lanka","LKA",1995,17564068,69.746,2.353
"Sri Lanka","LKA",1996,17905018,69.841,2.285
"Sri Lanka","LKA",1997,18248200,69.934,2.215
"Sri Lanka","LKA",1998,18596003,70.134,2.136
"Sri Lanka","LKA",1999,18944731,70.427,2.142
"Sri Lanka","LKA",2000,19293054,71.179,2.213
"Sri Lanka","LKA",2001,19600362,71.804,2.283
"Sri Lanka","LKA",2002,19805752,72.271,2.31
"Sri Lanka","LKA",2003,19951521,72.442,2.301
"Sri Lanka","LKA",2004,20087605,68.022,2.271
"Sri Lanka","LKA",2005,20216524,73.073,2.263
"Sri Lanka","LKA",2006,20352411,72.825,2.292
"Sri Lanka","LKA",2007,20492545,72.983,2.295
"Sri Lanka","LKA",2008,20629378,72.556,2.232
"Sri Lanka","LKA",2009,20756435,70.298,2.179
"Sri Lanka","LKA",2010,20879089,74.463,2.134
"Sri Lanka","LKA",2011,21009048,74.74,2.144
"Sri Lanka","LKA",2012,21169458,75.187,2.173
"Sri Lanka","LKA",2013,20585000,75.546,2.178
"Sri Lanka","LKA",2014,20778000,75.757,2.134
"Sri Lanka","LKA",2015,20970000,75.99,2.09
"Sri Lanka","LKA",2016,21209000,76.136,2.062
"Sri Lanka","LKA",2017,21453000,76.239,2.044
"Sri Lanka","LKA",2018,21670000,76.485,2.033
"Sri Lanka","LKA",2019,21803000,76.698,2.022
"Sri Lanka","LKA",2020,21919000,76.928,2.007
"Sri Lanka","LKA",2021,22156000,76.278,1.995
"Sri Lanka","LKA",2022,22181000,77.3,1.984
"Sri Lanka","LKA",2023,22037000,77.483,1.974
"Sub-Saharan Africa","SSF",1960,227706653,41.4298887419235,6.57175107156462
"Sub-Saharan Africa","SSF",1961,233241597,41.7287263390954,6.58571655380682
"Sub-Saharan Africa","SSF",1962,239026415,42.2375875851933,6.60390996665115
"Sub-Saharan Africa","SSF",1963,245034711,42.5168097817683,6.61960920539895
"Sub-Saharan Africa","SSF",1964,251292534,42.8510896648394,6.63603034843255
"Sub-Saharan Africa","SSF",1965,257806104,43.1164726168028,6.650388568379
"Sub-Saharan Africa","SSF",1966,264528156,43.2228876153914,6.67747347276146
"Sub-Saharan Africa","SSF",1967,271499400,43.5439384775619,6.69402613956889
"Sub-Saharan Africa","SSF",1968,278774032,44.032026628393,6.70872169060774
"Sub-Saharan Africa","SSF",1969,286291766,44.3086800254961,6.72015983325188
"Sub-Saharan Africa","SSF",1970,294071521,44.7694765853369,6.73541748554794
"Sub-Saharan Africa","SSF",1971,302095262,45.09007091812,6.75655309270745
"Sub-Saharan Africa","SSF",1972,310303050,45.1796589281654,6.77135263182088
"Sub-Saharan Africa","SSF",1973,318974077,45.736173216604,6.78278723428114
"Sub-Saharan Africa","SSF",1974,328098223,45.9732500763121,6.79683073910367
"Sub-Saharan Africa","SSF",1975,337484491,46.3255594107969,6.80639805760758
"Sub-Saharan Africa","SSF",1976,347140248,47.0036478662147,6.80547710156736
"Sub-Saharan Africa","SSF",1977,356939418,47.4272046346911,6.80735011453269
"Sub-Saharan Africa","SSF",1978,367476902,47.7120083712455,6.80824261381843
"Sub-Saharan Africa","SSF",1979,378695833,48.1551440811002,6.7926282121244
"Sub-Saharan Africa","SSF",1980,389959247,48.5430503046262,6.77334619886944
"Sub-Saharan Africa","SSF",1981,401805572,48.8200984112774,6.74806811693294
"Sub-Saharan Africa","SSF",1982,414407128,49.1042093457257,6.72084570386242
"Sub-Saharan Africa","SSF",1983,426899800,48.382750114588,6.68550687265287
"Sub-Saharan Africa","SSF",1984,439338948,48.5119195187103,6.63803070080624
"Sub-Saharan Africa","SSF",1985,452261445,48.8073449381138,6.5869276136374
"Sub-Saharan Africa","SSF",1986,465510912,49.2139103725853,6.53893839277634
"Sub-Saharan Africa","SSF",1987,479171693,49.8883393110629,6.49032982846357
"Sub-Saharan Africa","SSF",1988,492983652,49.8679346475843,6.43404367064139
"Sub-Saharan Africa","SSF",1989,507001395,50.1510167097872,6.373415097691
"Sub-Saharan Africa","SSF",1990,521314712,50.0362525535802,6.30104158509286
"Sub-Saharan Africa","SSF",1991,535621670,49.9323096320009,6.24298819620138
"Sub-Saharan Africa","SSF",1992,550274082,49.9010190613144,6.18200606176961
"Sub-Saharan Africa","SSF",1993,565570780,50.1822375532185,6.12528105635408
"Sub-Saharan Africa","SSF",1994,580801913,50.1198955189797,6.06470169714644
"Sub-Saharan Africa","SSF",1995,596382250,50.4948951919511,6.00466548721661
"Sub-Saharan Africa","SSF",1996,612553970,50.4514360464676,5.93565342182207
"Sub-Saharan Africa","SSF",1997,628853819,50.6238137510063,5.86627830955653
"Sub-Saharan Africa","SSF",1998,645803591,50.5660477844902,5.81443019518496
"Sub-Saharan Africa","SSF",1999,663257231,51.007162915265,5.7770198423302
"Sub-Saharan Africa","SSF",2000,681125107,51.6452445598305,5.73773655872012
"Sub-Saharan Africa","SSF",2001,699588585,51.9871852409843,5.69618761864136
"Sub-Saharan Africa","SSF",2002,718662153,52.3573943143863,5.65152239416774
"Sub-Saharan Africa","SSF",2003,738316131,52.8273758116531,5.61321051983256
"Sub-Saharan Africa","SSF",2004,758653144,53.3464613070226,5.58655124417467
"Sub-Saharan Africa","SSF",2005,779665113,53.8932697449503,5.55866997151161
"Sub-Saharan Africa","SSF",2006,801269368,54.5901258302239,5.52178259567579
"Sub-Saharan Africa","SSF",2007,823564883,55.263324559654,5.4761027827376
"Sub-Saharan Africa","SSF",2008,846656872,55.8873142457425,5.44570154645801
"Sub-Saharan Africa","SSF",2009,870347292,56.3679630366864,5.3858400117165
"Sub-Saharan Africa","SSF",2010,894666657,57.1070604462138,5.32483728093835
"Sub-Saharan Africa","SSF",2011,919528126,57.4734418430734,5.25454227435434
"Sub-Saharan Africa","SSF",2012,944970310,58.2281190131813,5.17788889708355
"Sub-Saharan Africa","SSF",2013,971232906,58.7179604310977,5.09694190762164
"Sub-Saharan Africa","SSF",2014,997961037,58.9855723923094,5.02360313569775
"Sub-Saharan Africa","SSF",2015,1025251114,59.398721466191,4.94309396610617
"Sub-Saharan Africa","SSF",2016,1052824144,59.8121001978138,4.85964137221829
"Sub-Saharan Africa","SSF",2017,1080941647,60.1584015341066,4.78022796585899
"Sub-Saharan Africa","SSF",2018,1109997000,60.7667275136709,4.69665184284359
"Sub-Saharan Africa","SSF",2019,1139315618,61.1293218424873,4.61328768259518
"Sub-Saharan Africa","SSF",2020,1169015451,61.1675270829902,4.5296824078878
"Sub-Saharan Africa","SSF",2021,1199011925,60.7034363660672,4.46442444851627
"Sub-Saharan Africa","SSF",2022,1229208573,61.8571795894802,4.39651820585481
"Sub-Saharan Africa","SSF",2023,1259889959,62.6028071536951,4.33245083585001
"Sudan","SDN",1960,8364489,49.566,6.663
"Sudan","SDN",1961,8634941,49.964,6.656
"Sudan","SDN",1962,8919028,50.419,6.704
"Sudan","SDN",1963,9218077,50.816,6.758
"Sudan","SDN",1964,9531109,50.879,6.804
"Sudan","SDN",1965,9858030,51.031,6.84
"Sudan","SDN",1966,10197578,51.253,6.879
"Sudan","SDN",1967,10550597,51.495,6.909
"Sudan","SDN",1968,10917999,51.762,6.946
"Sudan","SDN",1969,11298936,52.04,6.967
"Sudan","SDN",1970,11695771,52.294,6.986
"Sudan","SDN",1971,12105539,52.541,7.019
"Sudan","SDN",1972,12527856,52.803,6.983
"Sudan","SDN",1973,13049315,52.988,6.939
"Sudan","SDN",1974,13580723,53.156,6.909
"Sudan","SDN",1975,14064798,53.31,6.866
"Sudan","SDN",1976,14569716,53.342,6.823
"Sudan","SDN",1977,15086614,53.522,6.775
"Sudan","SDN",1978,15695003,53.29,6.72
"Sudan","SDN",1979,16355352,53.374,6.651
"Sudan","SDN",1980,17058905,54.072,6.592
"Sudan","SDN",1981,17780572,54.369,6.528
"Sudan","SDN",1982,18486645,54.375,6.473
"Sudan","SDN",1983,19109770,49.562,6.413
"Sudan","SDN",1984,19546528,49.807,6.343
"Sudan","SDN",1985,19905872,50.014,6.279
"Sudan","SDN",1986,20288238,54.558,6.225
"Sudan","SDN",1987,20704904,54.747,6.175
"Sudan","SDN",1988,21138431,54.984,6.132
"Sudan","SDN",1989,21578022,54.883,6.106
"Sudan","SDN",1990,22021481,55.497,6.074
"Sudan","SDN",1991,22470676,55.553,6.05
"Sudan","SDN",1992,22927355,55.952,6.019
"Sudan","SDN",1993,23445592,56.102,5.97
"Sudan","SDN",1994,24043948,57.022,5.912
"Sudan","SDN",1995,24672143,57.447,5.856
"Sudan","SDN",1996,25231528,57.638,5.792
"Sudan","SDN",1997,25799821,58.058,5.717
"Sudan","SDN",1998,26458999,58.308,5.646
"Sudan","SDN",1999,27130613,58.607,5.622
"Sudan","SDN",2000,27816745,58.946,5.596
"Sudan","SDN",2001,28516770,59.264,5.562
"Sudan","SDN",2002,29228727,59.308,5.531
"Sudan","SDN",2003,29896035,58.319,5.489
"Sudan","SDN",2004,30556637,56.773,5.455
"Sudan","SDN",2005,31262444,57.226,5.397
"Sudan","SDN",2006,31992435,60.4,5.332
"Sudan","SDN",2007,32764135,61.442,5.27
"Sudan","SDN",2008,33623980,61.261,5.212
"Sudan","SDN",2009,34569113,62.676,5.173
"Sudan","SDN",2010,35414399,62.979,5.141
"Sudan","SDN",2011,36140806,63.181,5.087
"Sudan","SDN",2012,36923178,63.427,5.031
"Sudan","SDN",2013,37785849,63.443,4.965
"Sudan","SDN",2014,38823318,63.99,4.912
"Sudan","SDN",2015,40024431,64.375,4.898
"Sudan","SDN",2016,41259892,64.677,4.829
"Sudan","SDN",2017,42714306,65.146,4.761
"Sudan","SDN",2018,44230596,65.501,4.681
"Sudan","SDN",2019,45548175,65.803,4.617
"Sudan","SDN",2020,46789231,65.124,4.542
"Sudan","SDN",2021,48066924,64.46,4.457
"Sudan","SDN",2022,49383346,65.695,4.384
"Sudan","SDN",2023,50042791,66.331,4.323
"Sweden","SWE",1960,7484656,73.0056097560976,2.17
"Sweden","SWE",1961,7519998,73.4743902439024,2.21
"Sweden","SWE",1962,7561588,73.3504878048781,2.25
"Sweden","SWE",1963,7604328,73.5553658536585,2.33
"Sweden","SWE",1964,7661354,73.7331707317073,2.47
"Sweden","SWE",1965,7733853,73.8617073170732,2.39
"Sweden","SWE",1966,7807797,74.0785365853659,2.37
"Sweden","SWE",1967,7867931,74.1224390243903,2.28
"Sweden","SWE",1968,7912273,73.9729268292683,2.07
"Sweden","SWE",1969,7968072,74.0848780487805,1.93
"Sweden","SWE",1970,8042801,74.6492682926829,1.92
"Sweden","SWE",1971,8098334,74.6239024390244,1.96
"Sweden","SWE",1972,8122300,74.7180487804878,1.91
"Sweden","SWE",1973,8136312,74.8673170731707,1.87
"Sweden","SWE",1974,8159955,74.9804878048781,1.87
"Sweden","SWE",1975,8192437,74.9846341463415,1.77
"Sweden","SWE",1976,8222286,74.9692682926829,1.68
"Sweden","SWE",1977,8251540,75.379756097561,1.64
"Sweden","SWE",1978,8275599,75.4690243902439,1.6
"Sweden","SWE",1979,8293678,75.5241463414634,1.66
"Sweden","SWE",1980,8310531,75.7409756097561,1.68
"Sweden","SWE",1981,8320503,76.0260975609756,1.63
"Sweden","SWE",1982,8325263,76.3273170731707,1.62
"Sweden","SWE",1983,8329033,76.5517073170732,1.61
"Sweden","SWE",1984,8336605,76.8158536585366,1.66
"Sweden","SWE",1985,8350386,76.6678048780488,1.74
"Sweden","SWE",1986,8369829,76.9312195121951,1.8
"Sweden","SWE",1987,8397804,77.0921951219512,1.84
"Sweden","SWE",1988,8436489,76.9792682926829,1.96
"Sweden","SWE",1989,8492964,77.7268292682927,2.01
"Sweden","SWE",1990,8558835,77.5368292682927,2.13
"Sweden","SWE",1991,8617375,77.6668292682927,2.11
"Sweden","SWE",1992,8668067,77.9987804878049,2.09
"Sweden","SWE",1993,8718561,78.0604878048781,1.99
"Sweden","SWE",1994,8780745,78.650243902439,1.88
"Sweden","SWE",1995,8826939,78.7404878048781,1.73
"Sweden","SWE",1996,8840998,78.9590243902439,1.6
"Sweden","SWE",1997,8846062,79.1975609756098,1.52
"Sweden","SWE",1998,8850974,79.3390243902439,1.5
"Sweden","SWE",1999,8857874,79.4414634146342,1.5
"Sweden","SWE",2000,8872109,79.6439024390244,1.54
"Sweden","SWE",2001,8895960,79.7951219512195,1.57
"Sweden","SWE",2002,8924958,79.8463414634146,1.65
"Sweden","SWE",2003,8958229,80.0951219512195,1.71
"Sweden","SWE",2004,8993531,80.4975609756098,1.75
"Sweden","SWE",2005,9029572,80.5463414634146,1.77
"Sweden","SWE",2006,9080505,80.7487804878049,1.85
"Sweden","SWE",2007,9148092,80.9,1.88
"Sweden","SWE",2008,9219637,81.1,1.91
"Sweden","SWE",2009,9298515,81.3512195121951,1.94
"Sweden","SWE",2010,9378126,81.4512195121951,1.98
"Sweden","SWE",2011,9449213,81.8024390243903,1.9
"Sweden","SWE",2012,9519374,81.7048780487805,1.91
"Sweden","SWE",2013,9600379,81.9560975609756,1.89
"Sweden","SWE",2014,9696110,82.2536585365854,1.88
"Sweden","SWE",2015,9799186,82.2048780487805,1.85
"Sweden","SWE",2016,9923085,82.3073170731707,1.85
"Sweden","SWE",2017,10057698,82.409756097561,1.78
"Sweden","SWE",2018,10175214,82.5585365853659,1.76
"Sweden","SWE",2019,10278887,83.109756097561,1.71
"Sweden","SWE",2020,10353442,82.3560975609756,1.67
"Sweden","SWE",2021,10415811,83.0560975609756,1.67
"Sweden","SWE",2022,10486941,83.0585365853659,1.53
"Sweden","SWE",2023,10536632,83.309756097561,1.45
"Switzerland","CHE",1960,5327827,71.3134146341463,2.44
"Switzerland","CHE",1961,5434294,71.6448780487805,2.52
"Switzerland","CHE",1962,5573815,71.1960975609756,2.58
"Switzerland","CHE",1963,5694247,71.1875609756098,2.65
"Switzerland","CHE",1964,5789228,72.0778048780488,2.66
"Switzerland","CHE",1965,5856472,72.2017073170732,2.59
"Switzerland","CHE",1966,5918002,72.3356097560976,2.5
"Switzerland","CHE",1967,5991785,72.6365853658537,2.39
"Switzerland","CHE",1968,6067714,72.590243902439,2.29
"Switzerland","CHE",1969,6136387,72.6126829268293,2.19
"Switzerland","CHE",1970,6180877,73.020243902439,2.1
"Switzerland","CHE",1971,6213399,73.1307317073171,2.04
"Switzerland","CHE",1972,6260956,73.6443902439024,1.91
"Switzerland","CHE",1973,6307347,73.9409756097561,1.81
"Switzerland","CHE",1974,6341405,74.2870731707317,1.73
"Switzerland","CHE",1975,6338632,74.6656097560976,1.61
"Switzerland","CHE",1976,6302504,74.7853658536585,1.55
"Switzerland","CHE",1977,6281174,75.2380487804878,1.53
"Switzerland","CHE",1978,6281738,75.1873170731707,1.51
"Switzerland","CHE",1979,6294365,75.4660975609756,1.52
"Switzerland","CHE",1980,6319408,75.4592682926829,1.55
"Switzerland","CHE",1981,6354074,75.6931707317073,1.55
"Switzerland","CHE",1982,6391309,76.0339024390244,1.56
"Switzerland","CHE",1983,6418773,76.0312195121951,1.52
"Switzerland","CHE",1984,6441865,76.6085365853659,1.53
"Switzerland","CHE",1985,6470365,76.7336585365854,1.52
"Switzerland","CHE",1986,6504124,76.8990243902439,1.53
"Switzerland","CHE",1987,6545106,77.1975609756098,1.52
"Switzerland","CHE",1988,6593386,77.2265853658537,1.57
"Switzerland","CHE",1989,6646912,77.4212195121951,1.56
"Switzerland","CHE",1990,6715519,77.2424390243902,1.58
"Switzerland","CHE",1991,6799978,77.5146341463415,1.58
"Switzerland","CHE",1992,6875364,77.8060975609756,1.58
"Switzerland","CHE",1993,6938265,78.0853658536586,1.51
"Switzerland","CHE",1994,6993795,78.35,1.49
"Switzerland","CHE",1995,7040687,78.4170731707317,1.48
"Switzerland","CHE",1996,7071850,78.8960975609756,1.5
"Switzerland","CHE",1997,7088906,79.079512195122,1.48
"Switzerland","CHE",1998,7110001,79.3243902439025,1.47
"Switzerland","CHE",1999,7143991,79.580487804878,1.48
"Switzerland","CHE",2000,7184250,79.6804878048781,1.5
"Switzerland","CHE",2001,7229854,80.1804878048781,1.38
"Switzerland","CHE",2002,7284753,80.3853658536585,1.39
"Switzerland","CHE",2003,7339001,80.5365853658537,1.39
"Switzerland","CHE",2004,7389625,81.0878048780488,1.42
"Switzerland","CHE",2005,7437115,81.2365853658537,1.42
"Switzerland","CHE",2006,7483934,81.490243902439,1.44
"Switzerland","CHE",2007,7551117,81.7414634146342,1.46
"Switzerland","CHE",2008,7647675,81.9926829268293,1.48
"Switzerland","CHE",2009,7743831,82.0439024390244,1.5
"Switzerland","CHE",2010,7824909,82.2463414634147,1.52
"Switzerland","CHE",2011,7912398,82.6951219512195,1.52
"Switzerland","CHE",2012,7996861,82.6975609756098,1.52
"Switzerland","CHE",2013,8089346,82.7975609756098,1.52
"Switzerland","CHE",2014,8188649,83.1975609756098,1.54
"Switzerland","CHE",2015,8282396,82.8975609756098,1.54
"Switzerland","CHE",2016,8373338,83.6024390243903,1.54
"Switzerland","CHE",2017,8451840,83.5512195121951,1.52
"Switzerland","CHE",2018,8514329,83.7536585365854,1.52
"Switzerland","CHE",2019,8575280,83.9048780487805,1.48
"Switzerland","CHE",2020,8638167,83,1.46
"Switzerland","CHE",2021,8704546,83.7512195121951,1.52
"Switzerland","CHE",2022,8777088,83.6048780487805,1.39
"Switzerland","CHE",2023,8888822,84.0560975609756,1.33
"Syrian Arab Republic","SYR",1960,4673500,52.723,7.505
"Syrian Arab Republic","SYR",1961,4815466,53.652,7.502
"Syrian Arab Republic","SYR",1962,4959340,54.569,7.51
"Syrian Arab Republic","SYR",1963,5110467,55.394,7.511
"Syrian Arab Republic","SYR",1964,5269087,56.17,7.525
"Syrian Arab Republic","SYR",1965,5435267,56.901,7.532
"Syrian Arab Republic","SYR",1966,5609047,57.55,7.552
"Syrian Arab Republic","SYR",1967,5790198,58.045,7.556
"Syrian Arab Republic","SYR",1968,5978742,59.118,7.569
"Syrian Arab Republic","SYR",1969,6175166,59.844,7.586
"Syrian Arab Republic","SYR",1970,6380609,60.608,7.621
"Syrian Arab Republic","SYR",1971,6598094,61.334,7.6
"Syrian Arab Republic","SYR",1972,6826024,61.969,7.573
"Syrian Arab Republic","SYR",1973,7060321,60.826,7.548
"Syrian Arab Republic","SYR",1974,7302160,63.441,7.52
"Syrian Arab Republic","SYR",1975,7554364,64.187,7.486
"Syrian Arab Republic","SYR",1976,7817320,64.844,7.448
"Syrian Arab Republic","SYR",1977,8090501,65.398,7.418
"Syrian Arab Republic","SYR",1978,8372759,65.932,7.345
"Syrian Arab Republic","SYR",1979,8661909,66.244,7.247
"Syrian Arab Republic","SYR",1980,8957663,66.545,7.119
"Syrian Arab Republic","SYR",1981,9260189,64.598,6.974
"Syrian Arab Republic","SYR",1982,9572511,60.839,6.811
"Syrian Arab Republic","SYR",1983,9904809,67.35,6.692
"Syrian Arab Republic","SYR",1984,10258398,67.723,6.586
"Syrian Arab Republic","SYR",1985,10625672,68.048,6.484
"Syrian Arab Republic","SYR",1986,11002844,68.415,6.365
"Syrian Arab Republic","SYR",1987,11388923,68.797,6.201
"Syrian Arab Republic","SYR",1988,11782264,69.172,5.999
"Syrian Arab Republic","SYR",1989,12179060,69.486,5.777
"Syrian Arab Republic","SYR",1990,12579208,69.83,5.561
"Syrian Arab Republic","SYR",1991,12980821,70.075,5.342
"Syrian Arab Republic","SYR",1992,13385571,70.243,5.141
"Syrian Arab Republic","SYR",1993,13795686,70.309,4.994
"Syrian Arab Republic","SYR",1994,14208583,70.296,4.856
"Syrian Arab Republic","SYR",1995,14616801,70.209,4.697
"Syrian Arab Republic","SYR",1996,15018104,70.156,4.536
"Syrian Arab Republic","SYR",1997,15417542,70.158,4.371
"Syrian Arab Republic","SYR",1998,15820413,70.237,4.25
"Syrian Arab Republic","SYR",1999,16228061,70.507,4.144
"Syrian Arab Republic","SYR",2000,16637888,70.856,4.068
"Syrian Arab Republic","SYR",2001,17051338,71.296,3.976
"Syrian Arab Republic","SYR",2002,17468332,71.742,3.865
"Syrian Arab Republic","SYR",2003,17889296,72.188,3.763
"Syrian Arab Republic","SYR",2004,18336875,72.494,3.679
"Syrian Arab Republic","SYR",2005,18814091,72.797,3.605
"Syrian Arab Republic","SYR",2006,19637022,73.04,3.562
"Syrian Arab Republic","SYR",2007,20884125,73.256,3.538
"Syrian Arab Republic","SYR",2008,21636564,73.368,3.481
"Syrian Arab Republic","SYR",2009,21976969,73.496,3.415
"Syrian Arab Republic","SYR",2010,22482421,73.542,3.355
"Syrian Arab Republic","SYR",2011,22878098,72.259,3.285
"Syrian Arab Republic","SYR",2012,22759763,66.206,3.221
"Syrian Arab Republic","SYR",2013,21666917,65.146,3.165
"Syrian Arab Republic","SYR",2014,20273659,65.492,3.117
"Syrian Arab Republic","SYR",2015,19424618,63.265,3.067
"Syrian Arab Republic","SYR",2016,19193834,65.19,3.012
"Syrian Arab Republic","SYR",2017,19224668,65.651,2.972
"Syrian Arab Republic","SYR",2018,19577845,67.371,2.932
"Syrian Arab Republic","SYR",2019,20353534,70.97,2.878
"Syrian Arab Republic","SYR",2020,21049429,71.944,2.837
"Syrian Arab Republic","SYR",2021,21628839,72.418,2.798
"Syrian Arab Republic","SYR",2022,22462173,72.79,2.746
"Syrian Arab Republic","SYR",2023,23594623,72.12,2.712
"Tajikistan","TJK",1960,2112131,52.535,6.235
"Tajikistan","TJK",1961,2181805,52.944,6.353
"Tajikistan","TJK",1962,2255026,53.374,6.479
"Tajikistan","TJK",1963,2331736,53.791,6.62
"Tajikistan","TJK",1964,2411260,54.224,6.68
"Tajikistan","TJK",1965,2492998,54.655,6.743
"Tajikistan","TJK",1966,2577184,55.079,6.815
"Tajikistan","TJK",1967,2664130,55.497,6.886
"Tajikistan","TJK",1968,2753848,55.89,6.912
"Tajikistan","TJK",1969,2845273,56.262,6.911
"Tajikistan","TJK",1970,2936779,56.589,6.911
"Tajikistan","TJK",1971,3028837,56.884,6.911
"Tajikistan","TJK",1972,3123691,57.157,6.893
"Tajikistan","TJK",1973,3222290,57.418,6.841
"Tajikistan","TJK",1974,3324499,57.651,6.772
"Tajikistan","TJK",1975,3430425,57.88,6.692
"Tajikistan","TJK",1976,3540076,58.076,6.601
"Tajikistan","TJK",1977,3653265,58.244,6.494
"Tajikistan","TJK",1978,3768508,58.396,6.4
"Tajikistan","TJK",1979,3882691,58.523,6.311
"Tajikistan","TJK",1980,3995256,58.632,6.212
"Tajikistan","TJK",1981,4109022,58.758,6.117
"Tajikistan","TJK",1982,4227171,60.161,6.034
"Tajikistan","TJK",1983,4350874,60.46,5.981
"Tajikistan","TJK",1984,4480026,60.69,5.956
"Tajikistan","TJK",1985,4619003,60.973,5.944
"Tajikistan","TJK",1986,4772139,61.83,5.906
"Tajikistan","TJK",1987,4939059,61.582,5.839
"Tajikistan","TJK",1988,5114989,61.839,5.754
"Tajikistan","TJK",1989,5267249,61.736,5.609
"Tajikistan","TJK",1990,5398768,61.636,5.456
"Tajikistan","TJK",1991,5541205,61.679,5.276
"Tajikistan","TJK",1992,5649400,57.085,5.056
"Tajikistan","TJK",1993,5724993,55.512,4.921
"Tajikistan","TJK",1994,5825368,60.093,4.792
"Tajikistan","TJK",1995,5948584,61.389,4.664
"Tajikistan","TJK",1996,6066523,60.806,3.94
"Tajikistan","TJK",1997,6139829,61.928,4.06
"Tajikistan","TJK",1998,6176397,62.404,4.07
"Tajikistan","TJK",1999,6208370,63.114,3.85
"Tajikistan","TJK",2000,6284735,63.542,3.49
"Tajikistan","TJK",2001,6407377,64.197,3.49
"Tajikistan","TJK",2002,6531669,64.898,3.47
"Tajikistan","TJK",2003,6658575,65.874,3.42
"Tajikistan","TJK",2004,6790547,66.604,3.507
"Tajikistan","TJK",2005,6924720,66.531,3.398
"Tajikistan","TJK",2006,7057566,66.997,3.341
"Tajikistan","TJK",2007,7194477,67.405,3.367
"Tajikistan","TJK",2008,7338403,67.924,3.388
"Tajikistan","TJK",2009,7490230,68.248,3.43
"Tajikistan","TJK",2010,7652141,68.37,3.457
"Tajikistan","TJK",2011,7824785,68.698,3.456
"Tajikistan","TJK",2012,8014084,69.13,3.421
"Tajikistan","TJK",2013,8216724,69.579,3.433
"Tajikistan","TJK",2014,8425552,69.697,3.459
"Tajikistan","TJK",2015,8643840,69.665,3.459
"Tajikistan","TJK",2016,8865631,69.982,3.384
"Tajikistan","TJK",2017,9085946,70.524,3.29
"Tajikistan","TJK",2018,9307333,70.737,3.294
"Tajikistan","TJK",2019,9529966,70.962,3.281
"Tajikistan","TJK",2020,9749310,68.605,3.211
"Tajikistan","TJK",2021,9966908,69.594,3.17
"Tajikistan","TJK",2022,10182222,71.562,3.127
"Tajikistan","TJK",2023,10389799,71.79,3.072
"Tanzania","TZA",1960,9901419,42.596,6.536
"Tanzania","TZA",1961,10187886,42.841,6.562
"Tanzania","TZA",1962,10487756,43.215,6.605
"Tanzania","TZA",1963,10799528,43.616,6.647
"Tanzania","TZA",1964,11127826,44.075,6.68
"Tanzania","TZA",1965,11470728,44.542,6.727
"Tanzania","TZA",1966,11827459,44.941,6.804
"Tanzania","TZA",1967,12200109,45.163,6.864
"Tanzania","TZA",1968,12602076,45.626,6.9
"Tanzania","TZA",1969,13036700,46.043,6.954
"Tanzania","TZA",1970,13492677,46.495,7.001
"Tanzania","TZA",1971,13971451,46.972,7.044
"Tanzania","TZA",1972,14479308,47.436,7.052
"Tanzania","TZA",1973,15010101,47.912,7.062
"Tanzania","TZA",1974,15561630,48.422,7.123
"Tanzania","TZA",1975,16138361,48.922,7.101
"Tanzania","TZA",1976,16736211,49.459,7.086
"Tanzania","TZA",1977,17352929,49.969,7.072
"Tanzania","TZA",1978,17976566,50.351,7.06
"Tanzania","TZA",1979,18592038,50.791,7.043
"Tanzania","TZA",1980,19189769,51.272,6.991
"Tanzania","TZA",1981,19784703,51.703,6.93
"Tanzania","TZA",1982,20398571,51.99,6.868
"Tanzania","TZA",1983,21079874,52.178,6.805
"Tanzania","TZA",1984,21779066,52.151,6.715
"Tanzania","TZA",1985,22501693,52.184,6.598
"Tanzania","TZA",1986,23258959,52.207,6.488
"Tanzania","TZA",1987,24030378,52.182,6.406
"Tanzania","TZA",1988,24769686,52.224,6.379
"Tanzania","TZA",1989,25438759,52.09,6.303
"Tanzania","TZA",1990,26110207,51.985,6.201
"Tanzania","TZA",1991,26780436,51.837,6.135
"Tanzania","TZA",1992,27457588,51.432,6.078
"Tanzania","TZA",1993,28332692,51.215,5.997
"Tanzania","TZA",1994,29442356,51.077,5.894
"Tanzania","TZA",1995,30383497,51.005,5.822
"Tanzania","TZA",1996,30945762,51.132,5.826
"Tanzania","TZA",1997,31578089,51.246,5.836
"Tanzania","TZA",1998,32420458,51.807,5.811
"Tanzania","TZA",1999,33300330,52.399,5.747
"Tanzania","TZA",2000,34260139,53.244,5.67
"Tanzania","TZA",2001,35198299,54.124,5.617
"Tanzania","TZA",2002,36121304,54.94,5.57
"Tanzania","TZA",2003,37089555,55.929,5.578
"Tanzania","TZA",2004,38109668,56.836,5.597
"Tanzania","TZA",2005,39182076,57.675,5.579
"Tanzania","TZA",2006,40294902,58.512,5.511
"Tanzania","TZA",2007,41435512,59.26,5.403
"Tanzania","TZA",2008,42570728,59.896,5.324
"Tanzania","TZA",2009,43633982,60.494,5.26
"Tanzania","TZA",2010,44758488,61.127,5.225
"Tanzania","TZA",2011,46029367,61.618,5.141
"Tanzania","TZA",2012,47374260,62.286,5.137
"Tanzania","TZA",2013,48824128,62.788,5.156
"Tanzania","TZA",2014,50351512,63.364,5.122
"Tanzania","TZA",2015,52020962,63.928,5.025
"Tanzania","TZA",2016,53824013,64.404,5.006
"Tanzania","TZA",2017,55652890,64.963,4.988
"Tanzania","TZA",2018,57437145,65.488,4.932
"Tanzania","TZA",2019,59174891,66.007,4.866
"Tanzania","TZA",2020,60972798,66.771,4.801
"Tanzania","TZA",2021,62830412,66.131,4.734
"Tanzania","TZA",2022,64711821,66.879,4.671
"Tanzania","TZA",2023,66617606,66.995,4.606
"Thailand","THA",1960,26851747,50.608,6.325
"Thailand","THA",1961,27650334,51.065,6.324
"Thailand","THA",1962,28481040,51.444,6.331
"Thailand","THA",1963,29342322,51.988,6.342
"Thailand","THA",1964,30232141,52.539,6.309
"Thailand","THA",1965,31149337,53.131,6.258
"Thailand","THA",1966,32086071,53.729,6.182
"Thailand","THA",1967,33037801,54.316,6.077
"Thailand","THA",1968,34002560,54.977,5.928
"Thailand","THA",1969,34973782,55.705,5.704
"Thailand","THA",1970,35954408,56.47,5.452
"Thailand","THA",1971,36937387,57.1,5.253
"Thailand","THA",1972,37933929,57.746,5.077
"Thailand","THA",1973,38947787,58.323,4.845
"Thailand","THA",1974,39952891,59.031,4.598
"Thailand","THA",1975,40940005,59.713,4.364
"Thailand","THA",1976,41896504,60.371,4.119
"Thailand","THA",1977,42843974,60.906,3.865
"Thailand","THA",1978,43788976,61.266,3.617
"Thailand","THA",1979,44718434,61.696,3.451
"Thailand","THA",1980,45650022,62.186,3.293
"Thailand","THA",1981,46575855,62.856,3.127
"Thailand","THA",1982,47494577,63.603,2.943
"Thailand","THA",1983,48423309,64.5,2.755
"Thailand","THA",1984,49351708,65.55,2.582
"Thailand","THA",1985,50270753,66.543,2.45
"Thailand","THA",1986,51177834,67.308,2.358
"Thailand","THA",1987,52074105,67.833,2.255
"Thailand","THA",1988,52969595,68.194,2.171
"Thailand","THA",1989,53848956,68.557,2.136
"Thailand","THA",1990,54738329,68.924,2.065
"Thailand","THA",1991,55637434,69.132,2.036
"Thailand","THA",1992,56528834,69.353,2.008
"Thailand","THA",1993,57408198,69.568,1.967
"Thailand","THA",1994,58260854,69.661,1.928
"Thailand","THA",1995,59098232,69.757,1.888
"Thailand","THA",1996,59920064,69.94,1.865
"Thailand","THA",1997,60724584,70.362,1.845
"Thailand","THA",1998,61522630,70.703,1.815
"Thailand","THA",1999,62299043,70.979,1.768
"Thailand","THA",2000,63007815,71.205,1.734
"Thailand","THA",2001,63651141,71.52,1.711
"Thailand","THA",2002,64266437,71.775,1.688
"Thailand","THA",2003,64868166,72.101,1.673
"Thailand","THA",2004,65452047,72.1,1.665
"Thailand","THA",2005,66017420,72.894,1.644
"Thailand","THA",2006,66567687,73.341,1.631
"Thailand","THA",2007,67102394,73.779,1.616
"Thailand","THA",2008,67619830,74.221,1.587
"Thailand","THA",2009,68121080,74.669,1.565
"Thailand","THA",2010,68579447,75.012,1.562
"Thailand","THA",2011,69007208,75.302,1.571
"Thailand","THA",2012,69436098,75.59,1.563
"Thailand","THA",2013,69845114,75.96,1.526
"Thailand","THA",2014,70216367,76.279,1.484
"Thailand","THA",2015,70540795,76.563,1.451
"Thailand","THA",2016,70859841,76.769,1.4
"Thailand","THA",2017,71160187,76.989,1.363
"Thailand","THA",2018,71376079,77.19,1.323
"Thailand","THA",2019,71522271,77.197,1.285
"Thailand","THA",2020,71641484,77.331,1.259
"Thailand","THA",2021,71727332,77.606,1.234
"Thailand","THA",2022,71735329,75.291,1.221
"Thailand","THA",2023,71702435,76.412,1.212
"Togo","TGO",1960,1673110,43.536,6.797
"Togo","TGO",1961,1702717,43.745,6.821
"Togo","TGO",1962,1732959,44.001,6.857
"Togo","TGO",1963,1765072,44.274,6.893
"Togo","TGO",1964,1803440,44.6,6.916
"Togo","TGO",1965,1853771,44.917,6.937
"Togo","TGO",1966,1918513,45.227,6.956
"Togo","TGO",1967,1995890,45.615,6.959
"Togo","TGO",1968,2080226,46.022,6.97
"Togo","TGO",1969,2164814,46.354,7.015
"Togo","TGO",1970,2244773,46.782,7.035
"Togo","TGO",1971,2317976,47.232,7.064
"Togo","TGO",1972,2384994,47.692,7.069
"Togo","TGO",1973,2448749,48.139,7.081
"Togo","TGO",1974,2511760,48.593,7.09
"Togo","TGO",1975,2574622,49.046,7.088
"Togo","TGO",1976,2637796,49.509,7.063
"Togo","TGO",1977,2701894,50.163,7.025
"Togo","TGO",1978,2768148,50.902,6.983
"Togo","TGO",1979,2839854,51.515,6.935
"Togo","TGO",1980,2920894,52.146,6.876
"Togo","TGO",1981,3013043,52.781,6.809
"Togo","TGO",1982,3115042,53.273,6.725
"Togo","TGO",1983,3222899,53.769,6.633
"Togo","TGO",1984,3332837,54.094,6.542
"Togo","TGO",1985,3441091,54.361,6.457
"Togo","TGO",1986,3547952,54.614,6.382
"Togo","TGO",1987,3657508,54.821,6.304
"Togo","TGO",1988,3769742,54.901,6.228
"Togo","TGO",1989,3883411,54.732,6.149
"Togo","TGO",1990,3998761,54.557,6.067
"Togo","TGO",1991,4115560,54.255,5.987
"Togo","TGO",1992,4233617,54.077,5.886
"Togo","TGO",1993,4207453,53.852,5.782
"Togo","TGO",1994,4222940,53.707,5.672
"Togo","TGO",1995,4410832,53.692,5.565
"Togo","TGO",1996,4577860,53.817,5.459
"Togo","TGO",1997,4725030,53.845,5.363
"Togo","TGO",1998,4860913,53.956,5.288
"Togo","TGO",1999,5000269,54.31,5.226
"Togo","TGO",2000,5140037,54.577,5.165
"Togo","TGO",2001,5277382,54.746,5.128
"Togo","TGO",2002,5413274,55.032,5.092
"Togo","TGO",2003,5552167,55.299,5.048
"Togo","TGO",2004,5696508,55.594,4.995
"Togo","TGO",2005,5844631,55.916,5.038
"Togo","TGO",2006,6010668,56.142,5.076
"Togo","TGO",2007,6188344,56.382,5.102
"Togo","TGO",2008,6368812,56.651,5.1
"Togo","TGO",2009,6551865,56.927,5.104
"Togo","TGO",2010,6732590,57.227,5.087
"Togo","TGO",2011,6916474,57.612,4.984
"Togo","TGO",2012,7100736,57.94,4.854
"Togo","TGO",2013,7285442,58.345,4.754
"Togo","TGO",2014,7472450,58.766,4.702
"Togo","TGO",2015,7663195,59.22,4.662
"Togo","TGO",2016,7858289,59.669,4.634
"Togo","TGO",2017,8057140,60.135,4.576
"Togo","TGO",2018,8258778,60.601,4.513
"Togo","TGO",2019,8463068,61.055,4.45
"Togo","TGO",2020,8669720,61.123,4.386
"Togo","TGO",2021,8878379,61.328,4.324
"Togo","TGO",2022,9089738,62.29,4.253
"Togo","TGO",2023,9304337,62.739,4.192
"Tunisia","TUN",1960,4267288,44.049,7.157
"Tunisia","TUN",1961,4316278,44.257,7.159
"Tunisia","TUN",1962,4369136,45.562,7.168
"Tunisia","TUN",1963,4427131,46.412,7.17
"Tunisia","TUN",1964,4489869,47.272,7.166
"Tunisia","TUN",1965,4561385,48.204,7.113
"Tunisia","TUN",1966,4652287,49.158,7.055
"Tunisia","TUN",1967,4760970,50.157,6.952
"Tunisia","TUN",1968,4879899,51.342,6.806
"Tunisia","TUN",1969,5004697,52.297,6.623
"Tunisia","TUN",1970,5131396,53.792,6.426
"Tunisia","TUN",1971,5261658,54.906,6.29
"Tunisia","TUN",1972,5396557,56.095,6.187
"Tunisia","TUN",1973,5537242,57.115,6.12
"Tunisia","TUN",1974,5684674,58.251,6.048
"Tunisia","TUN",1975,5839262,59.306,5.972
"Tunisia","TUN",1976,5996994,60.313,5.873
"Tunisia","TUN",1977,6155931,61.256,5.681
"Tunisia","TUN",1978,6309390,62.147,5.401
"Tunisia","TUN",1979,6456419,62.929,5.184
"Tunisia","TUN",1980,6606195,63.669,5.033
"Tunisia","TUN",1981,6758284,64.374,5.023
"Tunisia","TUN",1982,6908642,65.01,4.89
"Tunisia","TUN",1983,7053800,65.696,4.771
"Tunisia","TUN",1984,7220044,66.294,4.664
"Tunisia","TUN",1985,7409903,66.877,4.521
"Tunisia","TUN",1986,7600301,67.429,4.361
"Tunisia","TUN",1987,7789987,68.011,4.104
"Tunisia","TUN",1988,7974440,68.456,3.833
"Tunisia","TUN",1989,8151660,68.825,3.569
"Tunisia","TUN",1990,8324509,69.092,3.441
"Tunisia","TUN",1991,8501827,69.398,3.31
"Tunisia","TUN",1992,8682512,69.684,3.189
"Tunisia","TUN",1993,8857910,69.992,3.058
"Tunisia","TUN",1994,9018448,70.363,2.874
"Tunisia","TUN",1995,9161258,70.785,2.67
"Tunisia","TUN",1996,9294432,71.247,2.488
"Tunisia","TUN",1997,9421270,71.67,2.338
"Tunisia","TUN",1998,9541667,72.067,2.197
"Tunisia","TUN",1999,9655963,72.344,2.082
"Tunisia","TUN",2000,9764935,72.604,2.025
"Tunisia","TUN",2001,9869677,72.822,1.975
"Tunisia","TUN",2002,9971515,73.07,1.941
"Tunisia","TUN",2003,10071632,73.304,1.956
"Tunisia","TUN",2004,10166163,73.519,1.95
"Tunisia","TUN",2005,10255472,73.712,1.953
"Tunisia","TUN",2006,10346410,73.888,1.952
"Tunisia","TUN",2007,10441702,74.039,1.957
"Tunisia","TUN",2008,10542635,74.192,1.975
"Tunisia","TUN",2009,10650681,74.32,2.004
"Tunisia","TUN",2010,10765980,74.438,2.075
"Tunisia","TUN",2011,10886035,74.471,2.189
"Tunisia","TUN",2012,11009647,74.599,2.277
"Tunisia","TUN",2013,11141361,74.674,2.31
"Tunisia","TUN",2014,11274288,74.784,2.316
"Tunisia","TUN",2015,11402264,74.875,2.306
"Tunisia","TUN",2016,11528674,75.007,2.275
"Tunisia","TUN",2017,11650498,75.177,2.205
"Tunisia","TUN",2018,11765514,75.37,2.133
"Tunisia","TUN",2019,11875081,75.599,2.1
"Tunisia","TUN",2020,11974057,75.004,2
"Tunisia","TUN",2021,12048622,72.893,1.8
"Tunisia","TUN",2022,12119334,76.05,1.847
"Tunisia","TUN",2023,12200431,76.508,1.832
"Turkiye","TUR",1960,28329898,50.799,6.383
"Turkiye","TUR",1961,29119238,51.558,6.419
"Turkiye","TUR",1962,29916147,52.347,6.382
"Turkiye","TUR",1963,30726841,53.12,6.339
"Turkiye","TUR",1964,31543072,53.6,6.291
"Turkiye","TUR",1965,32345220,54.105,6.22
"Turkiye","TUR",1966,33177672,54.57,6.152
"Turkiye","TUR",1967,34050421,55.183,6.057
"Turkiye","TUR",1968,34921684,55.639,5.962
"Turkiye","TUR",1969,35787774,56.179,5.872
"Turkiye","TUR",1970,36638465,56.702,5.775
"Turkiye","TUR",1971,37518611,57.223,5.671
"Turkiye","TUR",1972,38430221,57.971,5.548
"Turkiye","TUR",1973,39329533,58.455,5.41
"Turkiye","TUR",1974,40210234,59.019,5.243
"Turkiye","TUR",1975,41053126,59.513,5.087
"Turkiye","TUR",1976,41899984,60.014,4.931
"Turkiye","TUR",1977,42773298,60.846,4.784
"Turkiye","TUR",1978,43645306,61.614,4.691
"Turkiye","TUR",1979,44510429,62.161,4.579
"Turkiye","TUR",1980,45408815,62.739,4.453
"Turkiye","TUR",1981,46321190,63.194,4.351
"Turkiye","TUR",1982,47322096,63.74,4.205
"Turkiye","TUR",1983,48447410,64.269,4.056
"Turkiye","TUR",1984,49574069,64.81,3.911
"Turkiye","TUR",1985,50687115,65.344,3.779
"Turkiye","TUR",1986,51777772,65.87,3.658
"Turkiye","TUR",1987,52843670,66.379,3.542
"Turkiye","TUR",1988,53909626,66.902,3.445
"Turkiye","TUR",1989,54976723,67.365,3.336
"Turkiye","TUR",1990,56015628,67.835,3.107
"Turkiye","TUR",1991,57009887,68.287,3.003
"Turkiye","TUR",1992,57990118,68.603,2.939
"Turkiye","TUR",1993,58999167,69.018,2.916
"Turkiye","TUR",1994,60033836,69.402,2.874
"Turkiye","TUR",1995,61024503,69.734,2.835
"Turkiye","TUR",1996,61951134,70.245,2.779
"Turkiye","TUR",1997,62852966,70.668,2.744
"Turkiye","TUR",1998,63734383,71.144,2.707
"Turkiye","TUR",1999,64591923,70.752,2.63
"Turkiye","TUR",2000,65425961,71.931,2.487
"Turkiye","TUR",2001,66245128,72.271,2.392
"Turkiye","TUR",2002,67048795,72.605,2.268
"Turkiye","TUR",2003,67831730,72.906,2.202
"Turkiye","TUR",2004,68592617,73.223,2.197
"Turkiye","TUR",2005,69329557,73.51,2.197
"Turkiye","TUR",2006,70045349,73.804,2.193
"Turkiye","TUR",2007,70158112,74.129,2.16
"Turkiye","TUR",2008,71051678,74.38,2.15
"Turkiye","TUR",2009,72039206,74.679,2.1
"Turkiye","TUR",2010,73142150,74.964,2.08
"Turkiye","TUR",2011,74223629,74.823,2.05
"Turkiye","TUR",2012,75175827,75.552,2.11
"Turkiye","TUR",2013,76147624,76.171,2.11
"Turkiye","TUR",2014,77181884,76.452,2.19
"Turkiye","TUR",2015,78218479,76.539,2.16
"Turkiye","TUR",2016,79277962,76.595,2.11
"Turkiye","TUR",2017,80312698,77.037,2.08
"Turkiye","TUR",2018,81407204,77.454,2
"Turkiye","TUR",2019,82579440,77.737,1.89
"Turkiye","TUR",2020,83384680,76.525,1.77
"Turkiye","TUR",2021,84147318,75.722,1.71
"Turkiye","TUR",2022,84979913,77.591,1.63
"Turkiye","TUR",2023,85325965,77.156,1.51
"Turkmenistan","TKM",1960,1643457,52.149,6.59
"Turkmenistan","TKM",1961,1695400,52.51,6.689
"Turkmenistan","TKM",1962,1749214,52.868,6.756
"Turkmenistan","TKM",1963,1804272,53.228,6.788
"Turkmenistan","TKM",1964,1859997,53.595,6.787
"Turkmenistan","TKM",1965,1915916,53.986,6.756
"Turkmenistan","TKM",1966,1971737,54.403,6.703
"Turkmenistan","TKM",1967,2027403,54.837,6.635
"Turkmenistan","TKM",1968,2083069,55.274,6.56
"Turkmenistan","TKM",1969,2139024,55.69,6.482
"Turkmenistan","TKM",1970,2195616,56.045,6.404
"Turkmenistan","TKM",1971,2253119,56.349,6.323
"Turkmenistan","TKM",1972,2311430,56.603,6.2
"Turkmenistan","TKM",1973,2370919,56.836,6.152
"Turkmenistan","TKM",1974,2432028,57.04,6.087
"Turkmenistan","TKM",1975,2494570,57.241,6.004
"Turkmenistan","TKM",1976,2558521,57.449,5.901
"Turkmenistan","TKM",1977,2623948,57.689,5.77
"Turkmenistan","TKM",1978,2691088,58.279,5.61
"Turkmenistan","TKM",1979,2760358,59.12,5.457
"Turkmenistan","TKM",1980,2832203,60.181,5.303
"Turkmenistan","TKM",1981,2907187,60.983,5.162
"Turkmenistan","TKM",1982,2985557,61.577,5.042
"Turkmenistan","TKM",1983,3067534,61.988,4.967
"Turkmenistan","TKM",1984,3154079,62.364,4.964
"Turkmenistan","TKM",1985,3247534,62.803,4.966
"Turkmenistan","TKM",1986,3347809,63.212,4.936
"Turkmenistan","TKM",1987,3452731,63.531,4.842
"Turkmenistan","TKM",1988,3559363,63.699,4.675
"Turkmenistan","TKM",1989,3662459,63.782,4.463
"Turkmenistan","TKM",1990,3760562,63.867,4.288
"Turkmenistan","TKM",1991,3855894,63.842,4.145
"Turkmenistan","TKM",1992,3944689,63.753,3.957
"Turkmenistan","TKM",1993,4032407,63.586,3.778
"Turkmenistan","TKM",1994,4116662,63.515,3.623
"Turkmenistan","TKM",1995,4191203,63.514,3.491
"Turkmenistan","TKM",1996,4263819,63.538,3.292
"Turkmenistan","TKM",1997,4336730,63.667,3.18
"Turkmenistan","TKM",1998,4410507,63.966,3.075
"Turkmenistan","TKM",1999,4492170,64.475,2.976
"Turkmenistan","TKM",2000,4582677,64.931,2.9
"Turkmenistan","TKM",2001,4675409,65.325,2.814
"Turkmenistan","TKM",2002,4769465,65.593,2.71
"Turkmenistan","TKM",2003,4863865,65.854,2.667
"Turkmenistan","TKM",2004,4958093,66.055,2.674
"Turkmenistan","TKM",2005,5052257,66.275,2.706
"Turkmenistan","TKM",2006,5147105,66.574,2.724
"Turkmenistan","TKM",2007,5244046,67.02,2.734
"Turkmenistan","TKM",2008,5345029,67.584,2.75
"Turkmenistan","TKM",2009,5451592,68.155,2.794
"Turkmenistan","TKM",2010,5564356,68.608,2.848
"Turkmenistan","TKM",2011,5683417,68.87,2.9
"Turkmenistan","TKM",2012,5808546,68.961,2.955
"Turkmenistan","TKM",2013,5939341,68.968,3.007
"Turkmenistan","TKM",2014,6075283,69.001,3.023
"Turkmenistan","TKM",2015,6215770,69.061,3.033
"Turkmenistan","TKM",2016,6360041,69.142,2.99
"Turkmenistan","TKM",2017,6507061,69.19,2.934
"Turkmenistan","TKM",2018,6655524,69.272,2.875
"Turkmenistan","TKM",2019,6803944,69.405,2.834
"Turkmenistan","TKM",2020,6949912,68.846,2.793
"Turkmenistan","TKM",2021,7092043,69.353,2.754
"Turkmenistan","TKM",2022,7230193,69.913,2.728
"Turkmenistan","TKM",2023,7364438,70.073,2.69
"Uganda","UGA",1960,7640973,45.633,6.905
"Uganda","UGA",1961,7862217,46.271,6.927
"Uganda","UGA",1962,8092231,46.821,6.959
"Uganda","UGA",1963,8333663,47.378,6.984
"Uganda","UGA",1964,8586363,47.846,7.012
"Uganda","UGA",1965,8849203,48.303,7.042
"Uganda","UGA",1966,9122864,48.463,7.066
"Uganda","UGA",1967,9408924,49.006,7.102
"Uganda","UGA",1968,9708632,49.285,7.13
"Uganda","UGA",1969,10014858,49.505,7.115
"Uganda","UGA",1970,10321603,49.621,7.149
"Uganda","UGA",1971,10618206,47.147,7.181
"Uganda","UGA",1972,10885796,47.162,7.185
"Uganda","UGA",1973,11144236,46.992,7.193
"Uganda","UGA",1974,11424846,46.861,7.192
"Uganda","UGA",1975,11725240,46.517,7.201
"Uganda","UGA",1976,12037294,46.169,7.194
"Uganda","UGA",1977,12359669,45.84,7.183
"Uganda","UGA",1978,12692113,45.596,7.163
"Uganda","UGA",1979,13002163,45.385,7.142
"Uganda","UGA",1980,13275741,43.453,7.113
"Uganda","UGA",1981,13556452,43.456,7.118
"Uganda","UGA",1982,13873631,43.309,7.11
"Uganda","UGA",1983,14221881,43.489,7.068
"Uganda","UGA",1984,14607677,43.706,7.024
"Uganda","UGA",1985,15023681,45.496,7.037
"Uganda","UGA",1986,15467579,45.651,7.083
"Uganda","UGA",1987,15954170,47.36,7.12
"Uganda","UGA",1988,16470483,47.476,7.102
"Uganda","UGA",1989,17010698,47.488,7.045
"Uganda","UGA",1990,17569897,47.561,7.014
"Uganda","UGA",1991,18155901,47.549,6.943
"Uganda","UGA",1992,18785032,47.671,6.913
"Uganda","UGA",1993,19445161,47.681,6.886
"Uganda","UGA",1994,20108801,47.675,6.899
"Uganda","UGA",1995,20665667,47.706,6.871
"Uganda","UGA",1996,21231550,47.759,6.835
"Uganda","UGA",1997,21856046,48.026,6.856
"Uganda","UGA",1998,22515806,48.263,6.837
"Uganda","UGA",1999,23257281,48.977,6.825
"Uganda","UGA",2000,24000150,49.64,6.788
"Uganda","UGA",2001,24745676,50.576,6.757
"Uganda","UGA",2002,25532870,51.443,6.735
"Uganda","UGA",2003,26352124,52.414,6.671
"Uganda","UGA",2004,27154515,53.699,6.612
"Uganda","UGA",2005,27963289,54.926,6.525
"Uganda","UGA",2006,28794003,56.118,6.429
"Uganda","UGA",2007,29653430,57.248,6.326
"Uganda","UGA",2008,30539553,58.253,6.202
"Uganda","UGA",2009,31451151,59.157,6.124
"Uganda","UGA",2010,32390802,59.959,6.019
"Uganda","UGA",2011,33354543,60.791,5.885
"Uganda","UGA",2012,34337438,61.579,5.729
"Uganda","UGA",2013,35337042,62.353,5.563
"Uganda","UGA",2014,36395539,63.057,5.408
"Uganda","UGA",2015,37531446,63.831,5.251
"Uganda","UGA",2016,38799152,64.494,5.112
"Uganda","UGA",2017,40177388,65.174,4.987
"Uganda","UGA",2018,41565831,65.775,4.867
"Uganda","UGA",2019,42999637,66.354,4.744
"Uganda","UGA",2020,44457152,66.41,4.621
"Uganda","UGA",2021,45910930,66.45,4.51
"Uganda","UGA",2022,47312719,67.675,4.388
"Uganda","UGA",2023,48656601,68.252,4.283
"Ukraine","UKR",1960,42824093,69.388,2.285
"Ukraine","UKR",1961,43399766,70.044,2.197
"Ukraine","UKR",1962,43943674,70.401,2.154
"Ukraine","UKR",1963,44462372,70.683,2.111
"Ukraine","UKR",1964,44951156,70.972,2.014
"Ukraine","UKR",1965,45386892,71.143,1.943
"Ukraine","UKR",1966,45802519,71.163,2.037
"Ukraine","UKR",1967,46215988,71.115,2.04
"Ukraine","UKR",1968,46614325,70.968,2.031
"Ukraine","UKR",1969,46976256,70.828,2.012
"Ukraine","UKR",1970,47261306,70.844,2.078
"Ukraine","UKR",1971,47573287,70.872,2.113
"Ukraine","UKR",1972,47946893,70.966,2.127
"Ukraine","UKR",1973,48277121,70.822,2.044
"Ukraine","UKR",1974,48576570,70.627,2.064
"Ukraine","UKR",1975,48865229,70.361,2.049
"Ukraine","UKR",1976,49120842,70.144,2.044
"Ukraine","UKR",1977,49336481,70.007,1.983
"Ukraine","UKR",1978,49521243,69.839,1.969
"Ukraine","UKR",1979,49721381,69.775,1.957
"Ukraine","UKR",1980,49955152,69.759,1.949
"Ukraine","UKR",1981,50189281,69.816,1.915
"Ukraine","UKR",1982,50402724,69.902,1.951
"Ukraine","UKR",1983,50637029,69.948,2.099
"Ukraine","UKR",1984,50887599,69.992,2.081
"Ukraine","UKR",1985,51108770,70.409,2.033
"Ukraine","UKR",1986,51318745,70.833,2.117
"Ukraine","UKR",1987,51515732,71.179,2.07
"Ukraine","UKR",1988,51724853,71.04,2.042
"Ukraine","UKR",1989,51917817,70.839,1.927
"Ukraine","UKR",1990,52054092,70.354,1.845
"Ukraine","UKR",1991,52170961,69.688,1.773
"Ukraine","UKR",1992,52323671,68.947,1.674
"Ukraine","UKR",1993,52350126,68.287,1.564
"Ukraine","UKR",1994,52075998,67.534,1.471
"Ukraine","UKR",1995,51665539,67.114,1.399
"Ukraine","UKR",1996,51226109,67.097,1.333
"Ukraine","UKR",1997,50786885,67.658,1.271
"Ukraine","UKR",1998,50379731,67.993,1.206
"Ukraine","UKR",1999,49976446,68.004,1.127
"Ukraine","UKR",2000,49556660,67.786,1.108
"Ukraine","UKR",2001,49106855,67.675,1.092
"Ukraine","UKR",2002,48677281,67.699,1.127
"Ukraine","UKR",2003,48315136,67.638,1.173
"Ukraine","UKR",2004,47979507,67.472,1.215
"Ukraine","UKR",2005,47585556,67.517,1.221
"Ukraine","UKR",2006,47278694,67.49,1.297
"Ukraine","UKR",2007,47062798,67.715,1.343
"Ukraine","UKR",2008,46819175,68.262,1.444
"Ukraine","UKR",2009,46623731,69.159,1.47
"Ukraine","UKR",2010,46456003,70.188,1.436
"Ukraine","UKR",2011,46307853,70.711,1.464
"Ukraine","UKR",2012,46210056,71.09,1.528
"Ukraine","UKR",2013,46126770,71.474,1.515
"Ukraine","UKR",2014,45972380,71.803,1.466
"Ukraine","UKR",2015,45784896,72.686,1.387
"Ukraine","UKR",2016,45616832,73.389,1.391
"Ukraine","UKR",2017,45436041,73.993,1.3
"Ukraine","UKR",2018,45208907,73.569,1.233
"Ukraine","UKR",2019,44957458,73.92,1.218
"Ukraine","UKR",2020,44680014,73.283,1.208
"Ukraine","UKR",2021,44298640,71.631,1.148
"Ukraine","UKR",2022,41048766,72.658,0.897
"Ukraine","UKR",2023,37732836,73.422,0.977
"United Kingdom","GBR",1960,52400000,71.1268292682927,2.69
"United Kingdom","GBR",1961,52800000,70.8780487804878,2.78
"United Kingdom","GBR",1962,53250000,70.9268292682927,2.86
"United Kingdom","GBR",1963,53650000,70.8268292682927,2.88
"United Kingdom","GBR",1964,5.4e+07,71.6243902439024,2.93
"United Kingdom","GBR",1965,54348050,71.6243902439024,2.86
"United Kingdom","GBR",1966,54648500,71.5731707317073,2.78
"United Kingdom","GBR",1967,54943600,72.1243902439024,2.68
"United Kingdom","GBR",1968,55211700,71.7243902439025,2.6
"United Kingdom","GBR",1969,55441750,71.7219512195122,2.51
"United Kingdom","GBR",1970,55663250,71.9731707317073,2.44
"United Kingdom","GBR",1971,55896223,72.2731707317073,2.41
"United Kingdom","GBR",1972,56086065,72.1243902439024,2.2
"United Kingdom","GBR",1973,56194527,72.3243902439024,2.04
"United Kingdom","GBR",1974,56229974,72.5243902439024,1.92
"United Kingdom","GBR",1975,56225800,72.7243902439024,1.81
"United Kingdom","GBR",1976,56211968,72.7756097560976,1.74
"United Kingdom","GBR",1977,56193492,73.2243902439024,1.69
"United Kingdom","GBR",1978,56196504,73.1756097560976,1.75
"United Kingdom","GBR",1979,56246951,73.2756097560976,1.86
"United Kingdom","GBR",1980,56314216,73.6756097560976,1.9
"United Kingdom","GBR",1981,56333829,74.0268292682927,1.82
"United Kingdom","GBR",1982,56313641,74.1780487804878,1.78
"United Kingdom","GBR",1983,56332848,74.3780487804878,1.77
"United Kingdom","GBR",1984,56422072,74.7780487804878,1.77
"United Kingdom","GBR",1985,56550268,74.6292682926829,1.79
"United Kingdom","GBR",1986,56681396,74.9292682926829,1.78
"United Kingdom","GBR",1987,56802050,75.280487804878,1.81
"United Kingdom","GBR",1988,56928327,75.3804878048781,1.82
"United Kingdom","GBR",1989,57076711,75.5829268292683,1.79
"United Kingdom","GBR",1990,57247586,75.8804878048781,1.83
"United Kingdom","GBR",1991,57424897,76.0829268292683,1.82
"United Kingdom","GBR",1992,57580402,76.4341463414634,1.79
"United Kingdom","GBR",1993,57718614,76.3853658536585,1.76
"United Kingdom","GBR",1994,57865745,76.8853658536585,1.74
"United Kingdom","GBR",1995,58019030,76.8365853658537,1.71
"United Kingdom","GBR",1996,58166950,77.0878048780488,1.73
"United Kingdom","GBR",1997,58316954,77.2109756097561,1.72
"United Kingdom","GBR",1998,58487141,77.190243902439,1.71
"United Kingdom","GBR",1999,58682466,77.390243902439,1.68
"United Kingdom","GBR",2000,58892514,77.7414634146342,1.64
"United Kingdom","GBR",2001,59119673,77.9926829268293,1.63
"United Kingdom","GBR",2002,59370479,78.1439024390244,1.63
"United Kingdom","GBR",2003,59647577,78.4463414634146,1.7
"United Kingdom","GBR",2004,59987905,78.7463414634146,1.75
"United Kingdom","GBR",2005,60401206,79.0487804878049,1.76
"United Kingdom","GBR",2006,60846820,79.2487804878049,1.82
"United Kingdom","GBR",2007,61322463,79.4487804878049,1.86
"United Kingdom","GBR",2008,61806995,79.6,1.91
"United Kingdom","GBR",2009,62276270,80.0512195121951,1.89
"United Kingdom","GBR",2010,62766365,80.4024390243902,1.92
"United Kingdom","GBR",2011,63258810,80.9512195121951,1.91
"United Kingdom","GBR",2012,63711000,80.9048780487805,1.92
"United Kingdom","GBR",2013,64139000,81.0048780487805,1.83
"United Kingdom","GBR",2014,64620000,81.3048780487805,1.81
"United Kingdom","GBR",2015,65088000,80.9560975609756,1.8
"United Kingdom","GBR",2016,65607000,81.1560975609756,1.79
"United Kingdom","GBR",2017,65966000,81.2560975609756,1.74
"United Kingdom","GBR",2018,66289000,81.2560975609756,1.68
"United Kingdom","GBR",2019,66631000,81.3691219512195,1.632
"United Kingdom","GBR",2020,66744000,80.331756097561,1.571
"United Kingdom","GBR",2021,66984000,80.6473170731707,1.583
"United Kingdom","GBR",2022,67604000,81.0112195121951,1.56
"United Kingdom","GBR",2023,68492000,81.2380975609756,1.56
"United States","USA",1960,180671000,69.7707317073171,3.654
"United States","USA",1961,183691000,70.2707317073171,3.62
"United States","USA",1962,186538000,70.119512195122,3.461
"United States","USA",1963,189242000,69.9170731707317,3.319
"United States","USA",1964,191889000,70.1658536585366,3.19
"United States","USA",1965,194303000,70.2146341463415,2.913
"United States","USA",1966,196560000,70.2121951219512,2.721
"United States","USA",1967,198712000,70.5609756097561,2.558
"United States","USA",1968,200706000,69.9512195121951,2.464
"United States","USA",1969,202677000,70.5073170731708,2.456
"United States","USA",1970,205052000,70.8073170731707,2.48
"United States","USA",1971,207661000,71.1073170731707,2.266
"United States","USA",1972,209896000,71.1560975609756,2.01
"United States","USA",1973,211909000,71.3560975609756,1.879
"United States","USA",1974,213854000,71.9560975609756,1.835
"United States","USA",1975,215973000,72.6048780487805,1.774
"United States","USA",1976,218035000,72.8560975609756,1.738
"United States","USA",1977,220239000,73.2560975609756,1.79
"United States","USA",1978,222585000,73.3560975609756,1.76
"United States","USA",1979,225055000,73.8048780487805,1.808
"United States","USA",1980,227225000,73.609756097561,1.8395
"United States","USA",1981,229466000,74.009756097561,1.812
"United States","USA",1982,231664000,74.3609756097561,1.8275
"United States","USA",1983,233792000,74.4634146341463,1.799
"United States","USA",1984,235825000,74.5634146341464,1.8065
"United States","USA",1985,237924000,74.5634146341464,1.844
"United States","USA",1986,240133000,74.6146341463415,1.8375
"United States","USA",1987,242289000,74.7658536585366,1.872
"United States","USA",1988,244499000,74.7658536585366,1.934
"United States","USA",1989,246819000,75.0170731707317,2.014
"United States","USA",1990,249623000,75.2146341463415,2.081
"United States","USA",1991,252981000,75.3658536585366,2.0625
"United States","USA",1992,256514000,75.6170731707317,2.046
"United States","USA",1993,259919000,75.419512195122,2.0195
"United States","USA",1994,263126000,75.619512195122,2.0015
"United States","USA",1995,266278000,75.6219512195122,1.978
"United States","USA",1996,269394000,76.0268292682927,1.976
"United States","USA",1997,272657000,76.4292682926829,1.971
"United States","USA",1998,275854000,76.5804878048781,1.999
"United States","USA",1999,279040000,76.5829268292683,2.0075
"United States","USA",2000,282162411,76.6365853658537,2.056
"United States","USA",2001,284968955,76.8365853658537,2.0305
"United States","USA",2002,287625193,76.9365853658537,2.0205
"United States","USA",2003,290107933,77.0365853658537,2.0475
"United States","USA",2004,292805298,77.4878048780488,2.0515
"United States","USA",2005,295516599,77.4878048780488,2.057
"United States","USA",2006,298379912,77.6878048780488,2.108
"United States","USA",2007,301231207,77.9878048780488,2.12
"United States","USA",2008,304093966,78.0390243902439,2.072
"United States","USA",2009,306771529,78.390243902439,2.002
"United States","USA",2010,309378227,78.5414634146342,1.931
"United States","USA",2011,311839461,78.6414634146341,1.8945
"United States","USA",2012,314339099,78.7414634146342,1.8805
"United States","USA",2013,316726282,78.7414634146342,1.8575
"United States","USA",2014,319257560,78.8414634146341,1.8625
"United States","USA",2015,321815121,78.690243902439,1.8435
"United States","USA",2016,324353340,78.5390243902439,1.8205
"United States","USA",2017,326608609,78.5390243902439,1.7655
"United States","USA",2018,328529577,78.6390243902439,1.7295
"United States","USA",2019,330226227,78.7878048780488,1.706
"United States","USA",2020,331577720,76.9804878048781,1.6415
"United States","USA",2021,332099760,76.3292682926829,1.664
"United States","USA",2022,334017321,77.4341463414634,1.6565
"United States","USA",2023,336806231,78.3853658536585,1.6165
"Upper middle income","UMC",1960,1149653372,41.9630124935965,4.86607364303606
"Upper middle income","UMC",1961,1155585967,46.2182773394634,4.54703154668911
"Upper middle income","UMC",1962,1174054217,52.5839417526531,5.78602894046546
"Upper middle income","UMC",1963,1204001559,53.2370588570763,6.56923537526776
"Upper middle income","UMC",1964,1233716139,53.8183860285474,6.08504101510918
"Upper middle income","UMC",1965,1264038910,53.7936898523034,6.02714593412678
"Upper middle income","UMC",1966,1297805820,54.7638771228289,5.84783684981244
"Upper middle income","UMC",1967,1330989567,55.5413767084306,5.54562053556207
"Upper middle income","UMC",1968,1365250009,56.1226766289888,5.90716151000014
"Upper middle income","UMC",1969,1401337527,56.74374359456,5.69443222825594
"Upper middle income","UMC",1970,1438175379,57.3314207471159,5.61356162083455
"Upper middle income","UMC",1971,1475716769,58.1137699157901,5.26564923150025
"Upper middle income","UMC",1972,1511690371,58.7956434940451,4.99829223554557
"Upper middle income","UMC",1973,1546811742,59.5062525184061,4.74088876007162
"Upper middle income","UMC",1974,1580570358,60.1022975301928,4.38296987469537
"Upper middle income","UMC",1975,1612227500,60.7001299364329,4.01449444225279
"Upper middle income","UMC",1976,1642473603,61.0230816271086,3.79400133888857
"Upper middle income","UMC",1977,1671398930,61.9537368221238,3.53879957559396
"Upper middle income","UMC",1978,1700492780,62.4726537906261,3.43031590244961
"Upper middle income","UMC",1979,1729895531,63.0261631222682,3.40952794317412
"Upper middle income","UMC",1980,1759188322,63.455091480496,3.36667690272702
"Upper middle income","UMC",1981,1789774534,63.8718860702381,3.35772268589976
"Upper middle income","UMC",1982,1822722888,64.3339857057491,3.42542228116797
"Upper middle income","UMC",1983,1855424369,64.8453206607734,3.15645970025425
"Upper middle income","UMC",1984,1887255119,65.3191875476391,3.13880459237082
"Upper middle income","UMC",1985,1919685969,65.7110087845032,3.09923706336234
"Upper middle income","UMC",1986,1953571641,66.1406225407004,3.10219990299568
"Upper middle income","UMC",1987,1988890401,66.5085508348244,3.07814064505131
"Upper middle income","UMC",1988,2024305816,66.7792976048885,2.91213669482661
"Upper middle income","UMC",1989,2059000415,67.1764295671066,2.85743807496573
"Upper middle income","UMC",1990,2092646700,67.3594421529339,2.80684838979167
"Upper middle income","UMC",1991,2124538033,67.7871872826629,2.44643629011219
"Upper middle income","UMC",1992,2154585863,68.1090893149057,2.31590438082727
"Upper middle income","UMC",1993,2182939692,68.46782287278,2.23399755010931
"Upper middle income","UMC",1994,2210505244,68.7549742168208,2.16515348646058
"Upper middle income","UMC",1995,2237605345,69.1464007505357,2.10873634804387
"Upper middle income","UMC",1996,2264443158,69.5207235180466,2.05569716502268
"Upper middle income","UMC",1997,2290953835,69.8746942953019,2.01098945684604
"Upper middle income","UMC",1998,2316706589,70.1875900296196,1.98018158540084
"Upper middle income","UMC",1999,2341274091,70.438675790471,1.95566253686059
"Upper middle income","UMC",2000,2365022283,70.7737035763786,1.97995536450987
"Upper middle income","UMC",2001,2387807616,71.0962768701794,1.92066193134178
"Upper middle income","UMC",2002,2409341702,71.4010777486735,1.9004098952096
"Upper middle income","UMC",2003,2430373908,71.6495350706839,1.88959550104105
"Upper middle income","UMC",2004,2451601935,71.8008960032206,1.90546143650987
"Upper middle income","UMC",2005,2472862826,72.2940907050527,1.91282604162944
"Upper middle income","UMC",2006,2493333038,72.5738691375552,1.91969851496058
"Upper middle income","UMC",2007,2512165159,72.912796750858,1.92855296902382
"Upper middle income","UMC",2008,2532345548,73.0980299785479,1.94740667177155
"Upper middle income","UMC",2009,2553016162,73.5030015253387,1.94794921093757
"Upper middle income","UMC",2010,2573477299,73.8314745903693,1.93188483222883
"Upper middle income","UMC",2011,2594753350,74.0905539667731,1.928786334023
"Upper middle income","UMC",2012,2618393970,74.4121948857387,1.99994662886927
"Upper middle income","UMC",2013,2642487513,74.6707615928737,1.94955518751985
"Upper middle income","UMC",2014,2665669456,74.9249839632063,1.97718214785632
"Upper middle income","UMC",2015,2687902951,75.1752922690271,1.91299088195997
"Upper middle income","UMC",2016,2709372162,75.3401910593772,1.9449124760992
"Upper middle income","UMC",2017,2731150081,75.4807608424492,1.93972433757042
"Upper middle income","UMC",2018,2751574852,75.8217431147146,1.79874875139142
"Upper middle income","UMC",2019,2769964564,76.0291253616976,1.75924146878879
"Upper middle income","UMC",2020,2784871872,75.2312636272767,1.6146885989909
"Upper middle income","UMC",2021,2796004294,74.7273713271635,1.549508851165
"Upper middle income","UMC",2022,2803106334,76.0089594269564,1.49760651683793
"Upper middle income","UMC",2023,2809097616,76.1949149028821,1.47472512641046
"Uruguay","URY",1960,2529957,67.683,2.827
"Uruguay","URY",1961,2562044,67.81,2.846
"Uruguay","URY",1962,2593298,67.911,2.866
"Uruguay","URY",1963,2623766,68.023,2.884
"Uruguay","URY",1964,2653180,68.112,2.863
"Uruguay","URY",1965,2681169,68.2,2.84
"Uruguay","URY",1966,2707646,68.302,2.819
"Uruguay","URY",1967,2732277,68.407,2.784
"Uruguay","URY",1968,2754606,68.514,2.771
"Uruguay","URY",1969,2773974,68.581,2.769
"Uruguay","URY",1970,2790807,68.734,2.772
"Uruguay","URY",1971,2806462,68.926,2.767
"Uruguay","URY",1972,2821644,69.169,2.782
"Uruguay","URY",1973,2837133,69.348,2.855
"Uruguay","URY",1974,2853944,69.524,2.957
"Uruguay","URY",1975,2872320,69.705,3.017
"Uruguay","URY",1976,2891392,69.887,3.005
"Uruguay","URY",1977,2909461,70.081,2.899
"Uruguay","URY",1978,2925715,70.265,2.829
"Uruguay","URY",1979,2939903,70.255,2.711
"Uruguay","URY",1980,2951953,70.505,2.59
"Uruguay","URY",1981,2963246,70.952,2.534
"Uruguay","URY",1982,2975492,71.528,2.512
"Uruguay","URY",1983,2988778,71.595,2.486
"Uruguay","URY",1984,3002488,71.708,2.471
"Uruguay","URY",1985,3017037,71.861,2.47
"Uruguay","URY",1986,3032845,72.187,2.47
"Uruguay","URY",1987,3049896,72.196,2.486
"Uruguay","URY",1988,3067961,72.408,2.503
"Uruguay","URY",1989,3086255,72.628,2.498
"Uruguay","URY",1990,3104403,72.994,2.477
"Uruguay","URY",1991,3122354,73.198,2.454
"Uruguay","URY",1992,3139702,73.185,2.432
"Uruguay","URY",1993,3156345,73.147,2.408
"Uruguay","URY",1994,3172834,73.162,2.425
"Uruguay","URY",1995,3189440,73.493,2.401
"Uruguay","URY",1996,3206324,73.812,2.364
"Uruguay","URY",1997,3223345,73.92,2.328
"Uruguay","URY",1998,3239280,74.029,2.271
"Uruguay","URY",1999,3254015,74.293,2.248
"Uruguay","URY",2000,3266206,74.693,2.196
"Uruguay","URY",2001,3274251,74.987,2.161
"Uruguay","URY",2002,3278867,74.979,2.16
"Uruguay","URY",2003,3281186,75.086,2.116
"Uruguay","URY",2004,3283148,75.319,2.093
"Uruguay","URY",2005,3285771,75.829,2.097
"Uruguay","URY",2006,3289506,75.888,2.07
"Uruguay","URY",2007,3295153,76.15,2.048
"Uruguay","URY",2008,3302177,76.275,2.03
"Uruguay","URY",2009,3310091,76.67,2.018
"Uruguay","URY",2010,3318580,76.691,2.011
"Uruguay","URY",2011,3326825,76.614,1.987
"Uruguay","URY",2012,3335401,76.691,2.012
"Uruguay","URY",2013,3345337,76.953,2.034
"Uruguay","URY",2014,3356334,77.194,2.026
"Uruguay","URY",2015,3368017,77.285,2.041
"Uruguay","URY",2016,3379283,77.351,1.966
"Uruguay","URY",2017,3388438,77.618,1.824
"Uruguay","URY",2018,3394534,77.527,1.681
"Uruguay","URY",2019,3397206,77.503,1.567
"Uruguay","URY",2020,3398968,78.381,1.497
"Uruguay","URY",2021,3396695,75.434,1.446
"Uruguay","URY",2022,3390913,76.468,1.425
"Uruguay","URY",2023,3388081,78.138,1.409
"Uzbekistan","UZB",1960,8209109,56.539,6.613
"Uzbekistan","UZB",1961,8517711,56.874,6.752
"Uzbekistan","UZB",1962,8854368,57.218,6.878
"Uzbekistan","UZB",1963,9202246,57.564,6.808
"Uzbekistan","UZB",1964,9557611,57.922,6.823
"Uzbekistan","UZB",1965,9921681,58.277,6.81
"Uzbekistan","UZB",1966,10289294,58.633,6.66
"Uzbekistan","UZB",1967,10659180,58.993,6.567
"Uzbekistan","UZB",1968,11032155,59.355,6.394
"Uzbekistan","UZB",1969,11403150,59.715,6.338
"Uzbekistan","UZB",1970,11762638,60.072,6.313
"Uzbekistan","UZB",1971,12111511,60.417,6.284
"Uzbekistan","UZB",1972,12465106,60.75,6.246
"Uzbekistan","UZB",1973,12831047,61.058,6.162
"Uzbekistan","UZB",1974,13209011,61.355,6.053
"Uzbekistan","UZB",1975,13598521,61.632,5.918
"Uzbekistan","UZB",1976,13998620,61.903,5.749
"Uzbekistan","UZB",1977,14408822,62.173,5.54
"Uzbekistan","UZB",1978,14816349,62.44,5.281
"Uzbekistan","UZB",1979,15215587,62.707,5.159
"Uzbekistan","UZB",1980,15619936,62.981,5.039
"Uzbekistan","UZB",1981,16035032,63.223,4.905
"Uzbekistan","UZB",1982,16462736,63.465,4.817
"Uzbekistan","UZB",1983,16908400,63.75,4.714
"Uzbekistan","UZB",1984,17378846,64.108,4.729
"Uzbekistan","UZB",1985,17875339,64.574,4.691
"Uzbekistan","UZB",1986,18395621,65.027,4.675
"Uzbekistan","UZB",1987,18930070,65.486,4.532
"Uzbekistan","UZB",1988,19460630,65.757,4.263
"Uzbekistan","UZB",1989,19977183,65.844,4.102
"Uzbekistan","UZB",1990,20464956,65.772,4.122
"Uzbekistan","UZB",1991,20962910,65.529,4.19
"Uzbekistan","UZB",1992,21485090,65.236,4.056
"Uzbekistan","UZB",1993,21987955,64.924,3.863
"Uzbekistan","UZB",1994,22463291,64.681,3.66
"Uzbekistan","UZB",1995,22917589,64.67,3.566
"Uzbekistan","UZB",1996,23351981,64.78,3.393
"Uzbekistan","UZB",1997,23758960,65.028,3.186
"Uzbekistan","UZB",1998,24134929,65.169,2.985
"Uzbekistan","UZB",1999,24476008,65.307,2.831
"Uzbekistan","UZB",2000,24787054,65.456,2.696
"Uzbekistan","UZB",2001,25090283,65.853,2.61
"Uzbekistan","UZB",2002,25399980,66.376,2.575
"Uzbekistan","UZB",2003,25711259,66.852,2.503
"Uzbekistan","UZB",2004,26029350,67.203,2.496
"Uzbekistan","UZB",2005,26356975,67.481,2.438
"Uzbekistan","UZB",2006,26699043,67.905,2.461
"Uzbekistan","UZB",2007,27076008,68.483,2.573
"Uzbekistan","UZB",2008,27494774,69.035,2.635
"Uzbekistan","UZB",2009,27939328,69.517,2.559
"Uzbekistan","UZB",2010,28385506,69.836,2.442
"Uzbekistan","UZB",2011,28823196,70.143,2.354
"Uzbekistan","UZB",2012,29261903,70.411,2.337
"Uzbekistan","UZB",2013,29724065,70.692,2.445
"Uzbekistan","UZB",2014,30222994,70.973,2.546
"Uzbekistan","UZB",2015,30749346,71.33,2.583
"Uzbekistan","UZB",2016,31284568,71.58,2.564
"Uzbekistan","UZB",2017,31819178,71.737,2.57
"Uzbekistan","UZB",2018,32373490,71.999,2.713
"Uzbekistan","UZB",2019,32964701,72.093,2.869
"Uzbekistan","UZB",2020,33586372,71.461,3.062
"Uzbekistan","UZB",2021,34243696,71.681,3.273
"Uzbekistan","UZB",2022,34938955,72.147,3.396
"Uzbekistan","UZB",2023,35652307,72.388,3.5
"Venezuela, RB","VEN",1960,8160090,58.376,6.382
"Venezuela, RB","VEN",1961,8455915,59.115,6.298
"Venezuela, RB","VEN",1962,8756870,59.667,6.231
"Venezuela, RB","VEN",1963,9064021,60.502,6.155
"Venezuela, RB","VEN",1964,9377712,61.168,6.071
"Venezuela, RB","VEN",1965,9697790,61.909,5.977
"Venezuela, RB","VEN",1966,10024854,62.894,5.87
"Venezuela, RB","VEN",1967,10358513,63.55,5.748
"Venezuela, RB","VEN",1968,10697530,63.908,5.614
"Venezuela, RB","VEN",1969,11040280,63.84,5.469
"Venezuela, RB","VEN",1970,11387790,64.816,5.321
"Venezuela, RB","VEN",1971,11741008,65.184,5.174
"Venezuela, RB","VEN",1972,12099180,65.555,5.035
"Venezuela, RB","VEN",1973,12463537,65.74,4.906
"Venezuela, RB","VEN",1974,12835351,66.223,4.791
"Venezuela, RB","VEN",1975,13215892,66.686,4.686
"Venezuela, RB","VEN",1976,13606284,67.266,4.589
"Venezuela, RB","VEN",1977,14006812,67.726,4.494
"Venezuela, RB","VEN",1978,14416684,68.108,4.397
"Venezuela, RB","VEN",1979,14834552,68.226,4.298
"Venezuela, RB","VEN",1980,15258218,68.179,4.2
"Venezuela, RB","VEN",1981,15687297,68.697,4.104
"Venezuela, RB","VEN",1982,16121874,68.985,4.014
"Venezuela, RB","VEN",1983,16562205,69.541,3.933
"Venezuela, RB","VEN",1984,17008841,69.672,3.861
"Venezuela, RB","VEN",1985,17461434,69.961,3.794
"Venezuela, RB","VEN",1986,17923536,70.528,3.73
"Venezuela, RB","VEN",1987,18394963,70.673,3.665
"Venezuela, RB","VEN",1988,18871020,70.762,3.597
"Venezuela, RB","VEN",1989,19348921,70.805,3.524
"Venezuela, RB","VEN",1990,19827010,70.964,3.448
"Venezuela, RB","VEN",1991,20304896,71.172,3.37
"Venezuela, RB","VEN",1992,20780948,71.177,3.292
"Venezuela, RB","VEN",1993,21254520,71.385,3.218
"Venezuela, RB","VEN",1994,21725188,71.283,3.147
"Venezuela, RB","VEN",1995,22193821,71.714,3.082
"Venezuela, RB","VEN",1996,22662113,71.92,3.022
"Venezuela, RB","VEN",1997,23131685,72.56,2.967
"Venezuela, RB","VEN",1998,23601337,72.446,2.912
"Venezuela, RB","VEN",1999,24066593,72.088,2.856
"Venezuela, RB","VEN",2000,24526708,72.388,2.79
"Venezuela, RB","VEN",2001,24979922,71.019,2.779
"Venezuela, RB","VEN",2002,25435671,72.823,2.739
"Venezuela, RB","VEN",2003,25892703,72.056,2.703
"Venezuela, RB","VEN",2004,26340838,72.752,2.639
"Venezuela, RB","VEN",2005,26785804,73.075,2.629
"Venezuela, RB","VEN",2006,27224686,72.972,2.595
"Venezuela, RB","VEN",2007,27649363,73.348,2.524
"Venezuela, RB","VEN",2008,28053696,72.578,2.475
"Venezuela, RB","VEN",2009,28438298,72.785,2.422
"Venezuela, RB","VEN",2010,28813101,73.092,2.396
"Venezuela, RB","VEN",2011,29185212,73.09,2.398
"Venezuela, RB","VEN",2012,29553826,73.086,2.379
"Venezuela, RB","VEN",2013,29912198,73.076,2.334
"Venezuela, RB","VEN",2014,30254079,72.837,2.296
"Venezuela, RB","VEN",2015,30573972,73.004,2.253
"Venezuela, RB","VEN",2016,30765720,72.002,2.217
"Venezuela, RB","VEN",2017,30565323,71.903,2.183
"Venezuela, RB","VEN",2018,29807592,72.641,2.151
"Venezuela, RB","VEN",2019,28938098,72.766,2.131
"Venezuela, RB","VEN",2020,28444077,72.369,2.116
"Venezuela, RB","VEN",2021,28237826,71.536,2.105
"Venezuela, RB","VEN",2022,28213017,72.566,2.088
"Venezuela, RB","VEN",2023,28300854,72.514,2.079
"Viet Nam","VNM",1960,32531933,58.046,6.273
"Viet Nam","VNM",1961,33409059,58.461,5.476
"Viet Nam","VNM",1962,34288560,58.204,6.257
"Viet Nam","VNM",1963,35249101,56.897,6.385
"Viet Nam","VNM",1964,36201563,57.473,6.285
"Viet Nam","VNM",1965,37129656,56.967,6.156
"Viet Nam","VNM",1966,38024836,56.914,5.968
"Viet Nam","VNM",1967,38895080,56.745,5.883
"Viet Nam","VNM",1968,39734609,52.668,6.029
"Viet Nam","VNM",1969,40582096,54.791,6.013
"Viet Nam","VNM",1970,41475230,54.93,6.019
"Viet Nam","VNM",1971,42449276,55.585,6.069
"Viet Nam","VNM",1972,43429168,51.913,6.1
"Viet Nam","VNM",1973,44409861,55.677,6.108
"Viet Nam","VNM",1974,45413537,54.751,5.781
"Viet Nam","VNM",1975,46482903,61.865,5.621
"Viet Nam","VNM",1976,47684931,63.669,5.461
"Viet Nam","VNM",1977,48954872,64.07,5.291
"Viet Nam","VNM",1978,50249552,64.529,5.104
"Viet Nam","VNM",1979,51378211,64.986,4.94
"Viet Nam","VNM",1980,52490101,65.338,4.795
"Viet Nam","VNM",1981,53738141,65.779,4.665
"Viet Nam","VNM",1982,55011289,66.212,4.593
"Viet Nam","VNM",1983,56337921,66.545,4.524
"Viet Nam","VNM",1984,57706067,66.929,4.412
"Viet Nam","VNM",1985,59060622,67.192,4.206
"Viet Nam","VNM",1986,60347048,67.55,3.955
"Viet Nam","VNM",1987,61584651,68.005,3.717
"Viet Nam","VNM",1988,62843228,68.585,3.623
"Viet Nam","VNM",1989,64147348,68.805,3.641
"Viet Nam","VNM",1990,65504552,69.027,3.602
"Viet Nam","VNM",1991,66891775,69.303,3.524
"Viet Nam","VNM",1992,68260337,69.62,3.353
"Viet Nam","VNM",1993,69586384,69.957,3.172
"Viet Nam","VNM",1994,70854391,70.379,2.941
"Viet Nam","VNM",1995,72049940,70.871,2.7
"Viet Nam","VNM",1996,73156447,71.296,2.468
"Viet Nam","VNM",1997,74226889,71.67,2.274
"Viet Nam","VNM",1998,75299660,72.283,2.098
"Viet Nam","VNM",1999,76287452,72.575,1.999
"Viet Nam","VNM",2000,77154011,72.746,2.028
"Viet Nam","VNM",2001,77969361,72.984,2.023
"Viet Nam","VNM",2002,78772224,73.138,2.006
"Viet Nam","VNM",2003,79563777,73.236,1.999
"Viet Nam","VNM",2004,80338971,73.062,1.968
"Viet Nam","VNM",2005,81088313,73.198,1.887
"Viet Nam","VNM",2006,82167897,73.293,1.873
"Viet Nam","VNM",2007,83633375,73.385,1.911
"Viet Nam","VNM",2008,85175788,73.455,1.933
"Viet Nam","VNM",2009,86460018,73.525,1.92
"Viet Nam","VNM",2010,87455152,73.611,1.906
"Viet Nam","VNM",2011,88468314,73.713,1.927
"Viet Nam","VNM",2012,89510356,73.762,1.967
"Viet Nam","VNM",2013,90573104,73.821,1.98
"Viet Nam","VNM",2014,91679578,73.886,2.09
"Viet Nam","VNM",2015,92823254,73.955,2.1
"Viet Nam","VNM",2016,94000117,73.984,2
"Viet Nam","VNM",2017,95176977,74.026,1.985
"Viet Nam","VNM",2018,96237319,74.1,1.88
"Viet Nam","VNM",2019,97173776,74.211,1.943
"Viet Nam","VNM",2020,98079191,75.383,1.957
"Viet Nam","VNM",2021,98935098,74.145,1.942
"Viet Nam","VNM",2022,99680655,74.502,1.927
"Viet Nam","VNM",2023,100352192,74.588,1.913
"World","WLD",1960,3021512598,50.9418860745353,4.68612947945316
"World","WLD",1961,3062768116,52.7972301278289,4.56475472574651
"World","WLD",1962,3117372187,55.2860734026534,5.02406253709378
"World","WLD",1963,3184063049,55.6522285444853,5.31430470898607
"World","WLD",1964,3251253200,56.0966979719765,5.13081514120538
"World","WLD",1965,3318997522,55.926447643924,5.08093194731238
"World","WLD",1966,3389087189,56.4490075635882,4.96824850941136
"World","WLD",1967,3459015356,56.9037526493978,4.86580781697261
"World","WLD",1968,3530703561,57.3352975180805,4.97825772929304
"World","WLD",1969,3604815552,57.6800785564018,4.88003252839929
"World","WLD",1970,3680589045,57.9370058876749,4.84002925303769
"World","WLD",1971,3758613546,58.0244668517985,4.68936443294191
"World","WLD",1972,3834446322,58.8441211130805,4.54782350464613
"World","WLD",1973,3911068458,59.2960784406295,4.41717270704073
"World","WLD",1974,3987294240,59.6995632328215,4.25592776900705
"World","WLD",1975,4062070771,60.1304898805725,4.07351252962063
"World","WLD",1976,4135758539,60.4539569952357,3.96690791257671
"World","WLD",1977,4208958804,61.0411765312782,3.84198804720794
"World","WLD",1978,4283431043,61.3940866427936,3.77381897612466
"World","WLD",1979,4360056401,61.8407172981247,3.75640639104685
"World","WLD",1980,4437602892,62.1512081191639,3.73131942039854
"World","WLD",1981,4516926190,62.5165275005898,3.70557208491763
"World","WLD",1982,4599539241,62.8741022956614,3.72160021425981
"World","WLD",1983,4682924536,63.1311212956406,3.59480031460332
"World","WLD",1984,4766040300,63.4354202912027,3.56788194797433
"World","WLD",1985,4850740788,63.7248894859918,3.52964844274917
"World","WLD",1986,4937711562,64.1159967641844,3.51437325637263
"World","WLD",1987,5027030278,64.4571752738082,3.48258039588679
"World","WLD",1988,5117167006,64.6658654777791,3.39314531574198
"World","WLD",1989,5207654866,64.95702210046,3.34612386549902
"World","WLD",1990,5299246757,65.1079831133031,3.30678722501726
"World","WLD",1991,5388496229,65.3032697408837,3.12602592780501
"World","WLD",1992,5477123966,65.547051593159,3.03901010472102
"World","WLD",1993,5564778621,65.7420496995443,2.97156251908812
"World","WLD",1994,5650853178,65.9579138049276,2.91910113219286
"World","WLD",1995,5736505517,66.2002309386063,2.86595680117639
"World","WLD",1996,5822614627,66.5147981694736,2.81877812096175
"World","WLD",1997,5908466558,66.8302940905088,2.77886494332902
"World","WLD",1998,5994040064,67.0659534434212,2.74684521774943
"World","WLD",1999,6078404337,67.3114785085325,2.7213862857813
"World","WLD",2000,6161884811,67.6497257264509,2.72993367447802
"World","WLD",2001,6245112906,67.9443984335696,2.68857132229265
"World","WLD",2002,6327557399,68.230563704585,2.66013030477774
"World","WLD",2003,6409750441,68.5149610664907,2.63807688583646
"World","WLD",2004,6492769815,68.7702524523832,2.62802684604042
"World","WLD",2005,6575841506,69.1105758161451,2.61073450761972
"World","WLD",2006,6659977025,69.4681165505109,2.60628111157862
"World","WLD",2007,6744489399,69.8040978740415,2.60198840418013
"World","WLD",2008,6830513541,70.0034739280642,2.60338909222478
"World","WLD",2009,6916589116,70.3795251115458,2.59304109484737
"World","WLD",2010,7001266876,70.6818433466141,2.5681653452478
"World","WLD",2011,7087120034,70.9680134853525,2.5480532851205
"World","WLD",2012,7176929184,71.2637168591001,2.56448910818067
"World","WLD",2013,7265892332,71.5326006637734,2.52503927351859
"World","WLD",2014,7354068030,71.7754456060807,2.51757340695433
"World","WLD",2015,7441677465,71.9646261474589,2.4900575508378
"World","WLD",2016,7528879985,72.1847345079995,2.49142099814092
"World","WLD",2017,7614523410,72.3651515431591,2.45985817453245
"World","WLD",2018,7697233736,72.6433904952398,2.39176812517027
"World","WLD",2019,7778008621,72.8686568501624,2.35327354169831
"World","WLD",2020,7854748424,72.1819792006819,2.27641712252834
"World","WLD",2021,7920514854,71.2152192461602,2.24577248748034
"World","WLD",2022,7989545217,72.9682902550636,2.21522779577453
"World","WLD",2023,8064057930,73.3289501544845,2.19590911593139
"Yemen, Rep.","YEM",1960,5532301,33.462,7.988
"Yemen, Rep.","YEM",1961,5655232,34.058,8
"Yemen, Rep.","YEM",1962,5782221,33.669,8.01
"Yemen, Rep.","YEM",1963,5911135,33.431,8.028
"Yemen, Rep.","YEM",1964,6048006,34.907,8.071
"Yemen, Rep.","YEM",1965,6195593,35.592,8.101
"Yemen, Rep.","YEM",1966,6351494,36.264,8.142
"Yemen, Rep.","YEM",1967,6516444,37.079,8.174
"Yemen, Rep.","YEM",1968,6690524,37.99,8.191
"Yemen, Rep.","YEM",1969,6875859,39.61,8.216
"Yemen, Rep.","YEM",1970,7065279,40.573,8.234
"Yemen, Rep.","YEM",1971,7257462,41.757,8.26
"Yemen, Rep.","YEM",1972,7460068,42.688,8.273
"Yemen, Rep.","YEM",1973,7672796,43.603,8.29
"Yemen, Rep.","YEM",1974,7896783,44.541,8.326
"Yemen, Rep.","YEM",1975,8133598,45.475,8.373
"Yemen, Rep.","YEM",1976,8384113,46.441,8.423
"Yemen, Rep.","YEM",1977,8648222,47.442,8.466
"Yemen, Rep.","YEM",1978,8926586,48.484,8.501
"Yemen, Rep.","YEM",1979,9224194,49.531,8.671
"Yemen, Rep.","YEM",1980,9543358,50.608,8.71
"Yemen, Rep.","YEM",1981,9882362,51.679,8.752
"Yemen, Rep.","YEM",1982,10241006,52.367,8.793
"Yemen, Rep.","YEM",1983,10621499,53.618,8.828
"Yemen, Rep.","YEM",1984,11025597,54.586,8.853
"Yemen, Rep.","YEM",1985,11453825,55.418,8.864
"Yemen, Rep.","YEM",1986,11901040,54.002,8.858
"Yemen, Rep.","YEM",1987,12369912,56.828,8.833
"Yemen, Rep.","YEM",1988,12859708,57.43,8.786
"Yemen, Rep.","YEM",1989,13364174,58.025,8.713
"Yemen, Rep.","YEM",1990,13887862,58.528,8.606
"Yemen, Rep.","YEM",1991,14430201,58.805,8.459
"Yemen, Rep.","YEM",1992,14989494,59.26,8.272
"Yemen, Rep.","YEM",1993,15563914,59.655,8.048
"Yemen, Rep.","YEM",1994,16149147,59.828,7.795
"Yemen, Rep.","YEM",1995,16740058,60.532,7.525
"Yemen, Rep.","YEM",1996,17313177,60.884,7.004
"Yemen, Rep.","YEM",1997,17873936,61.34,6.82
"Yemen, Rep.","YEM",1998,18446013,61.788,6.639
"Yemen, Rep.","YEM",1999,19029420,62.275,6.489
"Yemen, Rep.","YEM",2000,19624141,62.761,6.317
"Yemen, Rep.","YEM",2001,20226147,63.286,6.143
"Yemen, Rep.","YEM",2002,20835086,63.807,5.971
"Yemen, Rep.","YEM",2003,21456379,64.407,5.839
"Yemen, Rep.","YEM",2004,22095167,64.881,5.712
"Yemen, Rep.","YEM",2005,22790085,65.356,5.563
"Yemen, Rep.","YEM",2006,23543083,65.8,5.412
"Yemen, Rep.","YEM",2007,24318082,66.23,5.261
"Yemen, Rep.","YEM",2008,25111941,66.609,5.113
"Yemen, Rep.","YEM",2009,25927724,66.905,5.004
"Yemen, Rep.","YEM",2010,26754387,67.223,4.81
"Yemen, Rep.","YEM",2011,27582897,67.412,4.63
"Yemen, Rep.","YEM",2012,28433647,67.569,4.633
"Yemen, Rep.","YEM",2013,29312952,67.961,4.623
"Yemen, Rep.","YEM",2014,30226309,68.003,4.62
"Yemen, Rep.","YEM",2015,31159379,66.761,4.617
"Yemen, Rep.","YEM",2016,32109010,67.105,4.613
"Yemen, Rep.","YEM",2017,33090921,67.12,4.61
"Yemen, Rep.","YEM",2018,34085182,65.915,4.607
"Yemen, Rep.","YEM",2019,35111408,66.567,4.603
"Yemen, Rep.","YEM",2020,36134863,66.435,4.6
"Yemen, Rep.","YEM",2021,37140230,66.019,4.597
"Yemen, Rep.","YEM",2022,38222876,67.952,4.593
"Yemen, Rep.","YEM",2023,39390799,69.295,4.59
"Zambia","ZMB",1960,3153729,50.648,6.947
"Zambia","ZMB",1961,3254086,51.041,6.982
"Zambia","ZMB",1962,3358099,51.331,7.012
"Zambia","ZMB",1963,3465907,51.605,7.06
"Zambia","ZMB",1964,3577017,51.17,7.085
"Zambia","ZMB",1965,3692086,52.079,7.116
"Zambia","ZMB",1966,3812003,52.29,7.138
"Zambia","ZMB",1967,3936343,52.512,7.154
"Zambia","ZMB",1968,4065593,52.719,7.18
"Zambia","ZMB",1969,4197116,53.044,7.18
"Zambia","ZMB",1970,4321718,53.404,7.224
"Zambia","ZMB",1971,4442525,53.887,7.26
"Zambia","ZMB",1972,4569309,54.375,7.3
"Zambia","ZMB",1973,4702693,54.913,7.339
"Zambia","ZMB",1974,4842746,55.377,7.364
"Zambia","ZMB",1975,4990086,55.742,7.421
"Zambia","ZMB",1976,5143842,56.102,7.388
"Zambia","ZMB",1977,5302480,56.281,7.353
"Zambia","ZMB",1978,5465374,56.335,7.294
"Zambia","ZMB",1979,5631728,56.05,7.222
"Zambia","ZMB",1980,5802833,55.496,7.139
"Zambia","ZMB",1981,5983289,54.986,7.073
"Zambia","ZMB",1982,6178637,54.361,7.039
"Zambia","ZMB",1983,6381038,53.674,7.007
"Zambia","ZMB",1984,6580490,52.877,6.974
"Zambia","ZMB",1985,6780953,52.001,6.928
"Zambia","ZMB",1986,6986471,51.149,6.868
"Zambia","ZMB",1987,7191282,50.421,6.798
"Zambia","ZMB",1988,7391440,49.674,6.703
"Zambia","ZMB",1989,7589216,48.882,6.635
"Zambia","ZMB",1990,7786169,48.204,6.567
"Zambia","ZMB",1991,7981650,47.443,6.458
"Zambia","ZMB",1992,8176680,46.968,6.349
"Zambia","ZMB",1993,8373921,46.678,6.298
"Zambia","ZMB",1994,8576269,46.344,6.26
"Zambia","ZMB",1995,8785763,46.051,6.232
"Zambia","ZMB",1996,9004053,45.757,6.182
"Zambia","ZMB",1997,9237063,45.743,6.124
"Zambia","ZMB",1998,9482408,45.709,6.067
"Zambia","ZMB",1999,9740005,45.924,5.998
"Zambia","ZMB",2000,10017631,46.577,5.921
"Zambia","ZMB",2001,10325185,47.408,5.848
"Zambia","ZMB",2002,10647949,48.461,5.774
"Zambia","ZMB",2003,10983595,49.616,5.71
"Zambia","ZMB",2004,11338198,50.54,5.698
"Zambia","ZMB",2005,11718819,51.615,5.697
"Zambia","ZMB",2006,12129553,52.693,5.679
"Zambia","ZMB",2007,12565085,53.73,5.613
"Zambia","ZMB",2008,13021324,54.835,5.53
"Zambia","ZMB",2009,13490389,55.886,5.453
"Zambia","ZMB",2010,13965594,56.896,5.359
"Zambia","ZMB",2011,14437796,57.843,5.256
"Zambia","ZMB",2012,14913629,58.704,5.136
"Zambia","ZMB",2013,15398997,59.445,5.014
"Zambia","ZMB",2014,15895315,60.109,4.89
"Zambia","ZMB",2015,16399089,60.728,4.775
"Zambia","ZMB",2016,16914423,61.129,4.669
"Zambia","ZMB",2017,17441320,61.564,4.567
"Zambia","ZMB",2018,17973569,62.138,4.492
"Zambia","ZMB",2019,18513839,62.914,4.418
"Zambia","ZMB",2020,19059395,63.361,4.323
"Zambia","ZMB",2021,19603607,62.363,4.246
"Zambia","ZMB",2022,20152938,65.279,4.175
"Zambia","ZMB",2023,20723965,66.349,4.101
"Zimbabwe","ZWE",1960,3809389,53.492,7.195
"Zimbabwe","ZWE",1961,3930401,53.966,7.212
"Zimbabwe","ZWE",1962,4055959,54.453,7.231
"Zimbabwe","ZWE",1963,4185877,54.942,7.23
"Zimbabwe","ZWE",1964,4320006,55.431,7.23
"Zimbabwe","ZWE",1965,4458462,55.905,7.231
"Zimbabwe","ZWE",1966,4601217,56.359,7.196
"Zimbabwe","ZWE",1967,4748307,56.766,7.157
"Zimbabwe","ZWE",1968,4900440,57.145,7.114
"Zimbabwe","ZWE",1969,5058181,57.481,7.036
"Zimbabwe","ZWE",1970,5215918,57.761,6.982
"Zimbabwe","ZWE",1971,5374712,57.996,6.939
"Zimbabwe","ZWE",1972,5542445,58.175,6.942
"Zimbabwe","ZWE",1973,5720404,58.087,6.942
"Zimbabwe","ZWE",1974,5908328,58.194,6.879
"Zimbabwe","ZWE",1975,6098658,58.249,6.832
"Zimbabwe","ZWE",1976,6287105,57.628,6.771
"Zimbabwe","ZWE",1977,6449512,56.996,6.713
"Zimbabwe","ZWE",1978,6543575,54.73,6.658
"Zimbabwe","ZWE",1979,6647556,54.918,6.59
"Zimbabwe","ZWE",1980,7041303,59.062,6.517
"Zimbabwe","ZWE",1981,7498635,59.446,6.445
"Zimbabwe","ZWE",1982,7796496,59.859,6.333
"Zimbabwe","ZWE",1983,8098404,59.989,6.197
"Zimbabwe","ZWE",1984,8391488,60.622,6.044
"Zimbabwe","ZWE",1985,8686813,60.901,5.871
"Zimbabwe","ZWE",1986,8982578,60.982,5.688
"Zimbabwe","ZWE",1987,9284644,60.724,5.5
"Zimbabwe","ZWE",1988,9583094,60.241,5.279
"Zimbabwe","ZWE",1989,9864798,59.446,5.073
"Zimbabwe","ZWE",1990,10137281,58.319,4.876
"Zimbabwe","ZWE",1991,10404816,57.037,4.715
"Zimbabwe","ZWE",1992,10702700,55.602,4.567
"Zimbabwe","ZWE",1993,10860288,53.976,4.391
"Zimbabwe","ZWE",1994,10873148,52.537,4.284
"Zimbabwe","ZWE",1995,10974599,51.144,4.153
"Zimbabwe","ZWE",1996,11158360,48.981,4.11
"Zimbabwe","ZWE",1997,11369827,48.536,4.075
"Zimbabwe","ZWE",1998,11594297,47.551,4.067
"Zimbabwe","ZWE",1999,11783458,46.379,4.056
"Zimbabwe","ZWE",2000,11892055,46.034,4.009
"Zimbabwe","ZWE",2001,11971901,44.525,3.983
"Zimbabwe","ZWE",2002,12087653,45.938,3.925
"Zimbabwe","ZWE",2003,12232323,45.373,3.862
"Zimbabwe","ZWE",2004,12365896,46.043,3.776
"Zimbabwe","ZWE",2005,12483432,46.57,3.693
"Zimbabwe","ZWE",2006,12636445,47.056,3.635
"Zimbabwe","ZWE",2007,12804058,47.576,3.677
"Zimbabwe","ZWE",2008,12959149,48.456,3.783
"Zimbabwe","ZWE",2009,13142790,49.75,3.95
"Zimbabwe","ZWE",2010,13356548,51.925,4.04
"Zimbabwe","ZWE",2011,13595424,53.911,4.126
"Zimbabwe","ZWE",2012,13817887,55.386,4.134
"Zimbabwe","ZWE",2013,14013808,56.842,4.111
"Zimbabwe","ZWE",2014,14207359,58.106,4.011
"Zimbabwe","ZWE",2015,14399013,58.989,3.911
"Zimbabwe","ZWE",2016,14600294,59.76,3.828
"Zimbabwe","ZWE",2017,14812482,60.263,3.768
"Zimbabwe","ZWE",2018,15034452,60.906,3.744
"Zimbabwe","ZWE",2019,15271368,61.06,3.748
"Zimbabwe","ZWE",2020,15526888,61.53,3.754
"Zimbabwe","ZWE",2021,15797210,60.135,3.765
"Zimbabwe","ZWE",2022,16069056,62.36,3.767
"Zimbabwe","ZWE",2023,16340822,62.775,3.724
